DATE,TASACBW027SBOG
1973-01-03,90.4460
1973-01-10,90.0960
1973-01-17,90.2150
1973-01-24,89.3620
1973-01-31,90.0110
1973-02-07,88.2570
1973-02-14,87.3380
1973-02-21,85.3930
1973-02-28,85.3270
1973-03-07,85.1180
1973-03-14,85.0850
1973-03-21,85.2300
1973-03-28,85.4150
1973-04-04,86.3370
1973-04-11,85.7620
1973-04-18,85.0970
1973-04-25,84.9980
1973-05-02,84.8200
1973-05-09,84.1850
1973-05-16,82.5800
1973-05-23,82.3260
1973-05-30,83.0130
1973-06-06,83.5000
1973-06-13,83.3140
1973-06-20,82.9690
1973-06-27,82.8950
1973-07-04,83.0120
1973-07-11,82.8240
1973-07-18,82.2760
1973-07-25,81.8890
1973-08-01,81.1970
1973-08-08,81.0280
1973-08-15,82.1640
1973-08-22,81.2290
1973-08-29,80.7590
1973-09-05,82.9180
1973-09-12,83.0530
1973-09-19,81.9670
1973-09-26,81.8100
1973-10-03,82.2590
1973-10-10,83.4670
1973-10-17,83.1960
1973-10-24,83.9710
1973-10-31,84.1860
1973-11-07,86.8890
1973-11-14,87.0650
1973-11-21,88.4600
1973-11-28,87.6200
1973-12-05,90.6740
1973-12-12,90.5740
1973-12-19,89.5510
1973-12-26,89.8650
1974-01-02,89.8250
1974-01-09,90.6340
1974-01-16,91.0310
1974-01-23,91.4380
1974-01-30,90.8170
1974-02-06,90.5340
1974-02-13,90.2360
1974-02-20,90.0830
1974-02-27,90.0110
1974-03-06,92.3130
1974-03-13,91.5000
1974-03-20,90.3300
1974-03-27,90.4290
1974-04-03,91.8730
1974-04-10,92.9940
1974-04-17,91.8740
1974-04-24,89.4240
1974-05-01,88.7760
1974-05-08,88.8030
1974-05-15,87.5120
1974-05-22,87.1580
1974-05-29,86.6800
1974-06-05,88.2240
1974-06-12,87.3940
1974-06-19,87.0030
1974-06-26,85.5410
1974-07-03,85.0640
1974-07-10,84.2730
1974-07-17,83.7740
1974-07-24,83.2980
1974-07-31,84.6970
1974-08-07,85.8630
1974-08-14,85.5390
1974-08-21,84.1450
1974-08-28,84.3720
1974-09-04,84.4440
1974-09-11,85.2840
1974-09-18,83.8710
1974-09-25,82.4300
1974-10-02,81.5260
1974-10-09,81.9270
1974-10-16,82.6110
1974-10-23,82.3570
1974-10-30,82.6870
1974-11-06,84.8580
1974-11-13,85.3260
1974-11-20,86.0310
1974-11-27,84.9820
1974-12-04,86.6650
1974-12-11,87.8470
1974-12-18,88.6500
1974-12-25,88.4330
1975-01-01,88.7050
1975-01-08,89.7400
1975-01-15,88.9570
1975-01-22,87.5630
1975-01-29,86.2210
1975-02-05,86.5050
1975-02-12,86.4970
1975-02-19,88.1190
1975-02-26,86.9440
1975-03-05,90.5890
1975-03-12,91.2250
1975-03-19,92.1220
1975-03-26,93.3880
1975-04-02,95.0410
1975-04-09,97.8780
1975-04-16,98.1760
1975-04-23,96.6790
1975-04-30,98.1480
1975-05-07,99.0680
1975-05-14,99.0770
1975-05-21,98.7730
1975-05-28,99.6330
1975-06-04,100.1810
1975-06-11,103.1010
1975-06-18,103.7590
1975-06-25,101.9300
1975-07-02,102.9890
1975-07-09,103.7650
1975-07-16,103.5440
1975-07-23,103.6010
1975-07-30,103.8830
1975-08-06,104.8840
1975-08-13,105.9830
1975-08-20,106.1620
1975-08-27,106.7780
1975-09-03,108.8420
1975-09-10,110.6140
1975-09-17,110.7250
1975-09-24,110.5870
1975-10-01,111.0850
1975-10-08,111.4330
1975-10-15,110.1220
1975-10-22,111.2480
1975-10-29,110.1360
1975-11-05,113.5270
1975-11-12,112.9930
1975-11-19,113.6700
1975-11-26,114.4630
1975-12-03,114.9150
1975-12-10,117.0540
1975-12-17,119.1210
1975-12-24,117.6940
1975-12-31,120.0610
1976-01-07,119.0780
1976-01-14,120.2930
1976-01-21,118.6120
1976-01-28,119.7430
1976-02-04,120.1770
1976-02-11,120.0090
1976-02-18,121.4360
1976-02-25,120.2140
1976-03-03,121.5180
1976-03-10,121.7940
1976-03-17,124.8740
1976-03-24,124.7290
1976-03-31,125.1820
1976-04-07,129.1080
1976-04-14,129.5250
1976-04-21,129.0940
1976-04-28,125.9150
1976-05-05,126.5500
1976-05-12,126.6560
1976-05-19,127.1500
1976-05-26,125.7330
1976-06-02,127.6030
1976-06-09,126.9720
1976-06-16,126.8990
1976-06-23,125.0690
1976-06-30,126.1640
1976-07-07,124.0460
1976-07-14,124.8140
1976-07-21,124.0470
1976-07-28,123.6310
1976-08-04,126.1550
1976-08-11,125.4350
1976-08-18,126.8610
1976-08-25,126.5150
1976-09-01,126.3120
1976-09-08,125.6170
1976-09-15,127.3980
1976-09-22,127.7920
1976-09-29,127.5850
1976-10-06,127.7990
1976-10-13,128.9380
1976-10-20,128.0280
1976-10-27,128.5010
1976-11-03,128.6790
1976-11-10,129.3270
1976-11-17,133.3370
1976-11-24,133.1830
1976-12-01,133.7150
1976-12-08,135.5010
1976-12-15,138.1160
1976-12-22,137.8470
1976-12-29,139.0140
1977-01-05,138.4760
1977-01-12,139.3930
1977-01-19,139.0590
1977-01-26,136.9900
1977-02-02,136.4930
1977-02-09,137.7000
1977-02-16,139.6130
1977-02-23,139.0870
1977-03-02,141.0960
1977-03-09,142.7020
1977-03-16,143.1650
1977-03-23,142.2770
1977-03-30,141.7640
1977-04-06,144.5080
1977-04-13,143.1280
1977-04-20,143.3730
1977-04-27,139.7030
1977-05-04,140.1050
1977-05-11,140.6530
1977-05-18,139.6400
1977-05-25,138.5110
1977-06-01,138.3880
1977-06-08,140.5200
1977-06-15,141.8460
1977-06-22,139.4370
1977-06-29,137.8830
1977-07-06,136.9830
1977-07-13,137.3400
1977-07-20,137.4120
1977-07-27,135.8900
1977-08-03,136.5180
1977-08-10,135.4880
1977-08-17,137.3140
1977-08-24,136.5200
1977-08-31,135.7570
1977-09-07,137.8740
1977-09-14,136.5640
1977-09-21,136.3360
1977-09-28,134.9380
1977-10-05,133.6820
1977-10-12,132.9790
1977-10-19,134.9950
1977-10-26,134.3990
1977-11-02,133.7860
1977-11-09,134.0760
1977-11-16,135.4690
1977-11-23,135.1260
1977-11-30,135.2900
1977-12-07,137.4870
1977-12-14,137.5850
1977-12-21,137.7030
1977-12-28,137.3410
1978-01-04,137.3180
1978-01-11,136.7730
1978-01-18,136.3440
1978-01-25,135.6590
1978-02-01,137.4080
1978-02-08,137.1640
1978-02-15,139.0580
1978-02-22,138.7960
1978-03-01,138.9960
1978-03-08,141.8110
1978-03-15,141.3830
1978-03-22,139.3570
1978-03-29,138.6270
1978-04-05,142.3200
1978-04-12,143.3440
1978-04-19,142.5880
1978-04-26,140.8170
1978-05-03,140.6580
1978-05-10,140.8030
1978-05-17,137.7570
1978-05-24,137.3170
1978-05-31,137.6850
1978-06-07,139.4270
1978-06-14,140.0350
1978-06-21,139.5600
1978-06-28,137.6280
1978-07-05,137.5600
1978-07-12,137.5960
1978-07-19,137.7280
1978-07-26,137.7900
1978-08-02,137.8020
1978-08-09,137.3100
1978-08-16,138.0650
1978-08-23,137.9200
1978-08-30,137.2150
1978-09-06,138.9320
1978-09-13,138.8960
1978-09-20,139.8670
1978-09-27,138.7190
1978-10-04,138.9230
1978-10-11,138.3740
1978-10-18,137.9570
1978-10-25,137.8700
1978-11-01,137.5240
1978-11-08,137.7890
1978-11-15,139.3500
1978-11-22,138.1470
1978-11-29,138.0050
1978-12-06,137.8040
1978-12-13,138.5370
1978-12-20,138.7590
1978-12-27,139.2730
1979-01-03,136.5342
1979-01-10,136.6592
1979-01-17,136.8893
1979-01-24,137.5004
1979-01-31,136.1021
1979-02-07,135.8288
1979-02-14,136.0274
1979-02-21,136.9521
1979-02-28,136.2164
1979-03-07,136.8337
1979-03-14,137.4793
1979-03-21,139.0776
1979-03-28,138.5383
1979-04-04,140.5431
1979-04-11,140.0865
1979-04-18,140.8504
1979-04-25,139.9927
1979-05-02,138.9757
1979-05-09,139.8626
1979-05-16,140.5490
1979-05-23,140.5426
1979-05-30,140.1593
1979-06-06,140.7981
1979-06-13,141.0557
1979-06-20,140.4404
1979-06-27,139.6477
1979-07-04,139.9723
1979-07-11,140.9001
1979-07-18,140.8337
1979-07-25,141.3153
1979-08-01,140.2929
1979-08-08,139.3607
1979-08-15,140.2320
1979-08-22,140.1814
1979-08-29,140.7194
1979-09-05,141.9946
1979-09-12,142.9243
1979-09-19,142.7443
1979-09-26,143.6604
1979-10-03,141.0474
1979-10-10,143.8803
1979-10-17,144.3003
1979-10-24,144.6274
1979-10-31,144.1366
1979-11-07,143.7500
1979-11-14,145.3641
1979-11-21,145.0266
1979-11-28,145.5201
1979-12-05,145.4374
1979-12-12,146.5845
1979-12-19,146.5877
1979-12-26,146.5018
1980-01-02,144.6050
1980-01-09,144.3137
1980-01-16,144.3006
1980-01-23,144.8856
1980-01-30,144.9293
1980-02-06,145.7462
1980-02-13,146.4872
1980-02-20,147.0016
1980-02-27,147.3207
1980-03-05,148.8881
1980-03-12,148.8129
1980-03-19,147.9400
1980-03-26,149.3473
1980-04-02,146.2912
1980-04-09,148.0400
1980-04-16,148.1878
1980-04-23,148.1315
1980-04-30,149.1063
1980-05-07,148.0605
1980-05-14,148.1143
1980-05-21,150.8582
1980-05-28,151.1932
1980-06-04,151.1948
1980-06-11,151.3767
1980-06-18,151.0456
1980-06-25,153.8858
1980-07-02,153.9404
1980-07-09,154.3050
1980-07-16,155.7543
1980-07-23,156.8095
1980-07-30,157.1471
1980-08-06,159.1923
1980-08-13,158.8923
1980-08-20,161.3883
1980-08-27,161.7776
1980-09-03,163.5578
1980-09-10,161.6439
1980-09-17,163.5768
1980-09-24,163.6417
1980-10-01,165.6368
1980-10-08,164.1703
1980-10-15,164.6727
1980-10-22,165.4157
1980-10-29,165.3749
1980-11-05,167.9528
1980-11-12,169.0401
1980-11-19,169.6141
1980-11-26,170.5038
1980-12-03,169.8002
1980-12-10,170.7909
1980-12-17,171.2986
1980-12-24,171.3338
1980-12-31,173.2668
1981-01-07,172.9480
1981-01-14,174.3007
1981-01-21,174.7157
1981-01-28,173.9255
1981-02-04,175.0212
1981-02-11,174.7893
1981-02-18,174.6494
1981-02-25,175.7826
1981-03-04,176.3685
1981-03-11,175.9291
1981-03-18,176.0539
1981-03-25,174.1257
1981-04-01,178.1232
1981-04-08,177.1539
1981-04-15,176.9746
1981-04-22,179.0164
1981-04-29,179.3478
1981-05-06,180.1397
1981-05-13,180.9097
1981-05-20,179.4206
1981-05-27,179.4953
1981-06-03,181.2334
1981-06-10,182.5610
1981-06-17,183.2088
1981-06-24,181.6940
1981-07-01,179.2777
1981-07-08,181.1576
1981-07-15,181.8928
1981-07-22,181.0605
1981-07-29,182.4313
1981-08-05,182.7446
1981-08-12,182.4094
1981-08-19,180.7211
1981-08-26,181.6627
1981-09-02,180.1876
1981-09-09,180.3296
1981-09-16,181.5532
1981-09-23,181.2843
1981-09-30,181.7641
1981-10-07,181.3875
1981-10-14,180.2766
1981-10-21,180.7821
1981-10-28,181.8473
1981-11-04,179.7392
1981-11-11,178.5582
1981-11-18,177.0676
1981-11-25,177.8701
1981-12-02,177.5518
1981-12-09,179.0265
1981-12-16,179.1813
1981-12-23,180.2798
1981-12-30,181.5073
1982-01-06,178.7023
1982-01-13,180.4908
1982-01-20,181.8590
1982-01-27,182.5029
1982-02-03,181.7586
1982-02-10,182.8598
1982-02-17,183.7254
1982-02-24,182.8293
1982-03-03,181.1109
1982-03-10,179.4753
1982-03-17,182.1834
1982-03-24,182.1743
1982-03-31,184.8840
1982-04-07,187.9466
1982-04-14,185.7862
1982-04-21,186.2028
1982-04-28,184.3768
1982-05-05,185.6391
1982-05-12,186.3628
1982-05-19,185.3762
1982-05-26,183.9439
1982-06-02,183.2971
1982-06-09,185.2498
1982-06-16,185.8714
1982-06-23,187.3872
1982-06-30,189.7034
1982-07-07,187.2138
1982-07-14,187.3952
1982-07-21,187.3422
1982-07-28,189.1823
1982-08-04,188.8643
1982-08-11,190.9705
1982-08-18,189.6394
1982-08-25,189.7795
1982-09-01,189.4447
1982-09-08,191.0363
1982-09-15,193.1732
1982-09-22,192.8915
1982-09-29,194.3238
1982-10-06,194.8680
1982-10-13,196.1680
1982-10-20,196.8113
1982-10-27,197.5354
1982-11-03,197.4584
1982-11-10,198.5115
1982-11-17,197.8206
1982-11-24,199.0286
1982-12-01,200.2468
1982-12-08,200.8251
1982-12-15,200.3317
1982-12-22,203.0850
1982-12-29,204.0724
1983-01-05,208.7487
1983-01-12,207.9440
1983-01-19,206.5003
1983-01-26,208.3619
1983-02-02,211.4326
1983-02-09,212.2375
1983-02-16,213.8506
1983-02-23,212.9853
1983-03-02,215.8083
1983-03-09,219.9411
1983-03-16,220.9877
1983-03-23,222.7196
1983-03-30,223.9235
1983-04-06,227.9623
1983-04-13,228.2751
1983-04-20,228.8199
1983-04-27,229.5724
1983-05-04,231.1076
1983-05-11,233.2987
1983-05-18,235.8263
1983-05-25,237.4445
1983-06-01,240.2586
1983-06-08,242.1688
1983-06-15,243.1592
1983-06-22,243.6538
1983-06-29,244.3334
1983-07-06,246.4424
1983-07-13,242.3779
1983-07-20,244.2567
1983-07-27,242.2377
1983-08-03,242.8387
1983-08-10,241.5067
1983-08-17,243.6811
1983-08-24,244.8407
1983-08-31,244.7909
1983-09-07,246.2063
1983-09-14,248.0681
1983-09-21,247.7289
1983-09-28,249.9688
1983-10-05,254.3350
1983-10-12,253.1280
1983-10-19,255.0163
1983-10-26,256.4216
1983-11-02,256.1288
1983-11-09,257.7334
1983-11-16,259.1653
1983-11-23,258.6979
1983-11-30,257.7749
1983-12-07,260.9845
1983-12-14,261.5924
1983-12-21,260.2159
1983-12-28,258.7454
1984-01-04,260.1507
1984-01-11,258.1108
1984-01-18,257.6679
1984-01-25,256.8843
1984-02-01,257.1925
1984-02-08,257.7710
1984-02-15,259.7697
1984-02-22,256.7162
1984-02-29,259.3784
1984-03-07,257.7852
1984-03-14,261.4911
1984-03-21,260.6688
1984-03-28,260.9031
1984-04-04,260.9547
1984-04-11,259.0326
1984-04-18,260.7077
1984-04-25,261.8773
1984-05-02,260.1289
1984-05-09,259.5486
1984-05-16,258.8042
1984-05-23,259.0944
1984-05-30,261.0416
1984-06-06,258.8091
1984-06-13,259.5177
1984-06-20,259.0892
1984-06-27,261.0819
1984-07-04,259.3967
1984-07-11,260.8227
1984-07-18,257.9802
1984-07-25,258.7682
1984-08-01,257.1646
1984-08-08,257.7983
1984-08-15,257.2373
1984-08-22,258.3121
1984-08-29,259.0028
1984-09-05,257.0482
1984-09-12,258.4475
1984-09-19,258.6008
1984-09-26,260.0085
1984-10-03,257.2009
1984-10-10,258.2401
1984-10-17,258.9831
1984-10-24,256.9240
1984-10-31,259.7670
1984-11-07,258.3613
1984-11-14,258.4850
1984-11-21,257.7328
1984-11-28,258.4876
1984-12-05,259.2947
1984-12-12,260.1942
1984-12-19,259.9521
1984-12-26,262.0315
1985-01-02,257.4545
1985-01-09,259.5271
1985-01-16,259.4121
1985-01-23,260.1616
1985-01-30,261.2334
1985-02-06,264.6072
1985-02-13,264.9116
1985-02-20,264.9856
1985-02-27,265.9930
1985-03-06,268.2151
1985-03-13,269.4951
1985-03-20,268.6066
1985-03-27,267.8777
1985-04-03,274.6505
1985-04-10,269.9339
1985-04-17,270.4604
1985-04-24,271.677
1985-05-01,268.6754
1985-05-08,271.5767
1985-05-15,273.1862
1985-05-22,275.1538
1985-05-29,273.4266
1985-06-05,274.6199
1985-06-12,276.1544
1985-06-19,277.7391
1985-06-26,279.5331
1985-07-03,279.3983
1985-07-10,277.7531
1985-07-17,273.8337
1985-07-24,273.709
1985-07-31,271.7197
1985-08-07,270.1989
1985-08-14,272.1786
1985-08-21,271.546
1985-08-28,272.1846
1985-09-04,270.5401
1985-09-11,271.8393
1985-09-18,271.0122
1985-09-25,273.6346
1985-10-02,270.8009
1985-10-09,270.9011
1985-10-16,269.615
1985-10-23,268.0675
1985-10-30,265.9086
1985-11-06,268.028
1985-11-13,265.9648
1985-11-20,265.0498
1985-11-27,265.7046
1985-12-04,261.755
1985-12-11,260.9884
1985-12-18,263.5974
1985-12-25,263.3596
1986-01-01,265.6561
1986-01-08,264.4932
1986-01-15,266.1403
1986-01-22,266.1531
1986-01-29,267.9431
1986-02-05,269.109
1986-02-12,269.8434
1986-02-19,270.0057
1986-02-26,271.7697
1986-03-05,268.7343
1986-03-12,269.3671
1986-03-19,268.6244
1986-03-26,270.8363
1986-04-02,270.0553
1986-04-09,274.1096
1986-04-16,273.2847
1986-04-23,273.4264
1986-04-30,275.7893
1986-05-07,276.0993
1986-05-14,277.481
1986-05-21,276.3353
1986-05-28,278.6707
1986-06-04,278.7266
1986-06-11,278.8701
1986-06-18,278.7623
1986-06-25,281.78
1986-07-02,282.187
1986-07-09,282.7605
1986-07-16,286.9567
1986-07-23,288.9136
1986-07-30,288.2795
1986-08-06,289.7196
1986-08-13,288.2245
1986-08-20,288.0086
1986-08-27,292.1203
1986-09-03,292.7511
1986-09-10,292.8649
1986-09-17,294.3724
1986-09-24,292.9978
1986-10-01,294.9083
1986-10-08,294.9178
1986-10-15,294.6185
1986-10-22,295.6433
1986-10-29,299.6797
1986-11-05,299.4208
1986-11-12,301.1586
1986-11-19,300.5478
1986-11-26,303.5255
1986-12-03,305.6385
1986-12-10,307.492
1986-12-17,306.058
1986-12-24,311.7963
1986-12-31,312.4024
1987-01-07,313.8809
1987-01-14,312.9714
1987-01-21,312.0623
1987-01-28,313.2849
1987-02-04,312.9521
1987-02-11,313.0155
1987-02-18,313.2929
1987-02-25,314.0111
1987-03-04,312.7462
1987-03-11,313.2961
1987-03-18,312.8608
1987-03-25,314.5325
1987-04-01,315.2788
1987-04-08,314.8398
1987-04-15,316.6149
1987-04-22,317.5173
1987-04-29,319.0308
1987-05-06,318.4781
1987-05-13,318.0046
1987-05-20,318.295
1987-05-27,320.9678
1987-06-03,320.2262
1987-06-10,320.2107
1987-06-17,319.844
1987-06-24,319.3275
1987-07-01,318.5388
1987-07-08,320.9846
1987-07-15,322.3263
1987-07-22,322.457
1987-07-29,323.2792
1987-08-05,327.2114
1987-08-12,326.6852
1987-08-19,326.6947
1987-08-26,326.6982
1987-09-02,325.6685
1987-09-09,328.5583
1987-09-16,328.5467
1987-09-23,331.1771
1987-09-30,331.0077
1987-10-07,328.4318
1987-10-14,328.9724
1987-10-21,330.6982
1987-10-28,331.4912
1987-11-04,330.6317
1987-11-11,330.4495
1987-11-18,331.5792
1987-11-25,332.7072
1987-12-02,331.3001
1987-12-09,333.1186
1987-12-16,334.3074
1987-12-23,335.8374
1987-12-30,338.5019
1988-01-06,335.1142
1988-01-13,334.5237
1988-01-20,334.8888
1988-01-27,336.1286
1988-02-03,335.6737
1988-02-10,336.1199
1988-02-17,335.9399
1988-02-24,335.5517
1988-03-02,334.7145
1988-03-09,335.6193
1988-03-16,336.7027
1988-03-23,336.7941
1988-03-30,338.2233
1988-04-06,338.4131
1988-04-13,339.8271
1988-04-20,343.8348
1988-04-27,343.3992
1988-05-04,342.6527
1988-05-11,344.5993
1988-05-18,342.6189
1988-05-25,346.9265
1988-06-01,346.0501
1988-06-08,349.0299
1988-06-15,351.5888
1988-06-22,349.4273
1988-06-29,350.6015
1988-07-06,348.3094
1988-07-13,347.8668
1988-07-20,348.3437
1988-07-27,350.6082
1988-08-03,352.1196
1988-08-10,349.6049
1988-08-17,349.4207
1988-08-24,351.292
1988-08-31,350.6266
1988-09-07,348.7876
1988-09-14,350.2565
1988-09-21,351.4466
1988-09-28,353.9846
1988-10-05,351.8269
1988-10-12,352.9137
1988-10-19,352.225
1988-10-26,354.8048
1988-11-02,352.3256
1988-11-09,352.5372
1988-11-16,356.9541
1988-11-23,357.2126
1988-11-30,357.8465
1988-12-07,357.6622
1988-12-14,358.7511
1988-12-21,360.2604
1988-12-28,361.5198
1989-01-04,359.7332
1989-01-11,361.2785
1989-01-18,362.231
1989-01-25,363.4171
1989-02-01,361.7315
1989-02-08,362.6961
1989-02-15,365.3264
1989-02-22,363.7478
1989-03-01,364.5607
1989-03-08,364.7565
1989-03-15,367.6042
1989-03-22,370.1656
1989-03-29,373.8454
1989-04-05,372.8725
1989-04-12,372.7655
1989-04-19,375.3407
1989-04-26,376.2551
1989-05-03,375.7685
1989-05-10,376.4499
1989-05-17,377.221
1989-05-24,380.8335
1989-05-31,379.1024
1989-06-07,377.2617
1989-06-14,378.1402
1989-06-21,380.8961
1989-06-28,384.3121
1989-07-05,383.5811
1989-07-12,382.889
1989-07-19,381.0149
1989-07-26,383.2796
1989-08-02,379.6543
1989-08-09,383.6532
1989-08-16,384.1513
1989-08-23,386.4438
1989-08-30,385.5993
1989-09-06,383.5903
1989-09-13,383.7469
1989-09-20,385.4799
1989-09-27,387.225
1989-10-04,385.8025
1989-10-11,388.733
1989-10-18,392.7479
1989-10-25,394.7976
1989-11-01,396.5531
1989-11-08,395.7158
1989-11-15,397.2041
1989-11-22,397.3446
1989-11-29,396.7432
1989-12-06,399.1128
1989-12-13,402.7822
1989-12-20,400.6617
1989-12-27,400.1036
1990-01-03,402.3883
1990-01-10,407.1875
1990-01-17,409.1207
1990-01-24,414.421
1990-01-31,418.0488
1990-02-07,418.7222
1990-02-14,420.1572
1990-02-21,421.8714
1990-02-28,423.4004
1990-03-07,423.7729
1990-03-14,425.2669
1990-03-21,425.8315
1990-03-28,426.3876
1990-04-04,427.0566
1990-04-11,428.3031
1990-04-18,430.6375
1990-04-25,433.5946
1990-05-02,434.2324
1990-05-09,432.0731
1990-05-16,433.524
1990-05-23,437.4131
1990-05-30,437.9515
1990-06-06,440.903
1990-06-13,442.8682
1990-06-20,445.6345
1990-06-27,445.5839
1990-07-04,444.8868
1990-07-11,447.1373
1990-07-18,449.2746
1990-07-25,449.2769
1990-08-01,448.4863
1990-08-08,447.649
1990-08-15,449.8077
1990-08-22,449.611
1990-08-29,453.2578
1990-09-05,451.9123
1990-09-12,452.6968
1990-09-19,456.4171
1990-09-26,452.984
1990-10-03,453.3527
1990-10-10,454.9843
1990-10-17,456.2699
1990-10-24,456.3934
1990-10-31,458.2483
1990-11-07,458.3199
1990-11-14,458.1588
1990-11-21,458.4009
1990-11-28,457.374
1990-12-05,456.473
1990-12-12,460.1261
1990-12-19,459.7965
1990-12-26,463.7777
1991-01-02,459.0374
1991-01-09,461.3511
1991-01-16,462.0316
1991-01-23,466.2016
1991-01-30,465.336
1991-02-06,464.6385
1991-02-13,467.0603
1991-02-20,467.3336
1991-02-27,468.1678
1991-03-06,471.6769
1991-03-13,473.2144
1991-03-20,477.372
1991-03-27,476.4731
1991-04-03,480.295
1991-04-10,478.0351
1991-04-17,479.6766
1991-04-24,481.3995
1991-05-01,483.6796
1991-05-08,483.6138
1991-05-15,486.6434
1991-05-22,487.9057
1991-05-29,488.0814
1991-06-05,488.2623
1991-06-12,493.4685
1991-06-19,493.133
1991-06-26,498.3281
1991-07-03,499.325
1991-07-10,502.4152
1991-07-17,503.376
1991-07-24,505.6735
1991-07-31,509.0342
1991-08-07,509.1187
1991-08-14,510.84
1991-08-21,513.8276
1991-08-28,514.4822
1991-09-04,517.6936
1991-09-11,521.7786
1991-09-18,523.4873
1991-09-25,525.186
1991-10-02,531.1352
1991-10-09,534.4019
1991-10-16,536.3472
1991-10-23,540.1244
1991-10-30,544.0284
1991-11-06,546.6299
1991-11-13,551.0191
1991-11-20,551.7435
1991-11-27,555.8926
1991-12-04,556.2824
1991-12-11,559.7634
1991-12-18,561.7945
1991-12-25,567.1575
1992-01-01,568.7771
1992-01-08,569.6645
1992-01-15,571.0106
1992-01-22,572.7289
1992-01-29,573.3159
1992-02-05,580.6003
1992-02-12,579.5208
1992-02-19,580.6017
1992-02-26,580.7965
1992-03-04,583.8752
1992-03-11,586.2583
1992-03-18,586.2439
1992-03-25,591.8167
1992-04-01,587.5354
1992-04-08,590.3502
1992-04-15,596.0925
1992-04-22,596.3414
1992-04-29,593.8088
1992-05-06,600.924
1992-05-13,605.4994
1992-05-20,601.4225
1992-05-27,605.2027
1992-06-03,606.1022
1992-06-10,610.1463
1992-06-17,610.778
1992-06-24,616.6303
1992-07-01,617.773
1992-07-08,620.4974
1992-07-15,623.6787
1992-07-22,628.3105
1992-07-29,624.472
1992-08-05,633.2731
1992-08-12,635.4907
1992-08-19,635.3232
1992-08-26,637.032
1992-09-02,638.2556
1992-09-09,639.2389
1992-09-16,637.7713
1992-09-23,641.7038
1992-09-30,648.3737
1992-10-07,646.169
1992-10-14,648.0466
1992-10-21,648.4297
1992-10-28,647.4332
1992-11-04,650.6454
1992-11-11,655.3532
1992-11-18,656.4805
1992-11-25,658.9529
1992-12-02,662.3361
1992-12-09,662.469
1992-12-16,662.8543
1992-12-23,667.0035
1992-12-30,671.6199
1993-01-06,665.9692
1993-01-13,666.3086
1993-01-20,664.2372
1993-01-27,664.6033
1993-02-03,675.4111
1993-02-10,672.3142
1993-02-17,674.457
1993-02-24,675.7779
1993-03-03,677.0548
1993-03-10,680.1546
1993-03-17,685.4284
1993-03-24,686.869
1993-03-31,691.0157
1993-04-07,689.785
1993-04-14,691.8324
1993-04-21,694.4816
1993-04-28,696.0895
1993-05-05,695.9633
1993-05-12,695.2274
1993-05-19,694.4718
1993-05-26,694.8671
1993-06-02,702.4319
1993-06-09,704.1532
1993-06-16,705.0799
1993-06-23,709.2765
1993-06-30,707.252
1993-07-07,713.0442
1993-07-14,714.2012
1993-07-21,716.0909
1993-07-28,713.2631
1993-08-04,719.6147
1993-08-11,717.1311
1993-08-18,719.5629
1993-08-25,714.6492
1993-09-01,713.5502
1993-09-08,717.5207
1993-09-15,721.2485
1993-09-22,724.2641
1993-09-29,719.095
1993-10-06,717.9199
1993-10-13,719.4419
1993-10-20,717.4884
1993-10-27,715.7538
1993-11-03,718.498
1993-11-10,724.6343
1993-11-17,718.8913
1993-11-24,720.419
1993-12-01,722.5838
1993-12-08,725.9375
1993-12-15,727.6532
1993-12-22,731.2951
1993-12-29,732.3246
1994-01-05,739.2893
1994-01-12,739.2093
1994-01-19,737.4453
1994-01-26,732.3292
1994-02-02,729.8659
1994-02-09,729.5163
1994-02-16,731.4542
1994-02-23,730.1113
1994-03-02,736.0829
1994-03-09,742.0112
1994-03-16,742.6667
1994-03-23,747.4611
1994-03-30,750.6574
1994-04-06,754.7284
1994-04-13,754.5283
1994-04-20,752.4687
1994-04-27,748.851
1994-05-04,745.6152
1994-05-11,747.1427
1994-05-18,743.9446
1994-05-25,743.2065
1994-06-01,741.3702
1994-06-08,740.9682
1994-06-15,748.1922
1994-06-22,747.5762
1994-06-29,749.7469
1994-07-06,753.6274
1994-07-13,753.1495
1994-07-20,748.6188
1994-07-27,748.8362
1994-08-03,742.7805
1994-08-10,743.4558
1994-08-17,743.7836
1994-08-24,743.2318
1994-08-31,743.1371
1994-09-07,739.3651
1994-09-14,745.6263
1994-09-21,742.6768
1994-09-28,736.4595
1994-10-05,730.6041
1994-10-12,731.4418
1994-10-19,731.5604
1994-10-26,729.4151
1994-11-02,728.0278
1994-11-09,722.2843
1994-11-16,723.8857
1994-11-23,719.5773
1994-11-30,719.7825
1994-12-07,718.978
1994-12-14,722.0756
1994-12-21,721.325
1994-12-28,722.3133
1995-01-04,721.366
1995-01-11,724.5779
1995-01-18,723.8792
1995-01-25,722.9161
1995-02-01,718.658
1995-02-08,717.7425
1995-02-15,714.7028
1995-02-22,713.5013
1995-03-01,710.1498
1995-03-08,708.0719
1995-03-15,712.4577
1995-03-22,706.2001
1995-03-29,704.1287
1995-04-05,702.9189
1995-04-12,703.4361
1995-04-19,706.392
1995-04-26,705.3545
1995-05-03,702.2829
1995-05-10,703.4362
1995-05-17,702.3422
1995-05-24,706.8772
1995-05-31,704.2089
1995-06-07,701.7427
1995-06-14,704.5011
1995-06-21,705.4481
1995-06-28,702.2151
1995-07-05,700.36
1995-07-12,702.4954
1995-07-19,703.5881
1995-07-26,703.2606
1995-08-02,700.3181
1995-08-09,705.5433
1995-08-16,707.7308
1995-08-23,711.1403
1995-08-30,707.0775
1995-09-06,703.3469
1995-09-13,708.5921
1995-09-20,708.9366
1995-09-27,709.3302
1995-10-04,708.731
1995-10-11,708.2066
1995-10-18,706.5614
1995-10-25,709.7219
1995-11-01,707.1424
1995-11-08,707.0515
1995-11-15,708.2509
1995-11-22,709.6511
1995-11-29,705.2937
1995-12-06,703.5633
1995-12-13,708.25
1995-12-20,708.2508
1995-12-27,704.712
1996-01-03,700.496
1996-01-10,701.9632
1996-01-17,700.3905
1996-01-24,700.6655
1996-01-31,698.1247
1996-02-07,703.4959
1996-02-14,704.9111
1996-02-21,706.8702
1996-02-28,709.1928
1996-03-06,697.1827
1996-03-13,702.9196
1996-03-20,703.5384
1996-03-27,702.5528
1996-04-03,692.6638
1996-04-10,699.1067
1996-04-17,699.7383
1996-04-24,699.7332
1996-05-01,697.506
1996-05-08,705.3299
1996-05-15,703.1599
1996-05-22,701.6712
1996-05-29,697.2863
1996-06-05,694.8142
1996-06-12,699.5109
1996-06-19,700.9535
1996-06-26,703.8138
1996-07-03,700.2282
1996-07-10,704.9709
1996-07-17,700.5084
1996-07-24,702.9717
1996-07-31,695.2532
1996-08-07,700.822
1996-08-14,704.1424
1996-08-21,696.7893
1996-08-28,695.7523
1996-09-04,695.6474
1996-09-11,700.2982
1996-09-18,697.6668
1996-09-25,703.1385
1996-10-02,700.7324
1996-10-09,698.136
1996-10-16,701.7339
1996-10-23,694.4434
1996-10-30,698.2381
1996-11-06,700.1283
1996-11-13,700.4582
1996-11-20,700.3716
1996-11-27,701.7849
1996-12-04,699.5496
1996-12-11,701.2432
1996-12-18,700.3708
1996-12-25,699.5081
1997-01-01,697.0518
1997-01-08,702.6653
1997-01-15,695.7111
1997-01-22,702.2757
1997-01-29,703.2479
1997-02-05,698.1614
1997-02-12,699.6018
1997-02-19,695.9307
1997-02-26,694.1906
1997-03-05,696.3482
1997-03-12,701.0501
1997-03-19,705.369
1997-03-26,708.1737
1997-04-02,709.2335
1997-04-09,710.3222
1997-04-16,715.5644
1997-04-23,716.6724
1997-04-30,718.8958
1997-05-07,715.5039
1997-05-14,713.7898
1997-05-21,711.5592
1997-05-28,713.0759
1997-06-04,713.2147
1997-06-11,716.1099
1997-06-18,716.2604
1997-06-25,718.318
1997-07-02,722.9925
1997-07-09,724.4069
1997-07-16,722.1987
1997-07-23,722.1674
1997-07-30,722.4543
1997-08-06,717.4029
1997-08-13,712.3767
1997-08-20,713.4008
1997-08-27,721.3442
1997-09-03,724.2807
1997-09-10,724.7169
1997-09-17,724.6714
1997-09-24,732.1831
1997-10-01,736.1699
1997-10-08,737.1118
1997-10-15,728.2328
1997-10-22,735.6035
1997-10-29,740.0354
1997-11-05,742.9256
1997-11-12,749.4134
1997-11-19,743.6958
1997-11-26,754.3815
1997-12-03,750.746
1997-12-10,744.8827
1997-12-17,746.5038
1997-12-24,753.1257
1997-12-31,761.1426
1998-01-07,764.0211
1998-01-14,763.5688
1998-01-21,767.3832
1998-01-28,764.4977
1998-02-04,772.4889
1998-02-11,764.4259
1998-02-18,764.4648
1998-02-25,768.6942
1998-03-04,786.1386
1998-03-11,781.9178
1998-03-18,780.681
1998-03-25,777.03
1998-04-01,784.5013
1998-04-08,773.7768
1998-04-15,766.3906
1998-04-22,762.332
1998-04-29,774.4899
1998-05-06,779.5643
1998-05-13,771.1182
1998-05-20,774.2927
1998-05-27,771.716
1998-06-03,771.1268
1998-06-10,760.115
1998-06-17,751.8348
1998-06-24,757.2411
1998-07-01,772.2756
1998-07-08,764.8076
1998-07-15,763.4473
1998-07-22,763.1465
1998-07-29,769.1157
1998-08-05,772.9113
1998-08-12,770.2833
1998-08-19,774.2592
1998-08-26,775.1053
1998-09-02,778.2326
1998-09-09,769.9078
1998-09-16,765.5112
1998-09-23,773.8699
1998-09-30,773.8618
1998-10-07,763.732
1998-10-14,775.9363
1998-10-21,786.0003
1998-10-28,789.9904
1998-11-04,791.6213
1998-11-11,792.4258
1998-11-18,797.5614
1998-11-25,800.3406
1998-12-02,794.6457
1998-12-09,795.8601
1998-12-16,790.881
1998-12-23,796.3656
1998-12-30,799.3859
1999-01-06,796.72
1999-01-13,801.8757
1999-01-20,800.7314
1999-01-27,799.7655
1999-02-03,795.5474
1999-02-10,798.3004
1999-02-17,797.5227
1999-02-24,799.6884
1999-03-03,801.8442
1999-03-10,802.0117
1999-03-17,803.8081
1999-03-24,811.4296
1999-03-31,812.2184
1999-04-07,806.4406
1999-04-14,812.6088
1999-04-21,805.8546
1999-04-28,802.8152
1999-05-05,803.4787
1999-05-12,806.3159
1999-05-19,803.1205
1999-05-26,806.3275
1999-06-02,803.2326
1999-06-09,804.5157
1999-06-16,812.6374
1999-06-23,816.2345
1999-06-30,816.4992
1999-07-07,809.9175
1999-07-14,817.8989
1999-07-21,817.1984
1999-07-28,807.8812
1999-08-04,808.0601
1999-08-11,813.5289
1999-08-18,815.674
1999-08-25,816.8492
1999-09-01,812.1982
1999-09-08,810.6772
1999-09-15,816.0332
1999-09-22,816.8621
1999-09-29,811.9348
1999-10-06,818.3657
1999-10-13,822.2766
1999-10-20,818.3302
1999-10-27,816.2461
1999-11-03,804.907
1999-11-10,807.7471
1999-11-17,808.4637
1999-11-24,810.078
1999-12-01,807.0463
1999-12-08,806.4773
1999-12-15,814.2692
1999-12-22,814.368
1999-12-29,815.3076
2000-01-05,808.8592
2000-01-12,816.5696
2000-01-19,815.2371
2000-01-26,822.7327
2000-02-02,821.3193
2000-02-09,816.3704
2000-02-16,814.6184
2000-02-23,818.7458
2000-03-01,818.4613
2000-03-08,821.2944
2000-03-15,824.9235
2000-03-22,819.4364
2000-03-29,822.1987
2000-04-05,819.9511
2000-04-12,821.3597
2000-04-19,820.2345
2000-04-26,818.3006
2000-05-03,815.2617
2000-05-10,821.075
2000-05-17,819.3081
2000-05-24,823.8896
2000-05-31,815.5988
2000-06-07,814.2939
2000-06-14,817.7436
2000-06-21,824.7528
2000-06-28,820.0788
2000-07-05,823.2689
2000-07-12,823.5112
2000-07-19,825.0113
2000-07-26,814.7043
2000-08-02,811.8801
2000-08-09,811.0841
2000-08-16,816.5357
2000-08-23,810.9434
2000-08-30,806.4488
2000-09-06,804.6807
2000-09-13,811.1203
2000-09-20,806.49
2000-09-27,807.1115
2000-10-04,800.4317
2000-10-11,803.9239
2000-10-18,796.6784
2000-10-25,791.8454
2000-11-01,789.7522
2000-11-08,788.3992
2000-11-15,791.4122
2000-11-22,786.2521
2000-11-29,783.3078
2000-12-06,785.1873
2000-12-13,787.3154
2000-12-20,793.5743
2000-12-27,789.557
2001-01-03,793.5539
2001-01-10,794.5509
2001-01-17,790.3658
2001-01-24,786.544
2001-01-31,793.66
2001-02-07,781.8275
2001-02-14,784.9293
2001-02-21,775.9309
2001-02-28,772.8309
2001-03-07,769.6184
2001-03-14,765.7549
2001-03-21,767.2803
2001-03-28,765.8084
2001-04-04,770.1228
2001-04-11,772.8691
2001-04-18,764.2464
2001-04-25,770.2251
2001-05-02,766.9909
2001-05-09,768.447
2001-05-16,770.2522
2001-05-23,772.1722
2001-05-30,773.9525
2001-06-06,776.4255
2001-06-13,776.6525
2001-06-20,769.5717
2001-06-27,764.4387
2001-07-04,767.352
2001-07-11,775.0274
2001-07-18,776.4837
2001-07-25,779.8505
2001-08-01,793.6013
2001-08-08,796.2553
2001-08-15,789.9157
2001-08-22,789.4487
2001-08-29,792.3295
2001-09-05,793.0265
2001-09-12,804.3602
2001-09-19,808.1704
2001-09-26,807.1977
2001-10-03,816.2856
2001-10-10,821.0861
2001-10-17,817.9898
2001-10-24,816.4093
2001-10-31,843.4407
2001-11-07,840.2121
2001-11-14,832.4037
2001-11-21,835.4512
2001-11-28,838.7149
2001-12-05,862.7387
2001-12-12,857.3018
2001-12-19,858.7724
2001-12-26,856.913
2002-01-02,861.3417
2002-01-09,852.5078
2002-01-16,844.8275
2002-01-23,846.1672
2002-01-30,833.9474
2002-02-06,838.452
2002-02-13,834.7481
2002-02-20,832.1131
2002-02-27,836.4909
2002-03-06,839.5989
2002-03-13,843.1474
2002-03-20,856.9281
2002-03-27,855.7795
2002-04-03,856.3604
2002-04-10,861.2712
2002-04-17,865.4573
2002-04-24,859.3052
2002-05-01,858.5107
2002-05-08,859.4287
2002-05-15,869.623
2002-05-22,875.1522
2002-05-29,873.6842
2002-06-05,887.2912
2002-06-12,889.6627
2002-06-19,891.2305
2002-06-26,883.8227
2002-07-03,890.8387
2002-07-10,899.4007
2002-07-17,897.2761
2002-07-24,916.2022
2002-07-31,922.4963
2002-08-07,926.6354
2002-08-14,930.307
2002-08-21,934.6662
2002-08-28,944.4697
2002-09-04,956.1444
2002-09-11,948.4783
2002-09-18,953.4075
2002-09-25,960.4807
2002-10-02,972.9607
2002-10-09,975.6894
2002-10-16,962.6226
2002-10-23,988.0648
2002-10-30,987.9724
2002-11-06,997.749
2002-11-13,999.1623
2002-11-20,1001.822
2002-11-27,1011.5852
2002-12-04,1014.0056
2002-12-11,1039.6832
2002-12-18,1019.5765
2002-12-25,1030.1997
2003-01-01,1033.8127
2003-01-08,1040.1632
2003-01-15,1037.3585
2003-01-22,1026.0569
2003-01-29,1016.9385
2003-02-05,1042.7474
2003-02-12,1046.3968
2003-02-19,1048.2979
2003-02-26,1055.2271
2003-03-05,1064.7652
2003-03-12,1058.431
2003-03-19,1048.9468
2003-03-26,1050.1218
2003-04-02,1060.8573
2003-04-09,1056.1924
2003-04-16,1052.787
2003-04-23,1092.0016
2003-04-30,1112.5603
2003-05-07,1099.3095
2003-05-14,1105.3762
2003-05-21,1108.8002
2003-05-28,1121.7857
2003-06-04,1128.5953
2003-06-11,1131.3283
2003-06-18,1138.1363
2003-06-25,1131.8495
2003-07-02,1127.9082
2003-07-09,1116.5479
2003-07-16,1077.311
2003-07-23,1102.4192
2003-07-30,1100.4987
2003-08-06,1091.299
2003-08-13,1060.8051
2003-08-20,1062.2669
2003-08-27,1062.5038
2003-09-03,1068.5139
2003-09-10,1071.9142
2003-09-17,1059.4094
2003-09-24,1059.2272
2003-10-01,1066.0036
2003-10-08,1067.6589
2003-10-15,1084.5685
2003-10-22,1102.1031
2003-10-29,1101.6854
2003-11-05,1091.5133
2003-11-12,1099.0803
2003-11-19,1101.5076
2003-11-26,1103.4543
2003-12-03,1108.3905
2003-12-10,1112.5637
2003-12-17,1120.7522
2003-12-24,1116.3878
2003-12-31,1109.0395
2004-01-07,1102.6484
2004-01-14,1100.2962
2004-01-21,1114.3014
2004-01-28,1114.2353
2004-02-04,1114.1004
2004-02-11,1121.138
2004-02-18,1187.1567
2004-02-25,1172.963
2004-03-03,1171.8261
2004-03-10,1184.0661
2004-03-17,1181.6242
2004-03-24,1195.0499
2004-03-31,1200.176
2004-04-07,1180.4229
2004-04-14,1183.0506
2004-04-21,1193.1818
2004-04-28,1192.8943
2004-05-05,1198.04
2004-05-12,1183.3867
2004-05-19,1171.0766
2004-05-26,1177.5635
2004-06-02,1164.784
2004-06-09,1169.8438
2004-06-16,1180.965
2004-06-23,1185.9421
2004-06-30,1190.5324
2004-07-07,1183.3828
2004-07-14,1189.4524
2004-07-21,1181.7276
2004-07-28,1169.1129
2004-08-04,1167.0349
2004-08-11,1180.1825
2004-08-18,1187.701
2004-08-25,1181.3481
2004-09-01,1175.4942
2004-09-08,1178.9339
2004-09-15,1188.5717
2004-09-22,1179.6257
2004-09-29,1170.3324
2004-10-06,1160.1383
2004-10-13,1171.4476
2004-10-20,1164.695
2004-10-27,1155.1087
2004-11-03,1150.453
2004-11-10,1149.7844
2004-11-17,1148.4937
2004-11-24,1165.3479
2004-12-01,1164.5055
2004-12-08,1160.9765
2004-12-15,1163.9308
2004-12-22,1185.9214
2004-12-29,1176.7116
2005-01-05,1182.8712
2005-01-12,1180.8831
2005-01-19,1200.3135
2005-01-26,1199.1256
2005-02-02,1203.6614
2005-02-09,1213.1787
2005-02-16,1203.7962
2005-02-23,1215.9011
2005-03-02,1208.037
2005-03-09,1198.4262
2005-03-16,1210.903
2005-03-23,1214.3789
2005-03-30,1198.546
2005-04-06,1189.2172
2005-04-13,1184.5675
2005-04-20,1198.6351
2005-04-27,1189.9596
2005-05-04,1193.5099
2005-05-11,1208.5442
2005-05-18,1201.3831
2005-05-25,1201.9075
2005-06-01,1194.8304
2005-06-08,1198.5133
2005-06-15,1128.9767
2005-06-22,1175.9735
2005-06-29,1178.1225
2005-07-06,1173.1102
2005-07-13,1185.3363
2005-07-20,1184.2247
2005-07-27,1172.7853
2005-08-03,1173.169
2005-08-10,1170.6948
2005-08-17,1176.9163
2005-08-24,1175.3513
2005-08-31,1163.453
2005-09-07,1158.6494
2005-09-14,1157.4551
2005-09-21,1174.0387
2005-09-28,1177.8024
2005-10-05,1176.3589
2005-10-12,1178.9741
2005-10-19,1180.2266
2005-10-26,1164.9234
2005-11-02,1146.6759
2005-11-09,1145.2502
2005-11-16,1157.2826
2005-11-23,1155.7445
2005-11-30,1153.5895
2005-12-07,1161.5992
2005-12-14,1161.7921
2005-12-21,1162.5823
2005-12-28,1155.999
2006-01-04,1146.2809
2006-01-11,1147.4021
2006-01-18,1163.8554
2006-01-25,1167.6338
2006-02-01,1170.1954
2006-02-08,1164.3121
2006-02-15,1172.5355
2006-02-22,1173.5094
2006-03-01,1175.1931
2006-03-08,1163.1522
2006-03-15,1168.9614
2006-03-22,1170.737
2006-03-29,1158.8953
2006-04-05,1166.1973
2006-04-12,1204.343
2006-04-19,1206.6202
2006-04-26,1194.41
2006-05-03,1200.3477
2006-05-10,1194.6222
2006-05-17,1198.9847
2006-05-24,1199.9938
2006-05-31,1200.6974
2006-06-07,1193.3223
2006-06-14,1212.0542
2006-06-21,1201.8296
2006-06-28,1194.7431
2006-07-05,1195.1626
2006-07-12,1202.2742
2006-07-19,1213.1598
2006-07-26,1209.5458
2006-08-02,1207.3318
2006-08-09,1206.9331
2006-08-16,1212.4255
2006-08-23,1216.9403
2006-08-30,1225.1335
2006-09-06,1223.9431
2006-09-13,1212.3365
2006-09-20,1210.974
2006-09-27,1185.1862
2006-10-04,1231.9911
2006-10-11,1232.7004
2006-10-18,1229.4457
2006-10-25,1217.9172
2006-11-01,1237.7223
2006-11-08,1228.1797
2006-11-15,1224.4296
2006-11-22,1227.2484
2006-11-29,1218.8344
2006-12-06,1214.2987
2006-12-13,1223.8443
2006-12-20,1219.2684
2006-12-27,1214.7992
2007-01-03,1212.9114
2007-01-10,1215.6515
2007-01-17,1212.8242
2007-01-24,1208.0282
2007-01-31,1221.127
2007-02-07,1216.8419
2007-02-14,1208.5036
2007-02-21,1201.0035
2007-02-28,1222.7101
2007-03-07,1220.9696
2007-03-14,1222.4539
2007-03-21,1203.9111
2007-03-28,1210.0848
2007-04-04,1210.8745
2007-04-11,1207.9608
2007-04-18,1200.8666
2007-04-25,1194.4339
2007-05-02,1190.0842
2007-05-09,1188.9205
2007-05-16,1186.4879
2007-05-23,1194.0741
2007-05-30,1195.6534
2007-06-06,1176.8269
2007-06-13,1188.403
2007-06-20,1186.6705
2007-06-27,1181.1963
2007-07-04,1184.5615
2007-07-11,1178.3916
2007-07-18,1186.1484
2007-07-25,1189.3055
2007-08-01,1188.9643
2007-08-08,1184.8108
2007-08-15,1188.9744
2007-08-22,1188.7765
2007-08-29,1187.5158
2007-09-05,1189.9414
2007-09-12,1198.8447
2007-09-19,1177.4175
2007-09-26,1170.472
2007-10-03,1170.0525
2007-10-10,1171.5019
2007-10-17,1140.8793
2007-10-24,1139.0174
2007-10-31,1138.3264
2007-11-07,1133.3296
2007-11-14,1144.1806
2007-11-21,1142.6637
2007-11-28,1142.6223
2007-12-05,1136.6242
2007-12-12,1139.7795
2007-12-19,1135.5935
2007-12-26,1129.112
2008-01-02,1134.3027
2008-01-09,1134.4105
2008-01-16,1114.6272
2008-01-23,1117.6611
2008-01-30,1112.8055
2008-02-06,1121.0807
2008-02-13,1127.0319
2008-02-20,1118.7937
2008-02-27,1118.776
2008-03-05,1122.3907
2008-03-12,1126.1453
2008-03-19,1132.0572
2008-03-26,1136.7106
2008-04-02,1130.8712
2008-04-09,1127.2303
2008-04-16,1111.1475
2008-04-23,1120.9596
2008-04-30,1124.7089
2008-05-07,1128.1736
2008-05-14,1131.5228
2008-05-21,1126.3032
2008-05-28,1135.5949
2008-06-04,1146.1304
2008-06-11,1141.6333
2008-06-18,1145.4225
2008-06-25,1148.7399
2008-07-02,1147.3838
2008-07-09,1142.6654
2008-07-16,1140.9332
2008-07-23,1138.4926
2008-07-30,1145.9261
2008-08-06,1140.226
2008-08-13,1147.0567
2008-08-20,1151.833
2008-08-27,1153.0552
2008-09-03,1151.6429
2008-09-10,1160.2171
2008-09-17,1156.2808
2008-09-24,1160.6442
2008-10-01,1179.4363
2008-10-08,1172.2949
2008-10-15,1176.3067
2008-10-22,1274.2689
2008-10-29,1274.6704
2008-11-05,1277.6293
2008-11-12,1283.6918
2008-11-19,1251.7197
2008-11-26,1259.1921
2008-12-03,1264.3729
2008-12-10,1242.9806
2008-12-17,1233.3576
2008-12-24,1259.5694
2008-12-31,1260.4357
2009-01-07,1262.667
2009-01-14,1292.294
2009-01-21,1297.51
2009-01-28,1292.5594
2009-02-04,1289.4046
2009-02-11,1273.4692
2009-02-18,1287.3768
2009-02-25,1276.802
2009-03-04,1290.7215
2009-03-11,1297.3003
2009-03-18,1303.0335
2009-03-25,1291.0652
2009-04-01,1286.1672
2009-04-08,1278.9734
2009-04-15,1281.3982
2009-04-22,1285.3508
2009-04-29,1280.9094
2009-05-06,1284.1665
2009-05-13,1279.6072
2009-05-20,1289.306
2009-05-27,1283.7961
2009-06-03,1293.8632
2009-06-10,1294.6148
2009-06-17,1344.5901
2009-06-24,1333.2538
2009-07-01,1343.5399
2009-07-08,1350.2506
2009-07-15,1343.7374
2009-07-22,1335.4619
2009-07-29,1338.9029
2009-08-05,1359.9027
2009-08-12,1383.4738
2009-08-19,1382.5665
2009-08-26,1383.4879
2009-09-02,1389.3574
2009-09-09,1393.4556
2009-09-16,1398.0252
2009-09-23,1411.4419
2009-09-30,1383.1317
2009-10-07,1366.5194
2009-10-14,1380.8222
2009-10-21,1404.8387
2009-10-28,1390.3551
2009-11-04,1407.9908
2009-11-11,1413.7288
2009-11-18,1418.1133
2009-11-25,1408.4449
2009-12-02,1417.0017
2009-12-09,1437.2206
2009-12-16,1449.1144
2009-12-23,1447.1197
2009-12-30,1460.0755
2010-01-06,1447.6849
2010-01-13,1438.1976
2010-01-20,1444.7853
2010-01-27,1456.0764
2010-02-03,1462.3567
2010-02-10,1462.8179
2010-02-17,1467.3379
2010-02-24,1461.0233
2010-03-03,1459.1553
2010-03-10,1460.2225
2010-03-17,1468.0896
2010-03-24,1473.2225
2010-03-31,1489.1896
2010-04-07,1489.6421
2010-04-14,1505.3873
2010-04-21,1514.2205
2010-04-28,1506.9169
2010-05-05,1504.4777
2010-05-12,1510.2029
2010-05-19,1512.4033
2010-05-26,1495.4408
2010-06-02,1495.1321
2010-06-09,1502.8006
2010-06-16,1495.0672
2010-06-23,1502.2378
2010-06-30,1509.9938
2010-07-07,1518.5493
2010-07-14,1548.6162
2010-07-21,1581.4042
2010-07-28,1577.7291
2010-08-04,1582.8102
2010-08-11,1593.1927
2010-08-18,1588.4861
2010-08-25,1590.3099
2010-09-01,1606.8782
2010-09-08,1604.9462
2010-09-15,1615.298
2010-09-22,1628.4239
2010-09-29,1616.587
2010-10-06,1635.5695
2010-10-13,1641.8652
2010-10-20,1641.2717
2010-10-27,1637.7288
2010-11-03,1654.3064
2010-11-10,1654.9672
2010-11-17,1658.1583
2010-11-24,1657.5083
2010-12-01,1663.4323
2010-12-08,1656.9469
2010-12-15,1629.5252
2010-12-22,1636.9986
2010-12-29,1638.3733
2011-01-05,1638.0872
2011-01-12,1648.8141
2011-01-19,1651.0598
2011-01-26,1647.7817
2011-02-02,1629.6199
2011-02-09,1636.2046
2011-02-16,1637.7154
2011-02-23,1637.1694
2011-03-02,1630.3649
2011-03-09,1639.8885
2011-03-16,1646.944
2011-03-23,1644.5056
2011-03-30,1649.2948
2011-04-06,1657.6667
2011-04-13,1669.7289
2011-04-20,1670.4974
2011-04-27,1671.6163
2011-05-04,1677.1777
2011-05-11,1673.5096
2011-05-18,1659.7433
2011-05-25,1665.1687
2011-06-01,1666.2161
2011-06-08,1668.4234
2011-06-15,1671.6658
2011-06-22,1653.0978
2011-06-29,1647.055
2011-07-06,1650.5414
2011-07-13,1662.8243
2011-07-20,1655.5785
2011-07-27,1657.827
2011-08-03,1656.9989
2011-08-10,1665.9047
2011-08-17,1672.3152
2011-08-24,1675.0588
2011-08-31,1673.8195
2011-09-07,1678.2858
2011-09-14,1681.838
2011-09-21,1682.5214
2011-09-28,1676.9752
2011-10-05,1675.4464
2011-10-12,1682.1082
2011-10-19,1685.7948
2011-10-26,1693.3962
2011-11-02,1698.6225
2011-11-09,1682.7496
2011-11-16,1688.6099
2011-11-23,1707.6027
2011-11-30,1702.8739
2011-12-07,1686.4711
2011-12-14,1701.2613
2011-12-21,1698.0955
2011-12-28,1702.0102
2012-01-04,1719.9809
2012-01-11,1731.5131
2012-01-18,1716.0148
2012-01-25,1723.6996
2012-02-01,1729.407
2012-02-08,1735.9394
2012-02-15,1751.3179
2012-02-22,1759.3336
2012-02-29,1774.8026
2012-03-07,1764.1356
2012-03-14,1769.8473
2012-03-21,1776.5866
2012-03-28,1783.1939
2012-04-04,1806.0505
2012-04-11,1802.8896
2012-04-18,1791.0247
2012-04-25,1788.3072
2012-05-02,1791.5843
2012-05-09,1798.9976
2012-05-16,1800.4168
2012-05-23,1810.8775
2012-05-30,1806.1879
2012-06-06,1803.916
2012-06-13,1797.3721
2012-06-20,1793.3868
2012-06-27,1814.9798
2012-07-04,1820.522
2012-07-11,1837.0986
2012-07-18,1828.1242
2012-07-25,1830.898
2012-08-01,1840.2175
2012-08-08,1840.9331
2012-08-15,1845.3372
2012-08-22,1846.4561
2012-08-29,1846.8008
2012-09-05,1849.4469
2012-09-12,1844.2992
2012-09-19,1844.4661
2012-09-26,1851.1178
2012-10-03,1847.1152
2012-10-10,1845.5547
2012-10-17,1840.7797
2012-10-24,1845.0377
2012-10-31,1842.2152
2012-11-07,1849.2734
2012-11-14,1857.4496
2012-11-21,1859.4549
2012-11-28,1857.128
2012-12-05,1867.6891
2012-12-12,1872.5732
2012-12-19,1878.9926
2012-12-26,1877.1843
2013-01-02,1863.8171
2013-01-09,1861.0963
2013-01-16,1860.4092
2013-01-23,1865.3581
2013-01-30,1864.4048
2013-02-06,1862.3286
2013-02-13,1863.8967
2013-02-20,1854.4188
2013-02-27,1848.3099
2013-03-06,1848.5637
2013-03-13,1853.0108
2013-03-20,1843.5054
2013-03-27,1843.3591
2013-04-03,1874.2943
2013-04-10,1869.6833
2013-04-17,1874.3556
2013-04-24,1871.5363
2013-05-01,1864.5969
2013-05-08,1855.1127
2013-05-15,1853.3777
2013-05-22,1853.804
2013-05-29,1843.118
2013-06-05,1854.4924
2013-06-12,1846.441
2013-06-19,1846.0237
2013-06-26,1843.2151
2013-07-03,1833.8743
2013-07-10,1818.7527
2013-07-17,1821.8087
2013-07-24,1822.3704
2013-07-31,1814.3409
2013-08-07,1804.3211
2013-08-14,1808.4848
2013-08-21,1802.2231
2013-08-28,1799.8644
2013-09-04,1788.8135
2013-09-11,1791.6868
2013-09-18,1797.59
2013-09-25,1791.2479
2013-10-02,1793.2823
2013-10-09,1795.6762
2013-10-16,1792.6972
2013-10-23,1791.3014
2013-10-30,1791.3103
2013-11-06,1795.0059
2013-11-13,1799.5463
2013-11-20,1807.7187
2013-11-27,1811.3592
2013-12-04,1800.467
2013-12-11,1805.6214
2013-12-18,1811.5834
2013-12-25,1812.4083
2014-01-01,1812.8823
2014-01-08,1815.2247
2014-01-15,1819.0313
2014-01-22,1820.3879
2014-01-29,1823.0301
2014-02-05,1832.6654
2014-02-12,1830.161
2014-02-19,1836.0361
2014-02-26,1842.0215
2014-03-05,1846.6617
2014-03-12,1854.6296
2014-03-19,1854.2856
2014-03-26,1867.7821
2014-04-02,1862.3478
2014-04-09,1865.4878
2014-04-16,1865.5743
2014-04-23,1874.2124
2014-04-30,1876.8189
2014-05-07,1882.3515
2014-05-14,1892.9099
2014-05-21,1893.5285
2014-05-28,1895.6158
2014-06-04,1896.6867
2014-06-11,1903.9812
2014-06-18,1907.5457
2014-06-25,1911.6485
2014-07-02,1928.668
2014-07-09,1936.9006
2014-07-16,1934.4178
2014-07-23,1939.8818
2014-07-30,1945.2212
2014-08-06,1946.5928
2014-08-13,1946.8496
2014-08-20,1948.512
2014-08-27,1953.49
2014-09-03,1957.9847
2014-09-10,1971.4796
2014-09-17,1980.2349
2014-09-24,1994.9081
2014-10-01,1998.7028
2014-10-08,2002.9887
2014-10-15,2001.0615
2014-10-22,1989.6577
2014-10-29,1984.5265
2014-11-05,1991.0848
2014-11-12,1999.1946
2014-11-19,2002.4128
2014-11-26,2007.1933
2014-12-03,2023.1832
2014-12-10,2039.1133
2014-12-17,2038.6009
2014-12-24,2043.8271
2014-12-31,2048.8551
2015-01-07,2056.2634
2015-01-14,2065.5436
2015-01-21,2070.9744
2015-01-28,2070.8588
2015-02-04,2089.6673
2015-02-11,2097.5453
2015-02-18,2092.388
2015-02-25,2099.164
2015-03-04,2103.7997
2015-03-11,2105.4209
2015-03-18,2102.5583
2015-03-25,2111.4936
2015-04-01,2115.201
2015-04-08,2110.6809
2015-04-15,2111.3365
2015-04-22,2121.4166
2015-04-29,2129.6725
2015-05-06,2144.3704
2015-05-13,2144.4984
2015-05-20,2149.7901
2015-05-27,2151.8832
2015-06-03,2148.1825
2015-06-10,2153.382
2015-06-17,2162.7335
2015-06-24,2161.2663
2015-07-01,2150.8426
2015-07-08,2144.5362
2015-07-15,2151.7698
2015-07-22,2153.4597
2015-07-29,2151.251
2015-08-05,2170.8881
2015-08-12,2162.8696
2015-08-19,2168.2861
2015-08-26,2162.7781
2015-09-02,2163.2703
2015-09-09,2167.2826
2015-09-16,2155.23
2015-09-23,2158.7854
2015-09-30,2169.3109
2015-10-07,2168.6725
2015-10-14,2178.9316
2015-10-21,2176.5953
2015-10-28,2176.5717
2015-11-04,2186.0557
2015-11-11,2190.5946
2015-11-18,2203.5292
2015-11-25,2206.6848
2015-12-02,2209.4724
2015-12-09,2224.9738
2015-12-16,2230.9694
2015-12-23,2227.6039
2015-12-30,2226.217
2016-01-06,2229.7269
2016-01-13,2233.1314
2016-01-20,2229.3807
2016-01-27,2228.6525
2016-02-03,2241.6416
2016-02-10,2238.5403
2016-02-17,2231.6608
2016-02-24,2237.5159
2016-03-02,2240.2844
2016-03-09,2242.7138
2016-03-16,2243.3661
2016-03-23,2250.1432
2016-03-30,2246.2472
2016-04-06,2252.0923
2016-04-13,2269.0185
2016-04-20,2268.7905
2016-04-27,2276.2992
2016-05-04,2285.7506
2016-05-11,2283.2117
2016-05-18,2284.876
2016-05-25,2286.575
2016-06-01,2295.0559
2016-06-08,2292.5387
2016-06-15,2296.1332
2016-06-22,2302.9029
2016-06-29,2309.5564
2016-07-06,2321.0532
2016-07-13,2330.0783
2016-07-20,2335.3282
2016-07-27,2342.2211
2016-08-03,2335.9705
2016-08-10,2348.5603
2016-08-17,2348.1797
2016-08-24,2356.4092
2016-08-31,2368.0118
2016-09-07,2366.4829
2016-09-14,2380.2508
2016-09-21,2383.472
2016-09-28,2386.3745
2016-10-05,2398.5246
2016-10-12,2397.4674
2016-10-19,2415.1733
2016-10-26,2418.1879
2016-11-02,2424.5655
2016-11-09,2421.9642
2016-11-16,2421.6653
2016-11-23,2410.3618
2016-11-30,2415.4955
2016-12-07,2401.8856
2016-12-14,2419.0177
2016-12-21,2412.4161
2016-12-28,2415.113
2017-01-04,2421.3451
2017-01-11,2415.3016
2017-01-18,2424.4208
2017-01-25,2429.834
2017-02-01,2426.9956
2017-02-08,2427.5442
2017-02-15,2435.2294
2017-02-22,2441.1163
2017-03-01,2439.0257
2017-03-08,2440.0528
2017-03-15,2441.2644
2017-03-22,2449.1201
2017-03-29,2439.0456
2017-04-05,2448.8768
2017-04-12,2447.1714
2017-04-19,2443.9118
2017-04-26,2436.9943
2017-05-03,2441.0412
2017-05-10,2447.6991
2017-05-17,2461.3781
2017-05-24,2459.8312
2017-05-31,2457.6303
2017-06-07,2450.4145
2017-06-14,2457.1687
2017-06-21,2454.7757
2017-06-28,2454.157
2017-07-05,2456.1541
2017-07-12,2461.0106
2017-07-19,2463.1231
2017-07-26,2464.7158
2017-08-02,2465.0741
2017-08-09,2461.2266
2017-08-16,2464.4382
2017-08-23,2472.5754
2017-08-30,2466.253
2017-09-06,2464.6943
2017-09-13,2460.5446
2017-09-20,2477.2996
2017-09-27,2480.0272
2017-10-04,2482.9938
2017-10-11,2488.8704
2017-10-18,2489.4604
2017-10-25,2492.3923
2017-11-01,2489.8807
2017-11-08,2487.1398
2017-11-15,2489.4008
2017-11-22,2489.7026
2017-11-29,2524.5609
2017-12-06,2529.1986
2017-12-13,2522.2467
2017-12-20,2524.1048
2017-12-27,2531.218
2018-01-03,2524.4437
2018-01-10,2518.6083
2018-01-17,2515.6751
2018-01-24,2513.626
2018-01-31,2511.5315
2018-02-07,2499.4921
2018-02-14,2501.8327
2018-02-21,2496.4646
2018-02-28,2499.6818
2018-03-07,2493.5054
2018-03-14,2498.5498
2018-03-21,2495.7739
2018-03-28,2500.1136
2018-04-04,2498.2396
2018-04-11,2496.3249
2018-04-18,2503.8996
2018-04-25,2507.2533
2018-05-02,2504.6964
2018-05-09,2505.3784
2018-05-16,2512.6287
2018-05-23,2524.1647
2018-05-30,2530.4111
2018-06-06,2527.8431
2018-06-13,2542.2622
2018-06-20,2554.12
2018-06-27,2566.5567
2018-07-04,2557.7146
2018-07-11,2565.6043
2018-07-18,2561.2771
2018-07-25,2566.413
