Date,CPIAUCSL,INDPRO,M1SL,M1V,UNRATE,Market Value,Estimate,Sigma,Recommended Percent Stock
2000-06-01,172.20,95.74,1102.60,9.25,4.00,41.583149,37.74,-0.9835,0.2911
2000-06-08,172.32,95.70,1102.81,9.28,4.00,40.832027,37.93,-0.7427,0.3471
2000-06-15,172.43,95.67,1103.02,9.31,4.00,40.091328,38.12,-0.5046,0.4134
2000-06-22,172.55,95.64,1103.23,9.34,4.00,39.402802,38.31,-0.2798,0.4852
2000-06-29,172.67,95.61,1103.44,9.36,4.00,39.115768,38.50,-0.1577,0.5271
2000-07-06,172.70,95.55,1102.97,9.37,4.02,40.128914,38.48,-0.4223,0.4387
2000-07-13,172.70,95.49,1102.22,9.37,4.04,40.880955,38.37,-0.6419,0.3739
2000-07-20,172.70,95.43,1101.48,9.37,4.06,40.160244,38.26,-0.4848,0.4194
2000-07-27,172.70,95.36,1100.73,9.37,4.08,39.251545,38.16,-0.2796,0.4853
2000-08-03,172.76,95.34,1100.17,9.37,4.09,41.048058,38.10,-0.7540,0.3443
2000-08-10,172.96,95.42,1100.05,9.37,4.04,41.497189,38.16,-0.8529,0.3202
2000-08-17,173.16,95.51,1099.94,9.37,4.00,41.852318,38.22,-0.9278,0.3031
2000-08-24,173.37,95.59,1099.83,9.37,3.95,41.925423,38.29,-0.9307,0.3025
2000-08-31,173.57,95.67,1099.72,9.37,3.91,42.384998,38.35,-1.0323,0.2810
2000-09-07,173.66,95.63,1099.50,9.41,3.90,42.614777,38.58,-1.0312,0.2813
2000-09-14,173.73,95.56,1099.27,9.45,3.90,42.113434,38.85,-0.8358,0.3242
2000-09-21,173.80,95.49,1099.03,9.49,3.90,41.27784,39.11,-0.5549,0.3985
2000-09-28,173.87,95.43,1098.80,9.53,3.90,42.308086,39.37,-0.7512,0.3450
2000-10-05,173.94,95.40,1097.89,9.55,3.90,41.564194,39.44,-0.5430,0.4020
2000-10-12,174.01,95.40,1096.46,9.55,3.90,40.296413,39.37,-0.2379,0.4995
2000-10-19,174.07,95.41,1095.04,9.55,3.90,40.987923,39.29,-0.4337,0.4352
2000-10-26,174.14,95.41,1093.62,9.55,3.90,41.197487,39.22,-0.5064,0.4129
2000-11-02,174.21,95.41,1092.27,9.55,3.90,42.727184,39.14,-0.9177,0.3054
2000-11-09,174.31,95.35,1091.39,9.55,3.90,42.077591,39.03,-0.7787,0.3381
2000-11-16,174.40,95.29,1090.50,9.55,3.90,41.543224,38.93,-0.6692,0.3664
2000-11-23,174.49,95.23,1089.61,9.55,3.90,40.90411,38.82,-0.5329,0.4050
2000-11-30,174.59,95.17,1088.73,9.55,3.90,40.925045,38.71,-0.5654,0.3955
2000-12-07,174.79,95.04,1090.17,9.54,3.96,41.574654,38.49,-0.7886,0.3356
2000-12-14,175.02,94.91,1092.00,9.53,4.03,40.820278,38.25,-0.6577,0.3695
2000-12-21,175.25,94.77,1093.83,9.52,4.09,41.689133,38.01,-0.9420,0.3000
2000-12-28,175.47,94.63,1095.65,9.51,4.16,42.721367,37.76,-1.2680,0.2377
2001-01-04,175.64,94.49,1097.14,9.50,4.20,42.942535,37.59,-1.3685,0.2217
2001-01-11,175.73,94.36,1098.15,9.50,4.20,43.321732,37.51,-1.4851,0.2048
2001-01-18,175.82,94.24,1099.17,9.50,4.20,43.648262,37.44,-1.5883,0.1910
2001-01-25,175.91,94.11,1100.18,9.50,4.20,43.858898,37.36,-1.6618,0.1819
2001-02-01,176.00,93.98,1101.20,9.50,4.20,44.261684,37.28,-1.7845,0.1679
2001-02-08,176.03,93.91,1103.15,9.50,4.23,43.850491,37.29,-1.6785,0.1800
2001-02-15,176.05,93.85,1105.10,9.50,4.25,43.304451,37.29,-1.5379,0.1976
2001-02-22,176.08,93.79,1107.05,9.50,4.28,41.531559,37.29,-1.0836,0.2709
2001-03-01,176.10,93.73,1109.00,9.50,4.30,42.030399,37.30,-1.2103,0.2476
2001-03-08,176.17,93.66,1110.74,9.49,4.32,42.542717,37.21,-1.3647,0.2223
2001-03-15,176.24,93.60,1112.48,9.48,4.35,39.664299,37.11,-0.6520,0.3711
2001-03-22,176.30,93.54,1114.22,9.47,4.37,39.35775,37.02,-0.5971,0.3864
2001-03-29,176.37,93.48,1115.95,9.46,4.39,40.121368,36.93,-0.8157,0.3290
2001-04-05,176.52,93.38,1116.94,9.46,4.39,38.959042,36.83,-0.5443,0.4016
2001-04-12,176.73,93.25,1117.36,9.46,4.36,40.803925,36.72,-1.0437,0.2787
2001-04-19,176.94,93.11,1117.78,9.46,4.34,42.236588,36.61,-1.4376,0.2115
2001-04-26,177.15,92.98,1118.20,9.46,4.32,43.081314,36.51,-1.6812,0.1796
2001-05-03,177.33,92.85,1119.00,9.46,4.31,43.013744,36.40,-1.6903,0.1786
2001-05-10,177.42,92.72,1120.74,9.46,4.36,42.446075,36.31,-1.5684,0.1936
2001-05-17,177.51,92.60,1122.47,9.46,4.40,44.128792,36.22,-2.0219,0.1442
2001-05-24,177.60,92.47,1124.21,9.46,4.45,43.42598,36.13,-1.8655,0.1593
2001-05-31,177.69,92.35,1125.95,9.46,4.49,43.250259,36.04,-1.8438,0.1616
2001-06-07,177.64,92.23,1128.74,9.39,4.52,43.148903,35.45,-1.9680,0.1492
2001-06-14,177.57,92.11,1131.70,9.30,4.54,41.371586,34.78,-1.6848,0.1792
2001-06-21,177.50,91.98,1134.67,9.22,4.57,41.709087,34.11,-1.9424,0.1517
2001-06-28,177.43,91.86,1137.63,9.13,4.59,41.926117,33.44,-2.1692,0.1314
2001-07-05,177.40,91.79,1140.35,9.10,4.64,40.89526,33.16,-1.9769,0.1484
2001-07-12,177.40,91.77,1142.87,9.10,4.71,41.471722,33.18,-2.1206,0.1355
2001-07-19,177.40,91.74,1145.40,9.10,4.77,41.017323,33.19,-2.0008,0.1461
2001-07-26,177.40,91.71,1147.93,9.10,4.84,41.119061,33.21,-2.0231,0.1441
2001-08-02,177.42,91.67,1151.89,9.10,4.90,41.342861,33.28,-2.0616,0.1406
2001-08-09,177.58,91.59,1164.42,9.10,4.93,40.501896,33.71,-1.7379,0.1731
2001-08-16,177.74,91.52,1176.95,9.10,4.95,39.477821,34.13,-1.3674,0.2219
2001-08-23,177.90,91.44,1189.49,9.10,4.97,40.189922,34.56,-1.4408,0.2110
2001-08-30,178.05,91.36,1202.02,9.10,4.99,38.67754,34.98,-0.9454,0.2993
2001-09-06,178.02,91.27,1198.93,9.10,5.05,36.826069,34.71,-0.5414,0.4025
2001-09-13,177.90,91.18,1189.60,9.09,5.12,36.948135,34.16,-0.7133,0.3547
2001-09-20,177.78,91.08,1180.27,9.09,5.19,32.655159,33.61,0.2438,0.6682
2001-09-27,177.67,90.99,1170.93,9.09,5.26,35.028843,33.06,-0.5039,0.4136
2001-10-04,177.59,90.90,1166.11,9.09,5.32,35.652782,32.71,-0.7517,0.3449
2001-10-11,177.57,90.79,1167.31,9.09,5.36,36.560047,32.64,-1.0019,0.2873
2001-10-18,177.55,90.69,1168.51,9.09,5.41,35.612827,32.57,-0.7780,0.3383
2001-10-25,177.52,90.59,1169.70,9.09,5.45,36.546425,32.50,-1.0350,0.2805
2001-11-01,177.50,90.49,1170.90,9.09,5.50,35.844528,32.43,-0.8738,0.3153
2001-11-08,177.48,90.49,1173.77,9.09,5.55,36.962124,32.51,-1.1378,0.2606
2001-11-15,177.45,90.50,1176.64,9.09,5.59,37.405056,32.60,-1.2294,0.2443
2001-11-22,177.43,90.51,1179.51,9.09,5.64,37.779861,32.68,-1.3035,0.2319
2001-11-29,177.41,90.51,1182.38,9.09,5.69,37.152916,32.77,-1.1214,0.2636
2001-12-06,177.45,90.61,1184.39,9.08,5.70,38.113777,32.86,-1.3427,0.2257
2001-12-13,177.52,90.74,1186.06,9.07,5.70,36.641827,32.96,-0.9407,0.3003
2001-12-20,177.58,90.87,1187.74,9.07,5.70,37.064327,33.06,-1.0232,0.2829
2001-12-27,177.65,91.00,1189.41,9.06,5.70,38.041897,33.16,-1.2476,0.2412
2002-01-03,177.72,91.09,1190.60,9.06,5.70,38.712181,33.23,-1.4022,0.2167
2002-01-10,177.79,91.08,1190.60,9.06,5.70,37.549446,33.21,-1.1096,0.2659
2002-01-17,177.85,91.08,1190.60,9.06,5.70,36.886009,33.19,-0.9447,0.2994
2002-01-24,177.92,91.07,1190.60,9.06,5.70,37.200626,33.17,-1.0300,0.2815
2002-01-31,177.99,91.07,1190.60,9.06,5.70,36.530346,33.15,-0.8634,0.3177
2002-02-07,178.11,91.23,1191.18,9.06,5.70,35.689068,33.27,-0.6177,0.3806
2002-02-14,178.23,91.41,1191.85,9.06,5.70,35.901112,33.42,-0.6355,0.3756
2002-02-21,178.36,91.59,1192.53,9.06,5.70,35.490719,33.56,-0.4941,0.4166
2002-02-28,178.48,91.78,1193.20,9.06,5.70,37.104877,33.70,-0.8704,0.3161
2002-03-07,178.65,91.87,1192.06,9.07,5.74,38.554874,33.81,-1.2139,0.2469
2002-03-14,178.84,91.96,1190.62,9.10,5.78,38.561703,33.91,-1.1899,0.2512
2002-03-21,179.02,92.05,1189.17,9.12,5.83,38.116482,34.01,-1.0503,0.2774
2002-03-28,179.20,92.13,1187.73,9.14,5.87,38.370323,34.11,-1.0894,0.2697
2002-04-04,179.32,92.22,1187.14,9.16,5.89,37.780315,34.21,-0.9119,0.3067
2002-04-11,179.37,92.31,1187.70,9.16,5.87,37.272648,34.32,-0.7542,0.3442
2002-04-18,179.41,92.40,1188.26,9.16,5.84,37.993015,34.43,-0.9105,0.3070
2002-04-25,179.46,92.49,1188.82,9.16,5.82,36.291618,34.54,-0.4475,0.4309
2002-05-02,179.50,92.60,1189.42,9.16,5.80,36.751255,34.66,-0.5344,0.4045
2002-05-09,179.53,92.79,1190.28,9.16,5.80,35.934864,34.85,-0.2778,0.4859
2002-05-16,179.55,92.99,1191.14,9.16,5.80,37.471607,35.04,-0.6230,0.3791
2002-05-23,179.57,93.19,1192.00,9.16,5.80,37.032532,35.22,-0.4629,0.4261
2002-05-30,179.59,93.39,1192.85,9.16,5.80,36.469986,35.41,-0.2712,0.4881
2002-06-06,179.67,93.41,1194.13,9.16,5.80,35.104759,35.53,0.1091,0.6214
2002-06-13,179.76,93.36,1195.58,9.18,5.80,34.281521,35.63,0.3441,0.7017
2002-06-20,179.85,93.31,1197.03,9.19,5.80,34.164898,35.72,0.3985,0.7193
2002-06-27,179.95,93.26,1198.47,9.20,5.80,34.164406,35.82,0.4232,0.7271
2002-07-04,180.05,93.23,1198.11,9.21,5.79,33.985325,35.82,0.4695,0.7415
2002-07-11,180.16,93.23,1195.33,9.21,5.77,31.595171,35.70,1.0494,0.8880
2002-07-18,180.27,93.23,1192.55,9.21,5.75,28.929541,35.58,1.6997,0.9881
2002-07-25,180.39,93.23,1189.78,9.21,5.72,28.44738,35.45,1.7916,0.9985
2002-08-01,180.50,93.23,1187.00,9.21,5.70,28.833117,35.33,1.6616,0.9836
2002-08-08,180.57,93.26,1189.03,9.21,5.70,30.382904,35.43,1.2899,0.9315
2002-08-15,180.64,93.29,1191.06,9.21,5.70,30.98905,35.52,1.1596,0.9090
2002-08-22,180.70,93.32,1193.10,9.21,5.70,31.395449,35.62,1.0803,0.8941
2002-08-29,180.77,93.35,1195.13,9.21,5.70,30.747971,35.72,1.2705,0.9283
2002-09-05,180.85,93.32,1197.05,9.20,5.70,29.96962,35.69,1.4634,0.9578
2002-09-12,180.95,93.26,1198.90,9.18,5.70,29.63212,35.58,1.5203,0.9656
2002-09-19,181.04,93.19,1200.74,9.17,5.70,27.930794,35.46,1.9261,1.0123
2002-09-26,181.13,93.13,1202.58,9.15,5.70,27.54431,35.35,1.9956,1.0190
2002-10-03,181.22,93.11,1204.27,9.14,5.71,26.499027,35.29,2.2474,1.0404
2002-10-10,181.29,93.22,1205.55,9.14,5.76,27.350492,35.36,2.0488,1.0238
2002-10-17,181.35,93.33,1206.84,9.14,5.80,28.935717,35.44,1.6626,0.9837
2002-10-24,181.42,93.44,1208.13,9.14,5.85,29.89793,35.51,1.4357,0.9538
2002-10-31,181.49,93.54,1209.42,9.14,5.89,30.084845,35.59,1.4071,0.9497
2002-11-07,181.56,93.47,1211.72,9.14,5.92,29.717966,35.59,1.5004,0.9629
2002-11-14,181.63,93.36,1214.19,9.14,5.94,30.320204,35.57,1.3425,0.9398
2002-11-21,181.70,93.26,1216.67,9.14,5.97,31.254736,35.56,1.0997,0.8978
2002-11-28,181.77,93.15,1219.14,9.14,5.99,31.365492,35.54,1.0675,0.8916
2002-12-05,181.90,93.18,1221.12,9.13,5.97,30.597105,35.54,1.2642,0.9272
2002-12-12,182.08,93.30,1222.72,9.11,5.93,29.904869,35.55,1.4443,0.9551
2002-12-19,182.26,93.42,1224.32,9.09,5.88,30.230215,35.57,1.3643,0.9432
2002-12-26,182.45,93.54,1225.93,9.07,5.84,29.703678,35.58,1.5021,0.9632
2003-01-02,182.63,93.66,1227.65,9.06,5.80,30.859251,35.60,1.2123,0.9184
2003-01-09,182.86,93.73,1230.11,9.06,5.83,31.569302,35.68,1.0520,0.8885
2003-01-16,183.08,93.79,1232.57,9.06,5.85,30.935827,35.77,1.2352,0.9223
2003-01-23,183.31,93.86,1235.04,9.06,5.87,29.306887,35.85,1.6730,0.9850
2003-01-30,183.54,93.93,1237.50,9.06,5.89,29.063248,35.93,1.7566,0.9946
2003-02-06,183.65,93.91,1238.43,9.06,5.90,28.074745,35.92,2.0074,1.0201
2003-02-13,183.73,93.86,1238.76,9.06,5.90,27.928564,35.88,2.0334,1.0224
2003-02-20,183.80,93.80,1239.08,9.06,5.90,28.548109,35.84,1.8637,1.0061
2003-02-27,183.88,93.75,1239.41,9.06,5.90,28.367117,35.79,1.8987,1.0096
2003-03-06,183.79,93.63,1241.21,9.04,5.92,27.775419,35.62,2.0052,1.0199
2003-03-13,183.63,93.48,1243.60,9.01,5.94,27.691877,35.39,1.9684,1.0164
2003-03-20,183.47,93.33,1246.00,8.98,5.96,29.742634,35.16,1.3857,0.9465
2003-03-27,183.31,93.19,1248.39,8.95,5.98,28.840506,34.93,1.5582,0.9707
2003-04-03,183.18,93.08,1251.35,8.93,6.01,29.385973,34.82,1.3907,0.9472
2003-04-10,183.11,93.09,1255.74,8.93,6.03,29.092257,35.01,1.5133,0.9647
2003-04-17,183.04,93.09,1260.13,8.93,6.05,29.959433,35.20,1.3389,0.9393
2003-04-24,182.97,93.10,1264.51,8.93,6.08,30.330084,35.38,1.2916,0.9317
2003-05-01,182.90,93.10,1268.90,8.93,6.10,31.490973,35.57,1.0422,0.8865
2003-05-08,182.95,93.14,1271.54,8.93,6.15,31.581902,35.65,1.0400,0.8861
2003-05-15,182.99,93.17,1274.18,8.93,6.19,32.281223,35.73,0.8823,0.8522
2003-05-22,183.04,93.20,1276.83,8.93,6.24,32.092415,35.81,0.9517,0.8677
2003-05-29,183.08,93.24,1279.47,8.93,6.28,33.386173,35.90,0.6419,0.7917
2003-06-05,183.18,93.31,1281.53,8.93,6.29,34.351242,36.02,0.4271,0.7284
2003-06-12,183.32,93.40,1283.17,8.94,6.26,34.365223,36.18,0.4637,0.7397
2003-06-19,183.46,93.50,1284.80,8.94,6.24,33.994583,36.34,0.5986,0.7797
2003-06-26,183.60,93.59,1286.43,8.94,6.22,33.544353,36.49,0.7539,0.8213
2003-07-03,183.75,93.65,1288.15,8.94,6.19,33.930569,36.62,0.6870,0.8039
2003-07-10,183.93,93.62,1290.10,8.94,6.17,34.394032,36.66,0.5795,0.7742
2003-07-17,184.11,93.58,1292.04,8.94,6.15,34.253586,36.70,0.6265,0.7875
2003-07-24,184.29,93.55,1293.98,8.94,6.13,34.478283,36.75,0.5801,0.7744
2003-07-31,184.47,93.52,1295.92,8.94,6.10,33.944618,36.79,0.7276,0.8146
2003-08-07,184.62,93.62,1296.37,8.94,6.10,33.930569,36.86,0.7492,0.8201
2003-08-14,184.75,93.75,1296.58,8.94,6.10,34.471268,36.93,0.6300,0.7884
2003-08-21,184.89,93.87,1296.78,8.94,6.10,34.520416,37.01,0.6365,0.7902
2003-08-28,185.02,94.00,1296.98,8.94,6.10,34.94175,37.08,0.5478,0.7650
2003-09-04,185.08,94.08,1297.16,8.95,6.09,35.278805,37.24,0.5019,0.7514
2003-09-11,185.03,94.12,1297.30,8.98,6.07,35.124317,37.51,0.6099,0.7828
2003-09-18,184.99,94.15,1297.44,9.00,6.04,35.475414,37.78,0.5887,0.7768
2003-09-25,184.94,94.18,1297.58,9.03,6.02,34.363117,38.05,0.9416,0.8655
2003-10-02,184.90,94.23,1297.75,9.05,5.99,35.597675,38.30,0.6914,0.8051
2003-10-09,184.93,94.40,1298.06,9.05,5.95,36.070347,38.49,0.6180,0.7851
2003-10-16,184.95,94.56,1298.38,9.05,5.90,36.232597,38.67,0.6239,0.7868
2003-10-23,184.97,94.73,1298.69,9.05,5.86,35.978642,38.86,0.7363,0.8168
2003-10-30,184.99,94.89,1299.01,9.05,5.81,36.73349,39.04,0.5907,0.7774
2003-11-06,185.08,94.92,1300.30,9.05,5.78,36.832249,39.14,0.5897,0.7771
2003-11-13,185.20,94.91,1301.98,9.05,5.76,36.599434,39.20,0.6643,0.7978
2003-11-20,185.32,94.89,1303.66,9.05,5.74,36.147957,39.26,0.7948,0.8315
2003-11-27,185.43,94.87,1305.34,9.05,5.71,37.093269,39.31,0.5680,0.7709
2003-12-04,185.58,94.89,1306.29,9.05,5.70,37.276684,39.34,0.5282,0.7592
2003-12-11,185.76,94.94,1306.27,9.04,5.70,37.833996,39.33,0.3821,0.7140
2003-12-18,185.94,95.00,1306.25,9.04,5.70,38.102081,39.31,0.3100,0.6904
2003-12-25,186.12,95.06,1306.22,9.04,5.70,38.907803,39.30,0.1004,0.6184
2004-01-01,186.30,95.11,1306.20,9.04,5.70,39.370564,39.29,-0.0214,0.5752
2004-01-08,186.39,95.24,1309.68,9.04,5.68,39.947227,39.54,-0.1036,0.5461
2004-01-15,186.48,95.37,1313.15,9.04,5.65,40.509655,39.80,-0.1822,0.5186
2004-01-22,186.57,95.50,1316.63,9.04,5.63,40.758831,40.05,-0.1806,0.5192
2004-01-29,186.66,95.62,1320.11,9.04,5.61,40.246243,40.31,0.0157,0.5884
2004-02-05,186.76,95.61,1322.62,9.04,5.63,40.516785,40.37,-0.0380,0.5693
2004-02-12,186.85,95.50,1324.41,9.04,5.68,40.943939,40.28,-0.1691,0.5232
2004-02-19,186.95,95.39,1326.19,9.04,5.72,40.844265,40.20,-0.1655,0.5244
2004-02-26,187.04,95.27,1327.98,9.04,5.77,41.015137,40.11,-0.2310,0.5018
2004-03-04,187.13,95.25,1329.38,9.04,5.78,41.776913,40.15,-0.4171,0.4404
2004-03-11,187.20,95.34,1330.26,9.05,5.74,40.438461,40.34,-0.0252,0.5738
2004-03-18,187.26,95.44,1331.14,9.05,5.69,40.367271,40.53,0.0426,0.5979
2004-03-25,187.33,95.54,1332.02,9.06,5.65,39.989933,40.73,0.1887,0.6492
2004-04-01,187.40,95.63,1332.90,9.06,5.60,41.08633,40.92,-0.0421,0.5679
2004-04-08,187.59,95.81,1333.02,9.06,5.60,41.250099,41.02,-0.0584,0.5621
2004-04-15,187.77,95.99,1333.13,9.06,5.60,40.706867,41.12,0.1060,0.6203
2004-04-22,187.96,96.17,1333.25,9.06,5.60,40.885559,41.22,0.0858,0.6132
2004-04-29,188.15,96.34,1333.37,9.06,5.60,39.734768,41.32,0.4056,0.7216
2004-05-06,188.31,96.27,1334.79,9.06,5.60,39.027126,41.29,0.5775,0.7736
2004-05-13,188.47,96.09,1336.73,9.06,5.60,39.191536,41.20,0.5124,0.7545
2004-05-20,188.63,95.91,1338.67,9.06,5.60,39.127201,41.11,0.5059,0.7526
2004-05-27,188.79,95.73,1340.61,9.06,5.60,40.285156,41.02,0.1868,0.6486
2004-06-03,188.91,95.65,1341.91,9.07,5.59,40.342346,41.01,0.1705,0.6429
2004-06-10,188.96,95.82,1341.61,9.07,5.57,40.821232,41.21,0.0996,0.6181
2004-06-17,189.01,96.00,1341.31,9.08,5.55,40.771202,41.41,0.1640,0.6406
2004-06-24,189.05,96.17,1341.00,9.09,5.52,41.028526,41.61,0.1497,0.6357
2004-07-01,189.10,96.34,1340.70,9.10,5.50,40.542477,41.82,0.3256,0.6956
2004-07-08,189.12,96.35,1343.68,9.10,5.48,40.246281,41.98,0.4429,0.7333
2004-07-15,189.15,96.37,1346.66,9.10,5.45,40.095558,42.14,0.5230,0.7577
2004-07-22,189.17,96.39,1349.64,9.10,5.43,39.571678,42.30,0.6985,0.8070
2004-07-29,189.19,96.40,1352.62,9.10,5.41,40.296513,42.47,0.5547,0.7670
2004-08-05,189.28,96.42,1354.97,9.10,5.40,39.105209,42.57,0.8867,0.8532
2004-08-12,189.41,96.44,1356.85,9.10,5.40,39.148262,42.64,0.8924,0.8545
2004-08-19,189.55,96.46,1358.72,9.10,5.40,40.368282,42.70,0.5971,0.7792
2004-08-26,189.68,96.48,1360.59,9.10,5.40,40.705582,42.77,0.5276,0.7590
2004-09-02,189.83,96.52,1362.19,9.10,5.40,41.17205,42.85,0.4282,0.7287
2004-09-09,190.07,96.74,1362.15,9.11,5.43,41.416054,43.00,0.4052,0.7214
2004-09-16,190.30,96.95,1362.10,9.12,5.45,41.660069,43.15,0.3822,0.7140
2004-09-23,190.53,97.17,1362.05,9.12,5.47,41.35149,43.31,0.5004,0.7509
2004-09-30,190.77,97.38,1362.01,9.13,5.50,41.947136,43.46,0.3875,0.7158
2004-10-07,190.97,97.45,1364.40,9.13,5.48,42.059303,43.60,0.3945,0.7180
2004-10-14,191.18,97.50,1367.20,9.13,5.46,41.388943,43.74,0.6010,0.7803
2004-10-21,191.38,97.55,1370.00,9.13,5.44,40.653721,43.88,0.8240,0.8386
2004-10-28,191.58,97.59,1372.80,9.13,5.41,42.124168,44.01,0.4831,0.7457
2004-11-04,191.70,97.69,1374.59,9.13,5.40,43.479298,44.15,0.1727,0.6437
2004-11-11,191.70,97.86,1375.03,9.13,5.40,44.113625,44.30,0.0482,0.5999
2004-11-18,191.70,98.02,1375.48,9.13,5.40,43.681133,44.45,0.1965,0.6519
2004-11-25,191.70,98.19,1375.92,9.13,5.40,44.387512,44.60,0.0535,0.6018
2004-12-02,191.70,98.34,1376.02,9.14,5.40,44.481232,44.77,0.0750,0.6094
2004-12-09,191.67,98.45,1374.08,9.18,5.37,44.430775,45.13,0.1799,0.6462
2004-12-16,191.65,98.55,1372.14,9.22,5.35,44.776752,45.49,0.1834,0.6474
2004-12-23,191.63,98.66,1370.20,9.26,5.33,45.432705,45.85,0.1076,0.6209
2004-12-30,191.61,98.76,1368.25,9.30,5.31,45.324574,46.21,0.2272,0.6625
2005-01-06,191.73,98.90,1368.35,9.31,5.32,44.580078,46.38,0.4602,0.7387
2005-01-13,191.91,99.05,1369.25,9.31,5.34,44.435177,46.47,0.5202,0.7569
2005-01-20,192.09,99.20,1370.15,9.31,5.36,43.862915,46.56,0.6894,0.8046
2005-01-27,192.27,99.35,1371.05,9.31,5.38,44.058506,46.65,0.6623,0.7973
2005-02-03,192.45,99.45,1371.68,9.31,5.39,45.347946,46.71,0.3478,0.7029
2005-02-10,192.63,99.41,1371.60,9.31,5.34,45.521805,46.69,0.2993,0.6869
2005-02-17,192.80,99.38,1371.53,9.31,5.29,45.261009,46.68,0.3620,0.7075
2005-02-24,192.98,99.34,1371.45,9.31,5.24,45.637707,46.66,0.2616,0.6742
2005-03-03,193.14,99.33,1370.57,9.32,5.20,45.985424,46.68,0.1773,0.6453
2005-03-10,193.27,99.36,1367.68,9.35,5.20,45.246532,46.78,0.3923,0.7173
2005-03-17,193.41,99.39,1364.79,9.38,5.20,44.811882,46.88,0.5295,0.7596
2005-03-24,193.55,99.43,1361.90,9.41,5.20,43.949829,46.98,0.7759,0.8268
2005-03-31,193.68,99.46,1359.01,9.43,5.20,43.899132,47.09,0.8149,0.8364
2005-04-07,193.68,99.49,1360.08,9.44,5.18,44.395824,47.21,0.7202,0.8126
2005-04-14,193.66,99.52,1361.81,9.44,5.16,42.819134,47.34,1.1567,0.9085
2005-04-21,193.63,99.55,1363.53,9.44,5.13,43.293602,47.47,1.0686,0.8918
2005-04-28,193.61,99.58,1365.26,9.44,5.11,43.527191,47.60,1.0422,0.8866
2005-05-05,193.61,99.65,1367.66,9.44,5.09,44.096558,47.78,0.9422,0.8656
2005-05-12,193.64,99.73,1370.58,9.44,5.06,43.395802,48.00,1.1763,0.9120
2005-05-19,193.66,99.82,1373.49,9.44,5.04,44.819214,48.21,0.8671,0.8487
2005-05-26,193.68,99.91,1376.40,9.44,5.02,45.111179,48.42,0.8473,0.8441
2005-06-02,193.74,99.97,1378.53,9.44,5.00,45.154991,48.61,0.8833,0.8525
2005-06-09,194.02,99.90,1375.94,9.47,5.00,45.425079,48.61,0.8156,0.8366
2005-06-16,194.30,99.83,1373.35,9.50,5.00,46.330223,48.62,0.5855,0.7759
2005-06-23,194.58,99.76,1370.76,9.53,5.00,45.381275,48.63,0.8295,0.8399
2005-06-30,194.86,99.68,1368.17,9.56,5.00,45.846031,48.63,0.7121,0.8105
2005-07-07,195.13,99.73,1369.70,9.56,4.98,46.395466,48.72,0.5951,0.7787
2005-07-14,195.40,99.79,1371.91,9.56,4.96,46.835026,48.83,0.5100,0.7538
2005-07-21,195.67,99.85,1374.12,9.56,4.94,46.988876,48.94,0.4979,0.7502
2005-07-28,195.95,99.91,1376.34,9.56,4.91,47.091438,49.04,0.4990,0.7505
2005-08-04,196.36,99.76,1377.63,9.56,4.91,46.71048,48.89,0.5585,0.7681
2005-08-11,196.97,99.34,1377.70,9.56,4.93,46.915604,48.41,0.3813,0.7138
2005-08-18,197.58,98.92,1377.76,9.56,4.95,46.607925,47.92,0.3353,0.6988
2005-08-25,198.19,98.50,1377.83,9.56,4.98,46.051147,47.43,0.3529,0.7046
2005-09-01,198.80,98.08,1377.90,9.56,5.00,46.644558,46.94,0.0764,0.6099
2005-09-08,198.87,98.37,1377.50,9.59,5.00,47.472401,47.38,-0.0231,0.5746
2005-09-15,198.94,98.66,1377.11,9.62,5.00,47.509018,47.82,0.0797,0.6111
2005-09-22,199.01,98.95,1376.71,9.65,5.00,46.571289,48.26,0.4317,0.7298
2005-09-29,199.08,99.24,1376.31,9.68,5.00,46.981556,48.70,0.4390,0.7321
2005-10-06,198.94,99.48,1376.20,9.69,5.00,45.842823,48.99,0.8040,0.8337
2005-10-13,198.71,99.71,1376.20,9.69,5.00,45.268871,49.22,1.0092,0.8798
2005-10-20,198.49,99.94,1376.20,9.69,5.00,45.00396,49.44,1.1354,0.9045
2005-10-27,198.26,100.17,1376.20,9.69,5.00,46.034138,49.67,0.9304,0.8630
2005-11-03,198.10,100.37,1376.12,9.69,4.99,46.76997,49.87,0.7931,0.8311
2005-11-10,198.10,100.51,1375.84,9.69,4.97,47.483746,50.00,0.6426,0.7919
2005-11-17,198.10,100.66,1375.56,9.69,4.95,47.90316,50.12,0.5673,0.7707
2005-11-24,198.10,100.80,1375.28,9.69,4.92,48.822956,50.25,0.3640,0.7082
2005-12-01,198.10,100.95,1375.00,9.69,4.90,48.602219,50.37,0.4525,0.7363
2005-12-08,198.37,100.97,1376.33,9.73,4.85,48.50655,50.73,0.5682,0.7709
2005-12-15,198.64,101.00,1377.66,9.76,4.81,48.837688,51.09,0.5748,0.7728
2005-12-22,198.91,101.03,1379.00,9.80,4.76,48.602219,51.44,0.7262,0.8142
2005-12-29,199.18,101.05,1380.33,9.83,4.72,48.114452,51.80,0.9422,0.8656
2006-01-05,199.31,101.07,1380.75,9.85,4.71,49.482826,51.93,0.6256,0.7872
2006-01-12,199.34,101.07,1380.47,9.85,4.74,49.630733,51.89,0.5777,0.7737
2006-01-19,199.36,101.07,1380.20,9.85,4.76,48.654385,51.85,0.8172,0.8369
2006-01-26,199.38,101.07,1379.93,9.85,4.78,49.689922,51.81,0.5423,0.7634
2006-02-02,199.41,101.08,1379.85,9.85,4.80,48.957672,51.79,0.7244,0.8137
2006-02-09,199.49,101.13,1380.93,9.85,4.77,49.357075,51.89,0.6467,0.7930
2006-02-16,199.56,101.18,1382.00,9.85,4.75,50.303833,51.98,0.4290,0.7289
2006-02-23,199.64,101.23,1383.08,9.85,4.72,50.49614,52.08,0.4042,0.7211
2006-03-02,199.73,101.29,1383.93,9.85,4.70,50.355606,52.19,0.4685,0.7412
2006-03-09,199.96,101.38,1383.43,9.88,4.70,50.259434,52.39,0.5452,0.7642
2006-03-16,200.18,101.47,1382.94,9.90,4.70,51.361526,52.59,0.3154,0.6922
2006-03-23,200.41,101.57,1382.44,9.93,4.70,51.257996,52.80,0.3939,0.7178
2006-03-30,200.64,101.66,1381.94,9.95,4.70,50.858582,53.00,0.5480,0.7651
2006-04-06,200.80,101.67,1382.70,9.96,4.68,51.245342,53.08,0.4694,0.7415
2006-04-13,200.94,101.64,1383.96,9.96,4.66,51.022331,53.11,0.5339,0.7609
2006-04-20,201.08,101.62,1385.22,9.96,4.64,52.107616,53.14,0.2639,0.6750
2006-04-27,201.22,101.59,1386.48,9.96,4.61,52.494164,53.17,0.1726,0.6436
2006-05-04,201.35,101.62,1385.88,9.96,4.60,53.237469,53.15,-0.0232,0.5746
2006-05-11,201.46,101.71,1382.81,9.96,4.60,51.92178,53.06,0.2900,0.6838
2006-05-18,201.57,101.80,1379.74,9.96,4.60,50.866241,52.96,0.5367,0.7617
2006-05-25,201.69,101.89,1376.67,9.96,4.60,51.408878,52.87,0.3746,0.7116
2006-06-01,201.80,101.97,1373.60,9.96,4.60,51.929207,52.78,0.2183,0.6594
2006-06-08,202.06,101.97,1372.83,10.00,4.62,50.345928,53.00,0.6780,0.8015
2006-06-15,202.31,101.96,1372.06,10.04,4.65,50.174931,53.21,0.7764,0.8270
2006-06-22,202.57,101.95,1371.29,10.08,4.67,49.855316,53.43,0.9129,0.8592
2006-06-29,202.83,101.94,1370.52,10.12,4.69,51.323669,53.64,0.5922,0.7778
2006-07-06,203.05,102.00,1370.57,10.13,4.70,51.204166,53.73,0.6456,0.7927
2006-07-13,203.25,102.09,1370.96,10.13,4.70,49.859623,53.77,0.9994,0.8778
2006-07-20,203.45,102.18,1371.34,10.13,4.70,50.053844,53.81,0.9597,0.8694
2006-07-27,203.65,102.27,1371.73,10.13,4.70,51.868954,53.85,0.5055,0.7524
2006-08-03,203.74,102.32,1371.45,10.13,4.69,51.981003,53.87,0.4824,0.7455
2006-08-10,203.51,102.27,1369.50,10.13,4.64,51.204166,53.85,0.6759,0.8010
2006-08-17,203.28,102.22,1367.56,10.13,4.60,52.600979,53.83,0.3135,0.6916
2006-08-24,203.06,102.17,1365.62,10.13,4.55,52.272324,53.81,0.3923,0.7173
2006-08-31,202.83,102.13,1363.68,10.13,4.51,52.81012,53.79,0.2496,0.6701
2006-09-07,202.62,102.11,1364.68,10.16,4.48,52.347015,54.09,0.4454,0.7341
2006-09-14,202.41,102.10,1366.17,10.18,4.46,53.108921,54.44,0.3417,0.7009
2006-09-21,202.20,102.08,1367.67,10.21,4.43,52.981937,54.80,0.4653,0.7402
2006-09-28,201.99,102.07,1369.16,10.24,4.41,53.639267,55.16,0.3883,0.7160
2006-10-05,201.91,102.05,1369.93,10.25,4.41,54.561127,55.29,0.1858,0.6482
2006-10-12,201.94,102.03,1370.15,10.25,4.44,55.40192,55.25,-0.0393,0.5688
2006-10-19,201.96,102.00,1370.38,10.25,4.46,55.311832,55.21,-0.0264,0.5734
2006-10-26,201.98,101.98,1370.61,10.25,4.48,55.814793,55.17,-0.1651,0.5245
2006-11-02,202.04,101.99,1370.69,10.25,4.50,55.131664,55.15,0.0055,0.5848
2006-11-09,202.29,102.24,1369.95,10.25,4.47,55.957417,55.28,-0.1729,0.5218
2006-11-16,202.55,102.49,1369.20,10.25,4.45,56.715637,55.41,-0.3341,0.4672
2006-11-23,202.81,102.74,1368.45,10.25,4.43,56.685623,55.54,-0.2937,0.4806
2006-11-30,203.06,102.99,1367.71,10.25,4.40,56.497948,55.67,-0.2130,0.5080
2006-12-07,203.17,102.92,1368.88,10.28,4.44,57.286171,55.81,-0.3781,0.4529
2006-12-14,203.24,102.80,1370.37,10.31,4.48,58.051895,55.95,-0.5368,0.4038
2006-12-21,203.32,102.68,1371.86,10.33,4.53,57.316196,56.10,-0.3116,0.4746
2006-12-28,203.39,102.56,1373.35,10.36,4.57,58.048313,56.24,-0.4617,0.4265
2007-01-04,203.51,102.59,1373.29,10.38,4.59,57.534958,56.36,-0.3009,0.4782
2007-01-11,203.69,102.83,1371.17,10.38,4.57,58.395596,56.43,-0.5017,0.4143
2007-01-18,203.87,103.07,1369.05,10.38,4.55,58.52396,56.51,-0.5153,0.4102
2007-01-25,204.05,103.31,1366.92,10.38,4.52,58.36541,56.58,-0.4555,0.4284
2007-02-01,204.23,103.54,1364.80,10.38,4.50,59.505386,56.66,-0.7277,0.3510
2007-02-08,204.49,103.60,1365.50,10.38,4.48,59.21096,56.70,-0.6428,0.3736
2007-02-15,204.76,103.65,1366.20,10.38,4.45,60.003647,56.73,-0.8359,0.3242
2007-02-22,205.02,103.70,1366.90,10.38,4.43,59.830013,56.77,-0.7819,0.3373
2007-03-01,205.29,103.75,1367.60,10.38,4.40,57.16502,56.81,-0.0908,0.5506
2007-03-08,205.43,103.92,1370.13,10.40,4.42,57.972832,57.14,-0.2124,0.5082
2007-03-15,205.57,104.09,1372.66,10.42,4.45,57.308468,57.47,0.0423,0.5978
2007-03-22,205.71,104.26,1375.19,10.43,4.47,59.361935,57.81,-0.3979,0.4465
2007-03-29,205.84,104.43,1377.72,10.45,4.49,58.584332,58.14,-0.1141,0.5424
2007-04-05,206.02,104.51,1379.08,10.46,4.49,59.603306,58.29,-0.3371,0.4662
2007-04-12,206.22,104.52,1379.57,10.46,4.46,59.997959,58.29,-0.4358,0.4345
2007-04-19,206.41,104.53,1380.06,10.46,4.44,61.34898,58.30,-0.7791,0.3380
2007-04-26,206.61,104.54,1380.55,10.46,4.42,61.720867,58.31,-0.8720,0.3157
2007-05-03,206.79,104.54,1379.93,10.46,4.41,62.343266,58.25,-1.0455,0.2784
2007-05-10,206.89,104.55,1376.52,10.46,4.46,62.555767,58.04,-1.1558,0.2573
2007-05-17,207.00,104.55,1373.11,10.46,4.50,63.307171,57.82,-1.4039,0.2164
2007-05-24,207.11,104.56,1369.70,10.46,4.55,63.041515,57.60,-1.3920,0.2182
2007-05-31,207.22,104.57,1366.29,10.46,4.59,63.846062,57.38,-1.6537,0.1829
2007-06-07,207.31,104.56,1366.32,10.48,4.62,62.457108,57.54,-1.2584,0.2394
2007-06-14,207.39,104.55,1366.93,10.51,4.64,63.588028,57.76,-1.4914,0.2039
2007-06-21,207.48,104.54,1367.53,10.54,4.67,62.358425,57.98,-1.1208,0.2638
2007-06-28,207.57,104.53,1368.14,10.57,4.69,62.009289,58.19,-0.9754,0.2928
2007-07-05,207.61,104.55,1369.38,10.59,4.69,63.362099,58.37,-1.2777,0.2361
2007-07-12,207.63,104.60,1371.10,10.59,4.66,64.216614,58.50,-1.4618,0.2080
2007-07-19,207.64,104.65,1372.81,10.59,4.64,63.209503,58.63,-1.1699,0.2547
2007-07-26,207.65,104.70,1374.53,10.59,4.62,59.715237,58.77,-0.2420,0.4980
2007-08-02,207.70,104.75,1375.95,10.59,4.60,58.853104,58.88,0.0074,0.5854
2007-08-09,207.89,104.84,1375.56,10.59,4.63,59.56266,58.87,-0.1780,0.5201
2007-08-16,208.09,104.94,1375.18,10.59,4.65,59.738129,58.85,-0.2267,0.5033
2007-08-23,208.29,105.03,1374.79,10.59,4.67,61.164833,58.84,-0.5954,0.3868
2007-08-30,208.49,105.12,1374.41,10.59,4.69,60.623161,58.82,-0.4608,0.4268
2007-09-06,208.65,105.08,1375.07,10.60,4.70,59.707619,58.89,-0.2081,0.5097
2007-09-13,208.80,104.98,1376.14,10.62,4.70,60.996994,59.00,-0.5104,0.4117
2007-09-20,208.95,104.88,1377.21,10.64,4.70,62.583908,59.11,-0.8887,0.3119
2007-09-27,209.10,104.77,1378.29,10.67,4.70,62.149006,59.22,-0.7500,0.3453
2007-10-04,209.35,104.77,1378.19,10.68,4.70,64.119759,59.25,-1.2443,0.2417
2007-10-11,209.72,104.91,1376.55,10.68,4.70,64.050652,59.20,-1.2405,0.2424
2007-10-18,210.09,105.04,1374.90,10.68,4.70,61.096729,59.15,-0.4991,0.4151
2007-10-25,210.46,105.17,1373.25,10.68,4.70,62.761658,59.09,-0.9388,0.3007
2007-11-01,210.83,105.30,1371.60,10.68,4.70,61.31155,59.04,-0.5819,0.3907
2007-11-08,210.98,105.32,1372.35,10.68,4.77,59.078838,58.97,-0.0283,0.5728
2007-11-15,211.12,105.33,1373.09,10.68,4.84,59.124882,58.90,-0.0574,0.5624
2007-11-22,211.26,105.34,1373.84,10.68,4.91,58.035381,58.83,0.2039,0.6545
2007-11-29,211.40,105.35,1374.59,10.68,4.98,60.268093,58.76,-0.3845,0.4508
2007-12-06,211.56,105.31,1375.78,10.66,5.00,60.92028,58.60,-0.5934,0.3874
2007-12-13,211.73,105.24,1377.16,10.64,5.00,59.347385,58.40,-0.2433,0.4976
2007-12-20,211.89,105.18,1378.54,10.62,5.00,59.830746,58.19,-0.4190,0.4398
2007-12-27,212.06,105.12,1379.92,10.60,5.00,59.094196,57.99,-0.2827,0.4843
2008-01-03,212.21,105.05,1381.01,10.58,4.99,56.797951,57.83,0.2637,0.6749
2008-01-10,212.32,104.97,1381.39,10.58,4.97,56.66674,57.78,0.2850,0.6821
2008-01-17,212.44,104.89,1381.78,10.58,4.95,53.432838,57.73,1.0997,0.8978
2008-01-24,212.55,104.81,1382.16,10.58,4.93,54.528816,57.69,0.8072,0.8345
2008-01-31,212.67,104.73,1382.55,10.58,4.90,57.901646,57.64,-0.0676,0.5588
2008-02-07,212.84,104.66,1384.13,10.58,4.94,54.876129,57.58,0.6904,0.8048
2008-02-14,213.03,104.60,1385.92,10.58,4.99,55.51675,57.51,0.5102,0.7539
2008-02-21,213.21,104.54,1387.70,10.58,5.04,55.57851,57.45,0.4781,0.7442
2008-02-28,213.40,104.48,1389.49,10.58,5.09,54.196945,57.38,0.8151,0.8364
2008-03-06,213.53,104.34,1390.34,10.59,5.08,52.483501,57.31,1.2354,0.9224
2008-03-13,213.64,104.16,1390.81,10.59,5.06,52.051285,57.24,1.3275,0.9375
2008-03-20,213.75,103.98,1391.29,10.60,5.04,54.690907,57.17,0.6341,0.7896
2008-03-27,213.86,103.80,1391.76,10.60,5.02,53.131832,57.10,1.0144,0.8809
2008-04-03,214.03,103.63,1392.19,10.61,5.03,55.864815,56.97,0.2832,0.6815
2008-04-10,214.32,103.50,1392.52,10.61,5.12,53.851315,56.71,0.7311,0.8155
2008-04-17,214.62,103.36,1392.85,10.61,5.21,55.857025,56.45,0.1512,0.6362
2008-04-24,214.91,103.22,1393.17,10.61,5.31,56.416752,56.19,-0.0590,0.5619
2008-05-01,215.21,103.09,1393.50,10.61,5.40,57.334133,55.92,-0.3606,0.4585
2008-05-08,215.72,103.03,1395.40,10.61,5.45,55.7715,55.80,0.0065,0.5851
2008-05-15,216.23,102.97,1397.29,10.61,5.49,57.116444,55.67,-0.3699,0.4555
2008-05-22,216.74,102.92,1399.19,10.61,5.54,54.900829,55.54,0.1641,0.6407
2008-05-29,217.24,102.86,1401.09,10.61,5.58,55.825943,55.42,-0.1049,0.5456
2008-06-05,217.67,102.76,1403.91,10.58,5.63,53.835762,55.08,0.3170,0.6927
2008-06-12,218.03,102.64,1407.44,10.53,5.67,53.470371,54.57,0.2824,0.6812
2008-06-19,218.39,102.51,1410.96,10.48,5.72,51.487991,54.07,0.6614,0.7971
2008-06-26,218.76,102.38,1414.48,10.42,5.77,49.311222,53.57,1.0901,0.8960
2008-07-03,218.99,102.19,1416.34,10.39,5.82,49.003239,53.09,1.0458,0.8873
2008-07-10,218.92,101.84,1414.01,10.39,5.89,48.024738,52.66,1.1850,0.9136
2008-07-17,218.85,101.48,1411.68,10.39,5.95,49.793865,52.22,0.6215,0.7861
2008-07-24,218.77,101.13,1409.36,10.39,6.02,49.637295,51.79,0.5505,0.7658
2008-07-31,218.70,100.77,1407.03,10.39,6.09,50.091343,51.36,0.3234,0.6949
2008-08-07,218.73,99.88,1417.15,10.39,6.10,51.586479,51.09,-0.1276,0.5377
2008-08-14,218.77,98.89,1429.35,10.39,6.10,51.539494,50.85,-0.1773,0.5203
2008-08-21,218.81,97.91,1441.54,10.39,6.10,50.889782,50.61,-0.0728,0.5570
2008-08-28,218.85,96.92,1453.73,10.39,6.10,51.015018,50.36,-0.1665,0.5241
2008-09-04,218.69,96.45,1461.96,10.30,6.14,50.02869,49.63,-0.1017,0.5468
2008-09-11,218.25,96.67,1464.90,10.10,6.23,50.334,48.24,-0.5349,0.4044
2008-09-18,217.81,96.88,1467.84,9.89,6.33,50.584507,46.85,-0.9540,0.2974
2008-09-25,217.37,97.10,1470.78,9.69,6.42,48.564865,45.47,-0.7927,0.3346
2008-10-02,216.87,97.24,1474.62,9.51,6.51,44.718033,44.32,-0.1020,0.5467
2008-10-09,216.00,96.97,1483.83,9.51,6.58,36.882332,44.63,1.9816,1.0177
2008-10-16,215.14,96.69,1493.04,9.51,6.65,38.002838,44.94,1.7749,0.9967
2008-10-23,214.27,96.41,1502.25,9.51,6.71,35.272564,45.26,2.5530,1.0618
2008-10-30,213.40,96.13,1511.47,9.51,6.78,39.194359,45.57,1.6299,0.9798
2008-11-06,212.86,95.59,1529.00,9.51,6.88,37.363663,45.92,2.1885,1.0357
2008-11-13,212.45,94.93,1549.86,9.51,7.00,34.799122,46.29,2.9390,1.0835
2008-11-20,212.04,94.28,1570.72,9.51,7.12,30.940434,46.66,4.0204,1.1244
2008-11-27,211.63,93.63,1591.58,9.51,7.23,35.564529,47.03,2.9326,1.0832
2008-12-04,211.45,93.04,1601.93,9.48,7.35,35.359371,46.62,2.8807,1.0806
2008-12-11,211.57,92.54,1598.27,9.38,7.46,34.901684,45.18,2.6282,1.0665
2008-12-18,211.69,92.04,1594.62,9.29,7.57,35.130531,43.73,2.2002,1.0367
2008-12-25,211.81,91.53,1590.96,9.20,7.69,34.207283,42.29,2.0667,1.0254
2009-01-01,211.93,91.03,1587.30,9.11,7.80,36.885708,40.84,1.0122,0.8805
2009-01-08,212.11,90.90,1583.42,9.11,7.91,35.130772,40.41,1.3491,0.9409
2009-01-15,212.28,90.76,1579.53,9.11,8.03,32.865295,39.97,1.8165,1.0012
2009-01-22,212.46,90.63,1575.65,9.11,8.14,32.003777,39.53,1.9250,1.0122
2009-01-29,212.63,90.50,1571.76,9.11,8.25,31.660769,39.09,1.9008,1.0098
2009-02-05,212.68,90.23,1571.59,9.11,8.36,32.913151,38.76,1.4944,0.9621
2009-02-12,212.62,89.88,1574.19,9.11,8.46,31.054516,38.50,1.9030,1.0101
2009-02-19,212.57,89.52,1576.79,9.11,8.56,28.54973,38.24,2.4769,1.0569
2009-02-26,212.52,89.16,1579.39,9.11,8.66,27.504742,37.97,2.6774,1.0694
2009-03-05,212.52,88.92,1584.62,9.08,8.74,25.143549,37.60,3.1859,1.0950
2009-03-12,212.57,88.76,1591.82,9.01,8.81,28.469952,37.15,2.2185,1.0381
2009-03-19,212.62,88.59,1599.02,8.94,8.87,28.972509,36.69,1.9733,1.0169
2009-03-26,212.67,88.43,1606.23,8.87,8.94,30.695543,36.23,1.4159,0.9509
2009-04-02,212.72,88.27,1612.57,8.81,9.01,32.01078,35.81,0.9711,0.8719
2009-04-09,212.79,88.06,1613.73,8.81,9.11,32.905563,35.58,0.6838,0.8031
2009-04-16,212.87,87.85,1614.90,8.81,9.20,33.79229,35.35,0.3986,0.7193
2009-04-23,212.94,87.64,1616.07,8.81,9.29,33.268307,35.12,0.4741,0.7429
2009-04-30,213.01,87.44,1617.23,8.81,9.39,33.623001,34.89,0.3250,0.6954
2009-05-07,213.36,87.34,1624.83,8.81,9.42,36.525024,35.04,-0.3810,0.4519
2009-05-14,213.76,87.27,1633.50,8.81,9.44,34.308197,35.24,0.2378,0.6661
2009-05-21,214.16,87.19,1642.17,8.81,9.46,34.4533,35.44,0.2526,0.6712
2009-05-28,214.56,87.11,1650.85,8.81,9.49,35.678596,35.64,-0.0088,0.5797
2009-06-04,214.78,87.17,1655.96,8.80,9.50,36.12196,35.74,-0.0979,0.5481
2009-06-11,214.77,87.39,1656.33,8.77,9.50,36.460522,35.69,-0.1971,0.5134
2009-06-18,214.75,87.61,1656.71,8.74,9.50,35.372269,35.64,0.0685,0.6071
2009-06-25,214.74,87.84,1657.08,8.71,9.50,35.162689,35.59,0.1094,0.6215
2009-07-02,214.75,88.06,1657.46,8.69,9.50,34.61837,35.57,0.2426,0.6677
2009-07-09,214.91,88.29,1657.89,8.69,9.53,33.757988,35.70,0.4961,0.7496
2009-07-16,215.07,88.51,1658.32,8.69,9.55,36.160576,35.83,-0.0848,0.5527
2009-07-23,215.24,88.74,1658.75,8.69,9.57,37.759598,35.96,-0.4602,0.4269
2009-07-30,215.40,88.96,1659.18,8.69,9.59,38.425175,36.09,-0.5969,0.3864
2009-08-06,215.51,89.13,1659.95,8.69,9.63,40.024208,36.19,-0.9805,0.2918
2009-08-13,215.61,89.28,1660.85,8.69,9.68,39.75634,36.28,-0.8899,0.3116
2009-08-20,215.70,89.44,1661.75,8.69,9.72,40.681675,36.36,-1.1045,0.2669
2009-08-27,215.79,89.59,1662.65,8.69,9.77,40.88459,36.45,-1.1343,0.2612
2009-09-03,215.90,89.72,1664.23,8.69,9.81,40.137829,36.54,-0.9200,0.3049
2009-09-10,216.06,89.79,1667.50,8.69,9.86,41.11187,36.64,-1.1425,0.2597
2009-09-17,216.21,89.85,1670.77,8.69,9.91,42.256336,36.75,-1.4085,0.2157
2009-09-24,216.36,89.92,1674.03,8.68,9.95,41.055035,36.85,-1.0747,0.2726
2009-10-01,216.51,89.99,1677.30,8.68,10.00,40.419937,36.96,-0.8857,0.3126
2009-10-08,216.67,90.07,1678.41,8.68,9.98,42.354809,37.06,-1.3553,0.2238
2009-10-15,216.84,90.15,1679.51,8.68,9.95,42.844643,37.15,-1.4553,0.2089
2009-10-22,217.00,90.24,1680.62,8.68,9.93,42.232342,37.25,-1.2735,0.2368
2009-10-29,217.16,90.32,1681.73,8.68,9.91,40.272991,37.35,-0.7472,0.3460
2009-11-05,217.25,90.39,1683.79,8.68,9.90,41.530235,37.49,-1.0340,0.2807
2009-11-12,217.28,90.45,1686.56,8.68,9.90,42.583401,37.65,-1.2613,0.2389
2009-11-19,217.30,90.51,1689.34,8.68,9.90,42.656868,37.81,-1.2382,0.2428
2009-11-26,217.33,90.58,1692.12,8.68,9.90,42.575241,37.98,-1.1754,0.2537
2009-12-03,217.36,90.69,1693.13,8.68,9.89,43.350811,38.10,-1.3419,0.2258
2009-12-10,217.39,90.93,1689.72,8.68,9.87,43.473267,38.13,-1.3669,0.2220
2009-12-17,217.42,91.17,1686.31,8.68,9.85,43.309986,38.15,-1.3188,0.2295
2009-12-24,217.45,91.41,1682.90,8.67,9.83,43.701859,38.18,-1.4126,0.2151
2009-12-31,217.48,91.65,1679.49,8.67,9.80,43.570789,38.20,-1.3727,0.2211
2010-01-07,217.45,91.75,1683.55,8.67,9.80,45.083145,38.46,-1.6931,0.1782
2010-01-14,217.40,91.82,1688.85,8.67,9.80,44.73793,38.76,-1.5284,0.1989
2010-01-21,217.35,91.89,1694.16,8.67,9.80,43.143379,39.06,-1.0442,0.2786
2010-01-28,217.31,91.97,1699.47,8.67,9.80,42.666653,39.36,-0.8458,0.3218
2010-02-04,217.29,92.07,1703.68,8.67,9.81,42.198154,39.62,-0.6598,0.3690
2010-02-11,217.31,92.22,1706.43,8.67,9.84,42.477612,39.82,-0.6787,0.3639
2010-02-18,217.32,92.37,1709.18,8.67,9.86,43.825584,40.03,-0.9709,0.2938
2010-02-25,217.34,92.52,1711.93,8.67,9.89,43.776276,40.23,-0.9057,0.3080
2010-03-04,217.36,92.64,1712.15,8.67,9.90,45.16534,40.35,-1.2301,0.2441
2010-03-11,217.37,92.72,1709.02,8.68,9.90,45.600964,40.36,-1.3397,0.2262
2010-03-18,217.38,92.80,1705.88,8.69,9.90,46.168095,40.37,-1.4828,0.2051
2010-03-25,217.39,92.88,1702.74,8.70,9.90,46.357143,40.38,-1.5293,0.1987
2010-04-01,217.40,92.96,1699.60,8.71,9.90,47.034573,40.38,-1.7007,0.1773
2010-04-08,217.38,93.27,1702.12,8.71,9.83,47.785881,40.82,-1.7816,0.1682
2010-04-15,217.35,93.58,1704.64,8.71,9.76,47.653782,41.25,-1.6366,0.1850
2010-04-22,217.32,93.90,1707.16,8.71,9.69,48.685795,41.69,-1.7893,0.1674
2010-04-29,217.30,94.21,1709.68,8.71,9.62,47.521694,42.12,-1.3804,0.2199
2010-05-06,217.28,94.32,1713.38,8.71,9.57,44.599056,42.43,-0.5538,0.3988
2010-05-13,217.25,94.35,1717.56,8.71,9.52,45.556763,42.69,-0.7322,0.3498
2010-05-20,217.23,94.38,1721.74,8.71,9.48,43.64962,42.95,-0.1780,0.5201
2010-05-27,217.21,94.41,1725.92,8.71,9.43,43.756939,43.21,-0.1390,0.5337
2010-06-03,217.23,94.46,1728.31,8.71,9.40,42.568077,43.35,0.2001,0.6532
2010-06-10,217.32,94.55,1726.26,8.69,9.40,43.64962,43.18,-0.1198,0.5404
2010-06-17,217.42,94.65,1724.21,8.68,9.40,44.61557,43.01,-0.4101,0.4426
2010-06-24,217.51,94.74,1722.15,8.66,9.40,42.840527,42.84,0.0005,0.5830
2010-07-01,217.61,94.84,1720.10,8.65,9.40,40.753929,42.67,0.4908,0.7480
2010-07-08,217.68,94.91,1726.33,8.65,9.42,43.102398,42.96,-0.0369,0.5697
2010-07-15,217.75,94.97,1732.56,8.65,9.45,42.538113,43.24,0.1801,0.6463
2010-07-22,217.82,95.04,1738.80,8.65,9.47,43.948849,43.53,-0.1079,0.5446
2010-07-29,217.89,95.11,1745.03,8.65,9.49,44.139706,43.81,-0.0839,0.5531
2010-08-05,217.97,95.17,1749.91,8.65,9.50,44.820179,44.04,-0.1994,0.5127
2010-08-12,218.05,95.22,1753.77,8.65,9.50,43.260071,44.23,0.2473,0.6693
2010-08-19,218.13,95.26,1757.63,8.65,9.50,42.787052,44.41,0.4160,0.7248
2010-08-26,218.21,95.31,1761.49,8.65,9.50,42.662579,44.60,0.4956,0.7495
2010-09-02,218.30,95.34,1765.31,8.64,9.50,44.305683,44.71,0.1022,0.6190
2010-09-09,218.48,95.28,1768.85,8.58,9.47,44.496555,44.32,-0.0451,0.5668
2010-09-16,218.66,95.22,1772.40,8.52,9.45,44.878281,43.93,-0.2412,0.4983
2010-09-23,218.83,95.17,1775.95,8.46,9.43,45.318096,43.55,-0.4522,0.4294
2010-09-30,219.01,95.11,1779.49,8.41,9.40,45.590591,43.16,-0.6204,0.3798
2010-10-07,219.14,95.11,1789.23,8.40,9.48,46.400982,43.41,-0.7651,0.3415
2010-10-14,219.27,95.12,1800.00,8.40,9.57,46.275661,43.76,-0.6437,0.3734
2010-10-21,219.39,95.12,1810.77,8.40,9.66,46.634907,44.11,-0.6463,0.3727
2010-10-28,219.52,95.13,1821.55,8.40,9.75,46.50959,44.46,-0.5248,0.4073
2010-11-04,219.68,95.23,1828.68,8.40,9.75,48.280746,44.80,-0.8892,0.3118
2010-11-11,219.88,95.44,1830.97,8.40,9.63,47.228081,45.15,-0.5324,0.4051
2010-11-18,220.09,95.65,1833.25,8.40,9.52,47.177948,45.49,-0.4320,0.4357
2010-11-25,220.30,95.85,1835.54,8.40,9.40,46.367554,45.83,-0.1372,0.5343
2010-12-02,220.50,96.03,1838.15,8.39,9.29,48.080246,46.09,-0.5097,0.4119
2010-12-09,220.66,96.01,1842.71,8.33,9.25,49.024296,45.83,-0.8181,0.3284
2010-12-16,220.82,95.99,1847.27,8.28,9.20,49.199745,45.56,-0.9300,0.3026
2010-12-23,220.98,95.96,1851.84,8.22,9.16,49.64254,45.30,-1.1103,0.2657
2010-12-30,221.14,95.94,1856.40,8.17,9.11,50.084099,45.04,-1.2903,0.2341
2011-01-06,221.30,95.87,1860.46,8.15,9.08,50.790096,45.02,-1.4749,0.2062
2011-01-13,221.46,95.77,1864.32,8.15,9.06,51.790264,45.11,-1.7095,0.1763
2011-01-20,221.62,95.68,1868.18,8.15,9.04,51.61377,45.19,-1.6432,0.1842
2011-01-27,221.78,95.58,1872.04,8.15,9.02,51.311188,45.27,-1.5447,0.1967
2011-02-03,221.98,95.58,1876.07,8.15,9.00,52.689568,45.42,-1.8592,0.1600
2011-02-10,222.27,95.82,1880.52,8.15,9.00,53.395573,45.73,-1.9598,0.1500
2011-02-17,222.55,96.06,1884.97,8.15,9.00,54.101589,46.04,-2.0604,0.1407
2011-02-24,222.84,96.30,1889.42,8.15,9.00,53.185467,46.36,-1.7462,0.1721
2011-03-03,223.11,96.44,1893.15,8.14,9.01,53.143433,46.50,-1.6997,0.1775
2011-03-10,223.35,96.37,1895.07,8.11,9.03,52.706379,46.20,-1.6626,0.1819
2011-03-17,223.59,96.29,1896.99,8.09,9.05,51.91634,45.91,-1.5352,0.1980
2011-03-24,223.82,96.22,1898.91,8.06,9.07,52.790432,45.62,-1.8334,0.1626
2011-03-31,224.06,96.14,1900.83,8.03,9.10,53.738129,45.33,-2.1504,0.1330
2011-04-07,224.24,96.17,1908.54,8.02,9.08,53.72126,45.63,-2.0684,0.1400
2011-04-14,224.40,96.22,1917.22,8.02,9.06,53.248455,46.04,-1.8445,0.1615
2011-04-21,224.57,96.27,1925.90,8.02,9.03,53.619934,46.44,-1.8364,0.1623
2011-04-28,224.73,96.31,1934.58,8.02,9.01,54.776592,46.84,-2.0292,0.1435
2011-05-05,224.81,96.37,1940.35,8.02,9.01,53.712811,47.12,-1.6872,0.1789
2011-05-12,224.81,96.42,1943.94,8.02,9.04,53.442638,47.29,-1.5729,0.1930
2011-05-19,224.81,96.48,1947.53,8.02,9.06,53.31599,47.47,-1.4954,0.2033
2011-05-26,224.81,96.54,1951.12,8.02,9.08,53.231564,47.64,-1.4286,0.2128
2011-06-02,224.83,96.61,1955.68,8.01,9.10,51.956718,47.73,-1.0811,0.2713
2011-06-09,224.96,96.73,1966.01,7.88,9.07,50.84227,47.26,-0.9167,0.3056
2011-06-16,225.10,96.85,1976.35,7.76,9.05,51.036457,46.79,-1.0868,0.2702
2011-06-23,225.24,96.96,1986.69,7.64,9.03,50.445461,46.32,-1.0562,0.2762
2011-06-30,225.38,97.08,1997.02,7.52,9.00,53.365505,45.84,-1.9235,0.1535
2011-07-07,225.53,97.21,2020.49,7.50,9.00,53.170338,46.79,-1.6317,0.1856
2011-07-14,225.69,97.34,2046.14,7.50,9.00,51.973866,47.97,-1.0235,0.2828
2011-07-21,225.85,97.46,2071.79,7.50,9.00,52.975163,49.15,-0.9773,0.2924
2011-07-28,226.01,97.59,2097.44,7.50,9.00,50.726505,50.34,-0.1000,0.5474
2011-08-04,226.15,97.66,2113.49,7.50,9.00,46.958931,51.06,1.0480,0.8877
2011-08-11,226.26,97.65,2116.75,7.50,9.00,45.821869,51.16,1.3663,0.9435
2011-08-18,226.38,97.64,2120.00,7.50,9.00,44.090805,51.27,1.8365,1.0033
2011-08-25,226.49,97.62,2123.25,7.50,9.00,45.906723,51.38,1.3996,0.9485
2011-09-01,226.60,97.61,2126.50,7.50,9.00,45.703072,51.49,1.4792,0.9600
2011-09-08,226.63,97.77,2129.49,7.46,8.95,44.837536,51.45,1.6901,0.9870
2011-09-15,226.67,97.93,2132.47,7.42,8.91,47.145611,51.41,1.0895,0.8959
2011-09-22,226.70,98.09,2135.46,7.38,8.86,43.691998,51.37,1.9622,1.0158
2011-09-29,226.74,98.25,2138.45,7.34,8.81,43.768364,51.32,1.9323,1.0129
2011-10-06,226.82,98.28,2143.59,7.33,8.77,44.891373,51.51,1.6931,0.9874
2011-10-13,226.91,98.27,2149.60,7.33,8.72,47.351646,51.79,1.1355,0.9046
2011-10-20,227.01,98.26,2155.60,7.33,8.68,48.496342,52.07,0.9142,0.8594
2011-10-27,227.10,98.24,2161.61,7.33,8.63,50.495327,52.35,0.4745,0.7430
2011-11-03,227.17,98.27,2165.81,7.33,8.59,48.949116,52.58,0.9287,0.8627
2011-11-10,227.19,98.39,2165.51,7.33,8.57,49.470219,52.69,0.8227,0.8383
2011-11-17,227.20,98.52,2165.21,7.33,8.55,47.513954,52.79,1.3502,0.9410
2011-11-24,227.21,98.64,2164.90,7.33,8.52,45.190369,52.90,1.9717,1.0167
2011-12-01,227.22,98.77,2164.60,7.33,8.50,48.744087,53.01,1.0902,0.8960
2011-12-08,227.36,98.90,2173.84,7.30,8.45,49.28228,53.36,1.0416,0.8864
2011-12-15,227.50,99.04,2183.07,7.28,8.41,48.017967,53.70,1.4539,0.9564
2011-12-22,227.64,99.17,2192.31,7.26,8.36,49.794842,54.05,1.0886,0.8957
2011-12-29,227.78,99.31,2201.54,7.24,8.32,49.741219,54.40,1.1913,0.9147
2012-01-05,227.90,99.40,2206.30,7.23,8.30,50.842182,54.60,0.9603,0.8695
2012-01-12,228.01,99.47,2207.70,7.23,8.30,51.607681,54.68,0.7861,0.8293
2012-01-19,228.12,99.53,2209.10,7.23,8.30,52.682838,54.77,0.5327,0.7606
2012-01-26,228.23,99.59,2210.50,7.23,8.30,52.459217,54.85,0.6115,0.7833
2012-02-02,228.35,99.63,2212.33,7.23,8.30,53.758003,54.94,0.3016,0.6876
2012-02-09,228.46,99.51,2216.75,7.23,8.27,53.534378,55.04,0.3849,0.7149
2012-02-16,228.58,99.39,2221.17,7.23,8.25,54.48912,55.14,0.1669,0.6416
2012-02-23,228.69,99.28,2225.58,7.23,8.22,54.35149,55.24,0.2282,0.6628
2012-03-01,228.81,99.16,2230.00,7.23,8.20,54.540726,55.35,0.2059,0.6552
2012-03-08,228.89,99.33,2234.06,7.21,8.20,54.66114,55.48,0.2093,0.6564
2012-03-15,228.98,99.50,2238.13,7.19,8.20,56.209381,55.61,-0.1523,0.5290
2012-03-22,229.06,99.67,2242.19,7.17,8.20,55.891129,55.75,-0.0367,0.5698
2012-03-29,229.15,99.84,2246.26,7.15,8.20,55.848125,55.88,0.0085,0.5858
2012-04-05,229.12,99.94,2249.19,7.15,8.20,55.327389,56.02,0.1780,0.6455
2012-04-12,229.01,99.98,2251.26,7.15,8.20,54.203373,56.17,0.5034,0.7518
2012-04-19,228.90,100.02,2253.34,7.15,8.20,54.704849,56.32,0.4131,0.7239
2012-04-26,228.79,100.07,2255.42,7.15,8.20,55.595421,56.47,0.2233,0.6611
2012-05-03,228.70,100.09,2258.15,7.15,8.20,54.203373,56.63,0.6204,0.7858
2012-05-10,228.66,100.08,2262.50,7.15,8.20,53.589489,56.82,0.8264,0.8391
2012-05-17,228.62,100.07,2266.86,7.15,8.20,51.133957,57.01,1.5034,0.9633
2012-05-24,228.57,100.06,2271.22,7.15,8.20,51.920765,57.20,1.3512,0.9412
2012-05-31,228.53,100.05,2275.58,7.15,8.20,50.364437,57.40,1.7982,0.9992
2012-06-07,228.54,100.10,2284.36,7.10,8.20,52.396309,57.44,1.2890,0.9313
2012-06-14,228.55,100.16,2293.88,7.05,8.20,53.234997,57.45,1.0785,0.8937
2012-06-21,228.57,100.23,2303.40,6.99,8.20,52.672989,57.47,1.2262,0.9208
2012-06-28,228.58,100.29,2312.92,6.94,8.20,54.138447,57.48,0.8554,0.8460
2012-07-05,228.76,100.26,2320.88,6.92,8.19,53.608196,57.59,1.0191,0.8819
2012-07-12,229.06,100.17,2327.68,6.92,8.16,53.712509,57.77,1.0387,0.8858
2012-07-19,229.36,100.08,2334.48,6.92,8.14,53.764668,57.96,1.0716,0.8924
2012-07-26,229.66,99.98,2341.27,6.92,8.12,54.859947,58.14,0.8377,0.8418
2012-08-02,229.95,99.90,2348.45,6.92,8.09,55.1642,58.35,0.8152,0.8364
2012-08-09,230.20,99.90,2357.89,6.92,8.02,55.8857,58.78,0.7401,0.8178
2012-08-16,230.45,99.90,2367.33,6.92,7.95,56.268181,59.21,0.7517,0.8207
2012-08-23,230.70,99.90,2376.76,6.92,7.89,55.929157,59.64,0.9478,0.8668
2012-08-30,230.94,99.89,2386.20,6.92,7.82,55.798771,60.06,1.0906,0.8961
2012-09-06,231.12,99.93,2394.37,6.88,7.80,57.293919,60.16,0.7326,0.8159
2012-09-13,231.26,99.98,2402.02,6.84,7.80,58.667381,60.12,0.3717,0.7107
2012-09-20,231.41,100.04,2409.67,6.79,7.80,58.180584,60.08,0.4865,0.7467
2012-09-27,231.55,100.09,2417.33,6.74,7.80,57.189606,60.04,0.7302,0.8152
2012-10-04,231.60,100.17,2421.82,6.72,7.79,58.603752,60.08,0.3786,0.7129
2012-10-11,231.51,100.28,2422.09,6.72,7.77,57.362076,60.23,0.7326,0.8159
2012-10-18,231.42,100.39,2422.36,6.72,7.75,58.052868,60.37,0.5925,0.7779
2012-10-25,231.34,100.50,2422.63,6.72,7.72,57.047279,60.51,0.8861,0.8531
2012-11-01,231.25,100.61,2422.90,6.72,7.70,57.309605,60.65,0.8555,0.8460
2012-11-08,231.24,100.68,2431.81,6.72,7.75,55.831825,61.05,1.3349,0.9386
2012-11-15,231.24,100.76,2440.73,6.72,7.79,54.948666,61.45,1.6622,0.9837
2012-11-22,231.23,100.83,2449.64,6.72,7.84,56.916107,61.85,1.2606,0.9266
2012-11-29,231.22,100.91,2458.55,6.72,7.89,57.195927,62.24,1.2906,0.9316
2012-12-06,231.29,100.92,2463.42,6.71,7.92,57.746822,62.38,1.1847,0.9135
2012-12-13,231.40,100.91,2466.67,6.71,7.94,57.834259,62.41,1.1707,0.9110
2012-12-20,231.50,100.90,2469.93,6.70,7.96,58.253986,62.45,1.0718,0.8924
2012-12-27,231.61,100.89,2473.18,6.69,7.98,57.506542,62.48,1.2713,0.9284
2013-01-03,231.76,100.91,2475.36,6.69,7.98,60.236969,62.53,0.5852,0.7758
2013-01-10,232.04,101.04,2474.89,6.69,7.91,60.413136,62.61,0.5617,0.7691
2013-01-17,232.33,101.16,2474.42,6.69,7.85,61.249889,62.69,0.3693,0.7099
2013-01-24,232.61,101.28,2473.94,6.69,7.78,62.289207,62.78,0.1251,0.6270
2013-01-31,232.90,101.41,2473.47,6.69,7.71,62.861721,62.86,0.0002,0.5829
2013-02-07,232.80,101.51,2475.03,6.69,7.66,62.967426,63.09,0.0313,0.5939
2013-02-14,232.63,101.61,2476.93,6.69,7.61,63.170006,63.34,0.0438,0.5983
2013-02-21,232.47,101.71,2478.83,6.69,7.56,63.16119,63.59,0.1103,0.6218
2013-02-28,232.31,101.80,2480.73,6.69,7.51,63.16119,63.84,0.1746,0.6443
2013-03-07,232.19,101.79,2487.66,6.67,7.52,64.64093,63.99,-0.1670,0.5239
2013-03-14,232.08,101.77,2495.43,6.65,7.54,65.222237,64.11,-0.2834,0.4840
2013-03-21,231.97,101.74,2503.19,6.62,7.56,64.949196,64.24,-0.1814,0.5189
2013-03-28,231.86,101.71,2510.96,6.60,7.59,65.002045,64.37,-0.1627,0.5254
2013-04-04,231.81,101.70,2516.93,6.59,7.59,64.920853,64.52,-0.1031,0.5463
2013-04-11,231.83,101.71,2520.50,6.59,7.57,66.239975,64.70,-0.3927,0.4482
2013-04-18,231.85,101.73,2524.07,6.59,7.54,64.726082,64.89,0.0422,0.5978
2013-04-25,231.87,101.74,2527.64,6.59,7.52,65.956688,65.08,-0.2248,0.5039
2013-05-02,231.91,101.76,2530.71,6.59,7.50,67.054489,65.24,-0.4643,0.4257
2013-05-09,232.04,101.80,2530.80,6.59,7.50,67.842453,65.25,-0.6633,0.3680
2013-05-16,232.16,101.85,2530.89,6.59,7.50,69.497978,65.26,-1.0841,0.2708
2013-05-23,232.28,101.89,2530.98,6.59,7.50,68.834015,65.27,-0.9119,0.3067
2013-05-30,232.41,101.94,2531.07,6.59,7.50,68.134598,65.28,-0.7305,0.3503
2013-06-06,232.52,101.86,2533.33,6.59,7.47,68.851692,65.33,-0.9017,0.3089
2013-06-13,232.63,101.75,2536.46,6.59,7.42,68.214272,65.39,-0.7226,0.3523
2013-06-20,232.73,101.63,2539.59,6.58,7.37,66.895126,65.45,-0.3693,0.4557
2013-06-27,232.84,101.51,2542.71,6.58,7.33,67.081039,65.51,-0.4008,0.4456
2013-07-04,232.95,101.52,2545.14,6.58,7.29,68.493813,65.63,-0.7322,0.3498
2013-07-11,233.08,101.68,2546.63,6.58,7.27,70.416702,65.82,-1.1756,0.2537
2013-07-18,233.20,101.85,2548.12,6.58,7.25,71.422661,66.01,-1.3846,0.2193
2013-07-25,233.33,102.01,2549.61,6.58,7.22,71.235687,66.20,-1.2886,0.2344
2013-08-01,233.46,102.18,2551.10,6.58,7.20,71.903374,66.39,-1.4110,0.2154
2013-08-08,233.48,102.29,2558.46,6.58,7.20,70.9695,66.79,-1.0687,0.2738
2013-08-15,233.50,102.40,2565.82,6.58,7.20,69.5086,67.19,-0.5916,0.3879
2013-08-22,233.52,102.52,2573.18,6.58,7.20,69.066,67.60,-0.3750,0.4539
2013-08-29,233.54,102.63,2580.55,6.58,7.20,68.216,68.00,-0.0541,0.5636
2013-09-05,233.56,102.66,2588.78,6.57,7.20,68.8977,68.27,-0.1609,0.5260
2013-09-12,233.59,102.63,2597.67,6.54,7.20,70.1904,68.43,-0.4508,0.4299
2013-09-19,233.62,102.60,2606.56,6.52,7.20,71.6777,68.59,-0.7905,0.3352
2013-09-26,233.65,102.57,2615.45,6.50,7.20,70.5326,68.75,-0.4570,0.4279
2013-10-03,233.70,102.56,2621.97,6.48,7.18,69.5976,68.90,-0.1791,0.5197
2013-10-10,233.79,102.64,2622.55,6.48,7.11,70.5237,69.03,-0.3818,0.4516
2013-10-17,233.89,102.71,2623.14,6.48,7.05,72.082,69.16,-0.7462,0.3462
2013-10-24,233.99,102.78,2623.73,6.48,6.98,72.6073,69.30,-0.8465,0.3217
2013-10-31,234.09,102.85,2624.32,6.48,6.91,72.7943,69.43,-0.8602,0.3184
2013-11-07,234.22,102.92,2632.34,6.48,6.86,72.6964,69.86,-0.7254,0.3516
2013-11-14,234.37,103.00,2641.60,6.48,6.81,74.3348,70.34,-1.0218,0.2832
2013-11-21,234.51,103.07,2650.87,6.48,6.77,74.7622,70.82,-1.0087,0.2859
2013-11-28,234.66,103.14,2660.13,6.48,6.72,74.9581,71.30,-0.9363,0.3013
2013-12-05,234.80,103.11,2668.50,6.45,6.69,73.7471,71.42,-0.5948,0.3870
2013-12-12,234.94,103.01,2676.20,6.41,6.66,73.5156,71.28,-0.5717,0.3936
2013-12-19,235.08,102.90,2683.90,6.36,6.64,74.8513,71.14,-0.9495,0.2984
2013-12-26,235.23,102.80,2691.60,6.31,6.62,76.1954,71.00,-1.3294,0.2278
2014-01-02,235.35,102.73,2699.15,6.27,6.60,75.8819,70.93,-1.2651,0.2382
2014-01-09,235.39,102.94,2705.79,6.27,6.63,76.1954,71.35,-1.2397,0.2425
2014-01-16,235.43,103.14,2712.43,6.27,6.65,76.3118,71.76,-1.1638,0.2558
2014-01-23,235.47,103.34,2719.06,6.27,6.67,75.2639,72.17,-0.7902,0.3352
2014-01-30,235.51,103.54,2725.70,6.27,6.69,74.0547,72.59,-0.3754,0.4537
2014-02-06,235.60,103.78,2732.62,6.27,6.70,73.0426,73.04,0.0000,0.5828
2014-02-13,235.71,104.02,2739.64,6.27,6.70,74.9683,73.52,-0.3714,0.4550
2014-02-20,235.82,104.27,2746.67,6.27,6.70,75.5057,73.99,-0.3878,0.4497
2014-02-27,235.92,104.52,2753.69,6.27,6.70,76.0342,74.46,-0.4019,0.4452
2014-03-06,236.04,104.61,2759.43,6.26,6.64,77.109,74.76,-0.5998,0.3856
2014-03-13,236.15,104.65,2764.64,6.25,6.55,76.1148,75.00,-0.2861,0.4831
2014-03-20,236.27,104.68,2769.86,6.24,6.45,77.3777,75.23,-0.5497,0.4000
2014-03-27,236.38,104.72,2775.07,6.23,6.36,77.1977,75.46,-0.4443,0.4319
2014-04-03,236.49,104.76,2779.91,6.22,6.30,78.8818,75.68,-0.8176,0.3286
2014-04-10,236.58,104.84,2783.81,6.22,6.30,77.1527,75.89,-0.3229,0.4709
2014-04-17,236.68,104.91,2787.71,6.22,6.30,78.4945,76.10,-0.6135,0.3818
2014-04-24,236.77,104.98,2791.60,6.22,6.30,78.8728,76.30,-0.6577,0.3696
2014-05-01,236.87,105.06,2795.50,6.22,6.30,79.0799,76.51,-0.6581,0.3694
2014-05-08,236.94,105.14,2803.25,6.22,6.25,78.8998,76.94,-0.5014,0.4144
2014-05-15,237.01,105.22,2810.99,6.22,6.21,78.6296,77.37,-0.3217,0.4713
2014-05-22,237.08,105.30,2818.74,6.22,6.16,79.1069,77.80,-0.3331,0.4675
2014-05-29,237.16,105.37,2826.48,6.22,6.12,79.9625,78.24,-0.4413,0.4328
2014-06-05,237.23,105.43,2831.01,6.22,6.11,80.8495,78.50,-0.6002,0.3855
2014-06-12,237.30,105.46,2833.14,6.23,6.14,80.5659,78.64,-0.4918,0.4173
2014-06-19,237.37,105.50,2835.26,6.24,6.16,82.0248,78.78,-0.8289,0.3258
2014-06-26,237.44,105.54,2837.38,6.25,6.18,81.7733,78.92,-0.7287,0.3507
2014-07-03,237.48,105.56,2836.53,6.25,6.20,82.5879,78.92,-0.9386,0.3007
2014-07-10,237.47,105.54,2828.25,6.25,6.20,81.9634,78.54,-0.8745,0.3151
2014-07-17,237.46,105.52,2819.96,6.25,6.20,81.8819,78.17,-0.9492,0.2984
2014-07-24,237.45,105.50,2811.67,6.25,6.20,82.8867,77.80,-1.3018,0.2322
2014-07-31,237.44,105.48,2803.38,6.25,6.20,80.5423,77.42,-0.7978,0.3334
2014-08-07,237.44,105.54,2813.64,6.25,6.14,79.619,77.98,-0.4196,0.4396
2014-08-14,237.44,105.61,2826.98,6.25,6.07,81.4565,78.69,-0.7077,0.3562
2014-08-21,237.45,105.68,2840.33,6.25,6.01,82.9048,79.40,-0.8963,0.3102
2014-08-28,237.45,105.75,2853.67,6.25,5.94,83.1492,80.11,-0.7770,0.3385
2014-09-04,237.45,105.79,2861.87,6.24,5.88,83.3211,80.49,-0.7249,0.3517
2014-09-11,237.45,105.80,2863.20,6.22,5.83,83.1129,80.42,-0.6898,0.3609
2014-09-18,237.45,105.80,2864.53,6.20,5.79,83.7647,80.34,-0.8747,0.3151
2014-09-25,237.45,105.81,2865.86,6.18,5.74,81.918,80.27,-0.4206,0.4393
2014-10-02,237.43,105.84,2867.60,6.16,5.70,80.9805,80.26,-0.1845,0.5178
2014-10-09,237.34,106.03,2871.77,6.16,5.73,80.1795,80.59,0.1040,0.6196
2014-10-16,237.25,106.23,2875.95,6.16,5.75,78.6686,80.91,0.5740,0.7726
2014-10-23,237.16,106.42,2880.13,6.16,5.77,80.853,81.24,0.0991,0.6179
2014-10-30,237.07,106.61,2884.31,6.16,5.79,84.4301,81.57,-0.7320,0.3499
2014-11-06,236.91,106.64,2894.60,6.16,5.77,84.2208,82.10,-0.5414,0.4025
2014-11-13,236.73,106.60,2907.34,6.16,5.72,84.4301,82.72,-0.4364,0.4343
2014-11-20,236.55,106.56,2920.08,6.16,5.67,85.2129,83.34,-0.4780,0.4215
2014-11-27,236.37,106.52,2932.82,6.16,5.63,85.8045,83.96,-0.4708,0.4237
2014-12-04,236.13,106.44,2940.49,6.14,5.61,85.8773,84.20,-0.4286,0.4368
2014-12-11,235.81,106.30,2941.39,6.11,5.63,84.3664,83.93,-0.1119,0.5432
2014-12-18,235.48,106.16,2942.29,6.08,5.65,85.6043,83.66,-0.4980,0.4154
2014-12-25,235.16,106.02,2943.20,6.05,5.68,86.7955,83.38,-0.8722,0.3157
2015-01-01,234.84,105.88,2944.10,6.02,5.70,85.8615,83.11,-0.7030,0.3574
2015-01-08,234.93,105.77,2958.51,6.02,5.65,85.596,83.69,-0.4879,0.4185
2015-01-15,235.03,105.67,2972.91,6.02,5.61,82.3637,84.26,0.4859,0.7465
2015-01-22,235.13,105.57,2987.32,6.02,5.56,85.1839,84.84,-0.0880,0.5516
2015-01-29,235.23,105.46,3001.73,6.02,5.52,83.1145,85.42,0.5884,0.7767
2015-02-05,235.37,105.37,3007.03,6.02,5.50,85.3029,85.56,0.0670,0.6065
2015-02-12,235.54,105.29,3005.50,6.02,5.50,86.4017,85.39,-0.2576,0.4928
2015-02-19,235.71,105.20,3003.98,6.02,5.50,86.4384,85.22,-0.3105,0.4750
2015-02-26,235.88,105.12,3002.45,6.02,5.50,86.7314,85.05,-0.4290,0.4366
2015-03-05,235.98,105.02,3001.93,6.03,5.49,86.2278,84.99,-0.3164,0.4730
2015-03-12,236.03,104.90,3002.15,6.04,5.46,85.0191,85.01,-0.0028,0.5818
2015-03-19,236.08,104.78,3002.38,6.05,5.44,85.4952,85.03,-0.1200,0.5403
2015-03-26,236.12,104.66,3002.61,6.06,5.42,84.5562,85.04,0.1246,0.6269
2015-04-02,236.19,104.54,3002.26,6.07,5.40,85.2746,85.01,-0.0670,0.5590
2015-04-09,236.37,104.43,2998.48,6.07,5.43,86.2693,84.69,-0.4037,0.4446
2015-04-16,236.56,104.31,2994.70,6.07,5.45,87.1718,84.37,-0.7169,0.3538
2015-04-23,236.74,104.20,2990.92,6.07,5.47,87.1258,84.05,-0.7874,0.3359
2015-04-30,236.93,104.08,2987.14,6.07,5.50,86.4719,83.72,-0.7025,0.3576
2015-05-07,237.08,103.99,2993.06,6.07,5.46,86.5548,83.92,-0.6745,0.3650
2015-05-14,237.23,103.91,3000.61,6.07,5.42,87.66,84.20,-0.8861,0.3125
2015-05-21,237.38,103.82,3008.15,6.07,5.37,88.2678,84.47,-0.9704,0.2939
2015-05-28,237.53,103.74,3015.69,6.07,5.33,87.5771,84.75,-0.7227,0.3523
2015-06-04,237.66,103.74,3021.43,6.06,5.29,86.6837,84.99,-0.4319,0.4357
2015-06-11,237.74,103.87,3024.77,6.06,5.27,87.5679,85.19,-0.6075,0.3834
2015-06-18,237.83,104.00,3028.10,6.05,5.24,87.7981,85.39,-0.6158,0.3811
2015-06-25,237.92,104.13,3031.44,6.04,5.22,86.7929,85.59,-0.3082,0.4758
2015-07-02,237.99,104.24,3034.09,6.04,5.20,85.8486,85.75,-0.0255,0.5738
2015-07-09,237.99,104.22,3032.65,6.04,5.17,84.858,85.69,0.2130,0.6576
2015-07-16,237.99,104.19,3031.20,6.04,5.15,87.3576,85.63,-0.4410,0.4329
2015-07-23,237.99,104.16,3029.76,6.04,5.13,85.8671,85.58,-0.0746,0.5563
2015-07-30,237.99,104.14,3028.31,6.04,5.11,86.0615,85.52,-0.1391,0.5336
2015-08-06,237.90,104.07,3030.42,6.04,5.08,85.182,85.60,0.1062,0.6204
2015-08-13,237.79,103.98,3033.94,6.04,5.06,85.1264,85.73,0.1550,0.6375
2015-08-20,237.67,103.88,3037.46,6.04,5.04,83.0897,85.87,0.7103,0.8101
2015-08-27,237.55,103.79,3040.98,6.04,5.02,80.8678,86.00,1.3130,0.9352
2015-09-03,237.49,103.70,3041.72,6.04,5.00,79.581,85.97,1.6339,0.9803
2015-09-10,237.56,103.62,3035.49,6.02,5.00,79.4236,85.52,1.5592,0.9708
2015-09-17,237.63,103.53,3029.26,6.01,5.00,80.7752,85.07,1.0986,0.8976
2015-09-24,237.69,103.44,3023.03,6.00,5.00,78.2849,84.62,1.6205,0.9786
2015-10-01,237.76,103.36,3016.80,5.99,5.00,78.3117,84.17,1.4987,0.9627
2015-10-08,237.83,103.22,3031.21,5.99,5.00,82.5697,84.68,0.5386,0.7623
2015-10-15,237.90,103.07,3045.61,5.99,5.00,82.7281,85.18,0.6270,0.7876
2015-10-22,237.97,102.93,3060.02,5.99,5.00,83.8462,85.68,0.4699,0.7416
2015-10-29,238.04,102.79,3074.43,5.99,5.00,84.4518,86.19,0.4439,0.7336
2015-11-05,238.04,102.67,3082.45,5.99,5.00,85.0947,86.44,0.3451,0.7020
2015-11-12,237.98,102.56,3085.70,5.99,5.00,82.9517,86.52,0.9113,0.8588
2015-11-19,237.93,102.45,3088.94,5.99,5.00,84.5636,86.59,0.5173,0.7560
2015-11-26,237.87,102.35,3092.18,5.99,5.00,84.6288,86.66,0.5188,0.7564
2015-12-03,237.84,102.32,3095.12,5.98,4.99,83.1287,86.72,0.9181,0.8603
2015-12-10,237.87,102.49,3097.29,5.96,4.97,82.8958,86.76,0.9872,0.8753
2015-12-17,237.91,102.66,3099.45,5.93,4.95,82.6629,86.79,1.0563,0.8894
2015-12-24,237.95,102.83,3101.62,5.91,4.93,83.9472,86.83,0.7375,0.8171
2015-12-31,237.98,103.01,3103.79,5.88,4.90,83.0281,86.87,0.9821,0.8742
2016-01-07,237.90,102.90,3109.48,5.88,4.90,79.1923,87.03,2.0032,1.0197
2016-01-14,237.80,102.74,3115.76,5.88,4.90,78.1419,87.20,2.3172,1.0457
2016-01-21,237.69,102.59,3122.04,5.88,4.90,75.7597,87.38,2.9717,1.0851
2016-01-28,237.59,102.43,3128.31,5.88,4.90,77.0071,87.56,2.6981,1.0706
2016-02-04,237.58,102.26,3134.52,5.88,4.91,78.4701,87.69,2.3568,1.0486
2016-02-11,237.70,102.07,3140.62,5.88,4.93,75.0001,87.75,3.2603,1.0982
2016-02-18,237.82,101.87,3146.73,5.88,4.96,79.0328,87.81,2.2452,1.0402
2016-02-25,237.94,101.68,3152.84,5.88,4.98,80.1114,87.88,1.9855,1.0180
2016-03-03,238.07,101.55,3160.34,5.87,5.00,82.3716,88.00,1.4385,0.9542
2016-03-10,238.26,101.60,3171.31,5.85,5.00,82.456,88.26,1.4849,0.9608
2016-03-17,238.45,101.65,3182.28,5.82,5.00,84.538,88.53,1.0205,0.8822
2016-03-24,238.63,101.69,3193.26,5.80,5.00,84.107,88.79,1.1987,0.9160
2016-03-31,238.82,101.74,3204.23,5.77,5.00,84.8524,89.06,1.0761,0.8933
2016-04-07,238.96,101.72,3212.88,5.77,4.94,83.7107,89.42,1.4608,0.9574
2016-04-14,239.10,101.68,3221.14,5.77,4.87,86.013,89.80,0.9690,0.8714
2016-04-21,239.24,101.65,3229.40,5.77,4.80,86.7772,90.18,0.8705,0.8495
2016-04-28,239.38,101.62,3237.66,5.77,4.73,87.2018,90.56,0.8588,0.8468
2016-05-05,239.52,101.65,3242.04,5.77,4.73,85.5695,90.75,1.3239,0.9369
2016-05-12,239.66,101.72,3243.51,5.77,4.77,86.0884,90.79,1.2021,0.9166
2016-05-19,239.81,101.80,3244.97,5.77,4.82,85.1449,90.83,1.4542,0.9565
2016-05-26,239.95,101.88,3246.44,5.77,4.86,87.098,90.87,0.9655,0.8707
2016-06-02,240.07,101.95,3247.55,5.77,4.90,87.8057,90.89,0.7890,0.8301
2016-06-09,240.07,102.00,3246.53,5.75,4.90,88.4473,90.76,0.5907,0.7774
2016-06-16,240.07,102.05,3245.50,5.74,4.90,86.8621,90.62,0.9619,0.8699
2016-06-23,240.06,102.09,3244.47,5.72,4.90,88.8356,90.49,0.4230,0.7271
2016-06-30,240.06,102.14,3243.45,5.71,4.90,88.1618,90.36,0.5611,0.7689
2016-07-07,240.16,102.13,3257.64,5.70,4.90,87.6494,90.93,0.8386,0.8421
2016-07-14,240.27,102.11,3274.37,5.70,4.90,90.7811,91.62,0.2143,0.6581
2016-07-21,240.39,102.09,3291.11,5.70,4.90,90.5343,92.31,0.4541,0.7368
2016-07-28,240.50,102.08,3307.84,5.70,4.90,90.4299,93.00,0.6573,0.7959
2016-08-04,240.61,102.05,3318.56,5.70,4.91,89.9365,93.42,0.8895,0.8539
2016-08-11,240.71,102.02,3321.27,5.70,4.93,91.0942,93.46,0.6055,0.7816
2016-08-18,240.81,101.99,3323.98,5.70,4.95,91.5592,93.51,0.4985,0.7504
2016-08-25,240.92,101.96,3326.69,5.70,4.98,90.9139,93.56,0.6755,0.8008
2016-09-01,241.02,101.93,3329.40,5.70,5.00,90.9424,93.60,0.6801,0.8021
2016-09-08,241.17,101.96,3331.06,5.70,4.98,91.6826,93.64,0.5005,0.7509
2016-09-15,241.32,101.99,3332.71,5.69,4.95,89.6802,93.68,1.0221,0.8825
2016-09-22,241.47,102.02,3334.37,5.69,4.93,90.7621,93.71,0.7551,0.8216
2016-09-29,241.62,102.05,3336.03,5.68,4.91,89.8538,93.75,0.9970,0.8773
2016-10-06,241.73,102.02,3338.56,5.68,4.85,90.589,93.86,0.8372,0.8417
2016-10-13,241.83,101.97,3341.45,5.68,4.78,89.3477,94.00,1.1902,0.9145
2016-10-20,241.92,101.92,3344.35,5.68,4.72,89.7774,94.14,1.1160,0.9009
2016-10-27,242.01,101.87,3347.24,5.68,4.65,89.6055,94.28,1.1955,0.9154
2016-11-03,242.13,101.89,3348.79,5.68,4.61,88.0968,94.39,1.6091,0.9772
2016-11-10,242.29,102.12,3346.99,5.68,4.63,92.7088,94.42,0.4378,0.7317
2016-11-17,242.46,102.34,3345.19,5.68,4.65,93.6446,94.45,0.2066,0.6554
2016-11-24,242.62,102.56,3343.40,5.68,4.68,94.6568,94.48,-0.0441,0.5671
2016-12-01,242.78,102.79,3341.60,5.68,4.70,95.2106,94.52,-0.1776,0.5202
2016-12-08,243.06,102.73,3354.27,5.66,4.72,97.6933,94.82,-0.7341,0.3494
2016-12-15,243.35,102.68,3366.94,5.65,4.75,98.1134,95.13,-0.7630,0.3420
2016-12-22,243.63,102.62,3379.60,5.64,4.77,98.1514,95.44,-0.6943,0.3597
2016-12-29,243.91,102.56,3392.27,5.62,4.79,97.5365,95.74,-0.4586,0.4274
2017-01-05,244.04,102.49,3397.09,5.62,4.79,98.3915,95.82,-0.6571,0.3697
2017-01-12,244.05,102.40,3396.03,5.62,4.76,98.0169,95.73,-0.5849,0.3898
2017-01-19,244.07,102.32,3394.97,5.62,4.74,97.3828,95.64,-0.4464,0.4312
2017-01-26,244.09,102.23,3393.91,5.62,4.72,98.843,95.54,-0.8434,0.3224
2017-02-02,244.09,102.18,3394.81,5.62,4.69,97.8151,95.57,-0.5737,0.3931
2017-02-09,243.99,102.32,3407.51,5.62,4.64,99.0352,96.31,-0.6961,0.3592
2017-02-16,243.90,102.46,3420.21,5.62,4.59,100.9373,97.05,-0.9930,0.2891
2017-02-23,243.80,102.60,3432.91,5.62,4.54,101.8115,97.80,-1.0270,0.2821
2017-03-02,243.73,102.76,3443.79,5.62,4.50,102.5512,98.44,-1.0514,0.2772
2017-03-09,243.81,102.98,3443.72,5.60,4.47,101.4561,98.50,-0.7549,0.3440
2017-03-16,243.90,103.20,3443.65,5.59,4.45,101.9364,98.57,-0.8613,0.3182
2017-03-23,243.98,103.43,3443.59,5.57,4.43,99.8325,98.63,-0.3068,0.4762
2017-03-30,244.06,103.65,3443.52,5.56,4.41,100.891,98.70,-0.5611,0.3967
2017-04-06,244.06,103.71,3453.40,5.56,4.38,100.2825,99.17,-0.2839,0.4839
2017-04-13,244.02,103.71,3467.26,5.56,4.36,98.882,99.81,0.2378,0.6661
2017-04-20,243.98,103.71,3481.12,5.56,4.34,99.7802,100.45,0.1717,0.6433
2017-04-27,243.93,103.71,3494.98,5.56,4.31,100.8137,101.09,0.0710,0.6080
2017-05-04,243.92,103.72,3503.00,5.56,4.30,100.408,101.46,0.2698,0.6770
2017-05-11,243.95,103.73,3503.22,5.56,4.30,100.3791,101.48,0.2808,0.6807
2017-05-18,243.98,103.74,3503.45,5.56,4.30,98.7275,101.49,0.7067,0.8091
2017-05-25,244.00,103.76,3503.67,5.56,4.30,100.4274,101.50,0.2755,0.6789
2017-06-01,244.03,103.77,3503.90,5.56,4.30,101.0262,101.52,0.1259,0.6273
2017-06-08,244.08,103.74,3510.13,5.55,4.30,100.9682,101.67,0.1789,0.6458
2017-06-15,244.13,103.70,3516.36,5.54,4.30,102.2141,101.82,-0.1015,0.5468
2017-06-22,244.17,103.67,3522.59,5.53,4.30,101.4415,101.97,0.1342,0.6302
2017-06-29,244.22,103.63,3528.82,5.52,4.30,101.8109,102.12,0.0779,0.6104
2017-07-06,244.40,103.55,3535.94,5.51,4.32,101.6167,102.28,0.1702,0.6428
2017-07-13,244.63,103.46,3543.41,5.51,4.34,102.4131,102.46,0.0111,0.5867
2017-07-20,244.86,103.36,3550.89,5.51,4.36,102.9569,102.63,-0.0834,0.5532
2017-07-27,245.10,103.26,3558.36,5.51,4.38,103.2774,102.80,-0.1209,0.5400
2017-08-03,245.33,103.19,3563.72,5.51,4.39,103.3843,102.93,-0.1171,0.5414
2017-08-10,245.59,103.19,3563.79,5.51,4.34,101.9955,102.92,0.2356,0.6653
2017-08-17,245.85,103.19,3563.85,5.51,4.30,101.2088,102.91,0.4343,0.7306
2017-08-24,246.10,103.18,3563.92,5.51,4.25,101.3836,102.90,0.3871,0.7157
2017-08-31,246.36,103.18,3563.99,5.51,4.21,102.0731,102.89,0.2084,0.6560
2017-09-07,246.43,103.49,3569.52,5.51,4.18,101.5293,103.38,0.4738,0.7428
2017-09-14,246.47,103.86,3575.96,5.51,4.16,103.6659,103.96,0.0753,0.6095
2017-09-21,246.52,104.24,3582.40,5.51,4.13,104.5303,104.54,0.0021,0.5835
2017-09-28,246.56,104.61,3588.84,5.51,4.11,105.2177,105.12,-0.0259,0.5736
2017-10-05,246.69,104.83,3593.52,5.51,4.10,106.9473,105.48,-0.3761,0.4535
2017-10-12,246.88,104.95,3596.89,5.51,4.10,106.3121,105.67,-0.1633,0.5252
2017-10-19,247.06,105.07,3600.25,5.51,4.10,106.8105,105.87,-0.2405,0.4986
2017-10-26,247.25,105.19,3603.62,5.51,4.10,107.2013,106.07,-0.2901,0.4818
2017-11-02,247.43,105.31,3606.24,5.51,4.10,107.0157,106.23,-0.2003,0.5124
2017-11-09,247.54,105.42,3604.42,5.51,4.10,106.5369,106.21,-0.0830,0.5534
2017-11-16,247.66,105.53,3602.60,5.51,4.10,106.6639,106.19,-0.1206,0.5401
2017-11-23,247.78,105.64,3600.78,5.51,4.10,107.0645,106.17,-0.2283,0.5027
2017-11-30,247.89,105.75,3598.96,5.51,4.10,110.2304,106.15,-1.0430,0.2789
2017-12-07,248.17,105.71,3608.09,5.51,4.10,110.1327,106.44,-0.9447,0.2994
2017-12-14,248.47,105.63,3619.04,5.51,4.10,110.5724,106.78,-0.9708,0.2938
2017-12-21,248.77,105.56,3629.99,5.51,4.10,112.9337,107.11,-1.4883,0.2043
2017-12-28,249.07,105.48,3640.94,5.50,4.10,113.1807,107.45,-1.4650,0.2076
2018-01-04,249.28,105.48,3644.03,5.50,4.10,114.5143,107.53,-1.7860,0.1677
2018-01-11,249.37,105.58,3636.62,5.50,4.10,116.2036,107.26,-2.2863,0.1222
2018-01-18,249.45,105.67,3629.21,5.50,4.10,116.8951,107.00,-2.5314,0.1052
2018-01-25,249.53,105.77,3621.81,5.50,4.10,118.5943,106.73,-3.0342,0.0775
2018-02-01,249.62,105.87,3614.40,5.50,4.10,117.5274,106.46,-2.8297,0.0877
2018-02-08,249.58,106.01,3627.00,5.50,4.10,107.4313,107.13,-0.0779,0.5552
2018-02-15,249.54,106.14,3639.60,5.50,4.10,112.667,107.79,-1.2469,0.2413
2018-02-22,249.50,106.28,3652.20,5.50,4.10,110.958,108.46,-0.6399,0.3744
2018-03-01,249.46,106.41,3664.80,5.50,4.10,109.5947,109.12,-0.1214,0.5399
2018-03-08,249.59,106.68,3663.92,5.52,4.05,111.6297,109.45,-0.5580,0.3976
2018-03-15,249.71,106.94,3663.04,5.54,4.01,111.5804,109.78,-0.4615,0.4265
2018-03-22,249.84,107.21,3662.16,5.55,3.96,108.0893,110.10,0.5150,0.7553
2018-03-29,249.96,107.47,3661.28,5.57,3.92,108.6357,110.43,0.4591,0.7383
2018-04-05,250.08,107.52,3659.97,5.58,3.89,109.7187,110.47,0.1931,0.6508
2018-04-12,250.20,107.39,3658.33,5.58,3.86,109.7386,110.30,0.1444,0.6338
2018-04-19,250.33,107.27,3656.70,5.58,3.84,110.5831,110.13,-0.1152,0.5420
2018-04-26,250.45,107.14,3655.07,5.58,3.82,110.0565,109.96,-0.0241,0.5742
2018-05-03,250.56,107.09,3654.15,5.58,3.81,107.3342,109.87,0.6473,0.7932
2018-05-10,250.63,107.24,3655.03,5.58,3.86,110.6328,109.95,-0.1736,0.5216
2018-05-17,250.70,107.39,3655.91,5.58,3.90,111.3183,110.04,-0.3264,0.4697
2018-05-24,250.77,107.54,3656.79,5.58,3.95,110.8414,110.13,-0.1818,0.5187
2018-05-31,250.85,107.69,3657.67,5.58,3.99,109.4505,110.22,0.1964,0.6519
2018-06-07,250.86,107.71,3657.80,5.58,3.98,111.8449,110.25,-0.4071,0.4436
2018-06-14,250.86,107.71,3657.80,5.58,3.96,111.7754,110.28,-0.3828,0.4513
2018-06-21,250.86,107.71,3657.80,5.58,3.93,110.4241,110.30,-0.0307,0.5719
2018-06-28,250.86,107.71,3657.80,5.58,3.91,110.08,110.33,0.0639,0.6054
2018-07-05,250.86,107.71,3657.80,5.58,3.90,110.7,110.34,-0.0919,0.5502
2018-07-12,250.86,107.71,3657.80,5.58,3.90,112.29,110.34,-0.4985,0.4152
2018-07-19,250.86,107.71,3657.80,5.58,3.90,112.64,110.34,-0.5880,0.3890
2018-07-26,250.86,107.71,3657.80,5.58,3.90,114.17,110.34,-0.9792,0.2920
2018-08-02,250.86,107.71,3657.80,5.58,3.90,113.97,110.34,-0.9281,0.3031