Date,CSUSHPISA,IPMAN,M1SL,M1V,REVOLSL,UNRATE,Market Value,Estimate,Sigma,Recommended Percent Stock
2000-06-01,104.43,95.62,1102.60,9.25,639.16,4.00,41.583149,40.56,-0.2773,0.8058
2000-06-08,104.57,95.65,1102.81,9.28,640.97,4.00,40.832027,40.93,0.0260,1.0880
2000-06-15,104.72,95.68,1103.02,9.31,642.78,4.00,40.091328,41.30,0.3265,1.3614
2000-06-22,104.87,95.71,1103.23,9.34,644.60,4.00,39.402802,41.66,0.6129,1.5660
2000-06-29,105.01,95.74,1103.44,9.36,646.41,4.00,39.115768,42.03,0.7904,1.6624
2000-07-06,105.17,95.65,1102.97,9.37,648.39,4.02,40.128914,41.97,0.4983,1.4918
2000-07-13,105.33,95.51,1102.22,9.37,650.45,4.04,40.880955,41.73,0.2300,1.2786
2000-07-20,105.49,95.36,1101.48,9.37,652.50,4.06,40.160244,41.49,0.3607,1.3892
2000-07-27,105.65,95.22,1100.73,9.37,654.55,4.08,39.251545,41.25,0.5424,1.5216
2000-08-03,105.82,95.15,1100.17,9.37,656.41,4.09,41.048058,41.09,0.0106,1.0731
2000-08-10,105.99,95.25,1100.05,9.37,657.76,4.04,41.497189,41.10,-0.1075,0.9600
2000-08-17,106.17,95.35,1099.94,9.37,659.11,4.00,41.852318,41.11,-0.2000,0.8741
2000-08-24,106.34,95.45,1099.83,9.37,660.45,3.95,41.925423,41.13,-0.2161,0.8595
2000-08-31,106.51,95.55,1099.72,9.37,661.80,3.91,42.384998,41.14,-0.3369,0.7558
2000-09-07,106.71,95.52,1099.50,9.41,663.19,3.90,42.614777,41.61,-0.2712,0.8110
2000-09-14,106.90,95.47,1099.27,9.45,664.58,3.90,42.113434,42.16,0.0134,1.0758
2000-09-21,107.10,95.42,1099.03,9.49,665.96,3.90,41.27784,42.71,0.3885,1.4111
2000-09-28,107.30,95.36,1098.80,9.53,667.35,3.90,42.308086,43.26,0.2580,1.3033
2000-10-05,107.50,95.31,1097.89,9.55,668.73,3.90,41.564194,43.39,0.4949,1.4895
2000-10-12,107.71,95.25,1096.46,9.55,670.09,3.90,40.296413,43.21,0.7887,1.6615
2000-10-19,107.91,95.20,1095.04,9.55,671.46,3.90,40.987923,43.02,0.5516,1.5276
2000-10-26,108.12,95.14,1093.62,9.55,672.82,3.90,41.197487,42.84,0.4451,1.4539
2000-11-02,108.33,95.08,1092.27,9.55,674.28,3.90,42.727184,42.65,-0.0199,1.0437
2000-11-09,108.52,94.96,1091.39,9.55,676.30,3.90,42.077591,42.45,0.1010,1.1597
2000-11-16,108.72,94.84,1090.50,9.55,678.32,3.90,41.543224,42.25,0.1907,1.2433
2000-11-23,108.91,94.72,1089.61,9.55,680.34,3.90,40.90411,42.04,0.3088,1.3467
2000-11-30,109.11,94.60,1088.73,9.55,682.36,3.90,40.925045,41.84,0.2481,1.2946
2000-12-07,109.27,94.48,1090.17,9.54,683.44,3.96,41.574654,41.58,0.0021,1.0649
2000-12-14,109.43,94.36,1092.00,9.53,684.37,4.03,40.820278,41.32,0.1341,1.1909
2000-12-21,109.60,94.24,1093.83,9.52,685.30,4.09,41.689133,41.05,-0.1737,0.8981
2000-12-28,109.76,94.11,1095.65,9.51,686.23,4.16,42.721367,40.78,-0.5257,0.6153
2001-01-04,109.91,94.00,1097.14,9.50,687.85,4.20,42.942535,40.58,-0.6401,0.5436
2001-01-11,110.06,93.89,1098.15,9.50,690.38,4.20,43.321732,40.47,-0.7732,0.4718
2001-01-18,110.21,93.79,1099.17,9.50,692.91,4.20,43.648262,40.36,-0.8921,0.4172
2001-01-25,110.36,93.68,1100.18,9.50,695.45,4.20,43.858898,40.24,-0.9796,0.3818
2001-02-01,110.50,93.58,1101.20,9.50,697.98,4.20,44.261684,40.13,-1.1191,0.3327
2001-02-08,110.66,93.53,1103.15,9.50,699.13,4.23,43.850491,40.12,-1.0097,0.3705
2001-02-15,110.81,93.48,1105.10,9.50,700.27,4.25,43.304451,40.12,-0.8638,0.4294
2001-02-22,110.96,93.43,1107.05,9.50,701.42,4.28,41.531559,40.11,-0.3855,0.7170
2001-03-01,111.11,93.38,1109.00,9.50,702.56,4.30,42.030399,40.10,-0.5227,0.6173
2001-03-08,111.23,93.31,1110.74,9.49,703.66,4.32,42.542717,39.93,-0.7092,0.5049
2001-03-15,111.36,93.23,1112.48,9.48,704.77,4.35,39.664299,39.75,0.0232,1.0852
2001-03-22,111.48,93.15,1114.22,9.47,705.87,4.37,39.35775,39.57,0.0586,1.1193
2001-03-29,111.60,93.08,1115.95,9.46,706.97,4.39,40.121368,39.40,-0.1959,0.8778
2001-04-05,111.72,92.95,1116.94,9.46,707.73,4.39,38.959042,39.32,0.0966,1.1555
2001-04-12,111.84,92.80,1117.36,9.46,708.23,4.36,40.803925,39.30,-0.4069,0.7005
2001-04-19,111.96,92.64,1117.78,9.46,708.73,4.34,42.236588,39.29,-0.7987,0.4594
2001-04-26,112.08,92.49,1118.20,9.46,709.23,4.32,43.081314,39.28,-1.0311,0.3627
2001-05-03,112.20,92.34,1119.00,9.46,709.75,4.31,43.013744,39.25,-1.0190,0.3671
2001-05-10,112.35,92.19,1120.74,9.46,710.29,4.36,42.446075,39.21,-0.8776,0.4234
2001-05-17,112.49,92.05,1122.47,9.46,710.84,4.40,44.128792,39.16,-1.3461,0.2682
2001-05-24,112.63,91.91,1124.21,9.46,711.38,4.45,43.42598,39.11,-1.1682,0.3173
2001-05-31,112.78,91.77,1125.95,9.46,711.92,4.49,43.250259,39.07,-1.1330,0.3282
2001-06-07,112.94,91.65,1128.74,9.39,711.18,4.52,43.148903,38.03,-1.3862,0.2585
2001-06-14,113.10,91.53,1131.70,9.30,710.22,4.54,41.371586,36.83,-1.2299,0.2991
2001-06-21,113.26,91.42,1134.67,9.22,709.26,4.57,41.709087,35.63,-1.6467,0.2041
2001-06-28,113.43,91.31,1137.63,9.13,708.30,4.59,41.926117,34.43,-2.0308,0.1454
2001-07-05,113.58,91.21,1140.35,9.10,707.74,4.64,40.89526,33.93,-1.8874,0.1650
2001-07-12,113.73,91.12,1142.87,9.10,707.46,4.71,41.471722,33.95,-2.0376,0.1445
2001-07-19,113.89,91.03,1145.40,9.10,707.19,4.77,41.017323,33.97,-1.9084,0.1619
2001-07-26,114.04,90.94,1147.93,9.10,706.92,4.84,41.119061,34.00,-1.9300,0.1589
2001-08-02,114.19,90.86,1151.89,9.10,706.71,4.90,41.342861,34.11,-1.9591,0.1549
2001-08-09,114.34,90.81,1164.42,9.10,706.84,4.93,40.501896,34.79,-1.5471,0.2232
2001-08-16,114.48,90.77,1176.95,9.10,706.97,4.95,39.477821,35.47,-1.0855,0.3438
2001-08-23,114.63,90.73,1189.49,9.10,707.10,4.97,40.189922,36.15,-1.0943,0.3408
2001-08-30,114.77,90.68,1202.02,9.10,707.23,4.99,38.67754,36.83,-0.5004,0.6325
2001-09-06,114.90,90.58,1198.93,9.10,706.95,5.05,36.826069,36.51,-0.0864,0.9800
2001-09-13,115.01,90.46,1189.60,9.09,706.52,5.12,36.948135,35.78,-0.3158,0.7732
2001-09-20,115.13,90.33,1180.27,9.09,706.09,5.19,32.655159,35.06,0.6510,1.5886
2001-09-27,115.24,90.21,1170.93,9.09,705.66,5.26,35.028843,34.33,-0.1885,0.8845
2001-10-04,115.36,90.12,1166.11,9.09,706.11,5.32,35.652782,33.87,-0.4825,0.6450
2001-10-11,115.49,90.07,1167.31,9.09,707.75,5.36,36.560047,33.76,-0.7580,0.4794
2001-10-18,115.61,90.02,1168.51,9.09,709.38,5.41,35.612827,33.65,-0.5310,0.6117
2001-10-25,115.73,89.98,1169.70,9.09,711.02,5.45,36.546425,33.54,-0.8137,0.4523
2001-11-01,115.86,89.93,1170.90,9.09,712.66,5.50,35.844528,33.43,-0.6532,0.5360
2001-11-08,115.99,89.99,1173.77,9.09,713.17,5.55,36.962124,33.51,-0.9354,0.3992
2001-11-15,116.13,90.04,1176.64,9.09,713.68,5.59,37.405056,33.59,-1.0349,0.3613
2001-11-22,116.27,90.10,1179.51,9.09,714.19,5.64,37.779861,33.66,-1.1159,0.3337
2001-11-29,116.41,90.15,1182.38,9.09,714.70,5.69,37.152916,33.74,-0.9255,0.4032
2001-12-06,116.56,90.26,1184.39,9.08,714.83,5.70,38.113777,33.77,-1.1770,0.3146
2001-12-13,116.72,90.39,1186.06,9.07,714.82,5.70,36.641827,33.79,-0.7740,0.4715
2001-12-20,116.88,90.52,1187.74,9.07,714.80,5.70,37.064327,33.80,-0.8843,0.4205
2001-12-27,117.03,90.65,1189.41,9.06,714.79,5.70,38.041897,33.82,-1.1450,0.3245
2002-01-03,117.19,90.74,1190.60,9.06,714.78,5.70,38.712181,33.82,-1.3243,0.2737
2002-01-10,117.35,90.74,1190.60,9.06,714.79,5.70,37.549446,33.82,-1.0114,0.3699
2002-01-17,117.51,90.74,1190.60,9.06,714.80,5.70,36.886009,33.81,-0.8338,0.4430
2002-01-24,117.67,90.74,1190.60,9.06,714.81,5.70,37.200626,33.80,-0.9212,0.4050
2002-01-31,117.82,90.75,1190.60,9.06,714.82,5.70,36.530346,33.79,-0.7418,0.4877
2002-02-07,118.03,90.91,1191.18,9.06,715.92,5.70,35.689068,33.80,-0.5108,0.6254
2002-02-14,118.24,91.11,1191.85,9.06,717.21,5.70,35.901112,33.82,-0.5643,0.5900
2002-02-21,118.45,91.30,1192.53,9.06,718.49,5.70,35.490719,33.83,-0.4492,0.6688
2002-02-28,118.66,91.49,1193.20,9.06,719.77,5.70,37.104877,33.85,-0.8827,0.4212
2002-03-07,118.87,91.57,1192.06,9.07,720.98,5.74,38.554874,33.98,-1.2409,0.2960
2002-03-14,119.08,91.62,1190.62,9.10,722.17,5.78,38.561703,34.12,-1.2030,0.3069
2002-03-21,119.29,91.67,1189.17,9.12,723.36,5.83,38.116482,34.27,-1.0425,0.3586
2002-03-28,119.49,91.72,1187.73,9.14,724.55,5.87,38.370323,34.42,-1.0715,0.3485
2002-04-04,119.73,91.80,1187.14,9.16,725.54,5.89,37.780315,34.52,-0.8829,0.4211
2002-04-11,119.98,91.92,1187.70,9.16,726.27,5.87,37.272648,34.57,-0.7314,0.4931
2002-04-18,120.24,92.04,1188.26,9.16,727.00,5.84,37.993015,34.62,-0.9127,0.4085
2002-04-25,120.50,92.16,1188.82,9.16,727.74,5.82,36.291618,34.68,-0.4377,0.6773
2002-05-02,120.76,92.29,1189.42,9.16,728.51,5.80,36.751255,34.73,-0.5482,0.6004
2002-05-09,121.01,92.54,1190.28,9.16,729.51,5.80,35.934864,34.78,-0.3125,0.7759
2002-05-16,121.25,92.79,1191.14,9.16,730.52,5.80,37.471607,34.83,-0.7144,0.5021
2002-05-23,121.50,93.04,1192.00,9.16,731.52,5.80,37.032532,34.89,-0.5809,0.5794
2002-05-30,121.74,93.28,1192.85,9.16,732.53,5.80,36.469986,34.94,-0.4140,0.6950
2002-06-06,121.99,93.30,1194.13,9.16,733.39,5.80,35.104759,35.09,-0.0031,1.0599
2002-06-13,122.24,93.21,1195.58,9.18,734.19,5.80,34.281521,35.28,0.2717,1.3152
2002-06-20,122.49,93.13,1197.03,9.19,735.00,5.80,34.164898,35.47,0.3550,1.3846
2002-06-27,122.74,93.05,1198.47,9.20,735.80,5.80,34.164406,35.67,0.4068,1.4252
2002-07-04,122.98,93.03,1198.11,9.21,736.67,5.79,33.985325,35.70,0.4643,1.4679
2002-07-11,123.19,93.08,1195.33,9.21,737.63,5.77,31.595171,35.52,1.0642,1.7747
2002-07-18,123.41,93.12,1192.55,9.21,738.58,5.75,28.929541,35.35,1.7386,1.9377
2002-07-25,123.62,93.17,1189.78,9.21,739.54,5.72,28.44738,35.17,1.8215,1.9510
2002-08-01,123.83,93.22,1187.00,9.21,740.49,5.70,28.833117,34.99,1.6692,1.9257
2002-08-08,124.05,93.25,1189.03,9.21,741.13,5.70,30.382904,35.08,1.2720,1.8383
2002-08-15,124.26,93.28,1191.06,9.21,741.77,5.70,30.98905,35.16,1.1304,1.7967
2002-08-22,124.47,93.31,1193.10,9.21,742.41,5.70,31.395449,35.24,1.0430,1.7673
2002-08-29,124.69,93.34,1195.13,9.21,743.05,5.70,30.747971,35.33,1.2412,1.8298
2002-09-05,124.91,93.31,1197.05,9.20,743.94,5.70,29.96962,35.24,1.4277,1.8770
2002-09-12,125.13,93.23,1198.90,9.18,745.02,5.70,29.63212,35.02,1.4593,1.8841
2002-09-19,125.35,93.15,1200.74,9.17,746.09,5.70,27.930794,34.80,1.8605,1.9569
2002-09-26,125.57,93.08,1202.58,9.15,747.17,5.70,27.54431,34.58,1.9054,1.9634
2002-10-03,125.79,93.05,1204.27,9.14,748.07,5.71,26.499027,34.42,2.1457,1.9944
2002-10-10,126.00,93.15,1205.55,9.14,748.51,5.76,27.350492,34.42,1.9142,1.9647
2002-10-17,126.21,93.25,1206.84,9.14,748.95,5.80,28.935717,34.41,1.4839,1.8894
2002-10-24,126.43,93.36,1208.13,9.14,749.40,5.85,29.89793,34.41,1.2224,1.8245
2002-10-31,126.64,93.46,1209.42,9.14,749.84,5.89,30.084845,34.41,1.1710,1.8093
2002-11-07,126.86,93.36,1211.72,9.14,750.11,5.92,29.717966,34.45,1.2815,1.8409
2002-11-14,127.08,93.23,1214.19,9.14,750.36,5.94,30.320204,34.50,1.1313,1.7970
2002-11-21,127.30,93.10,1216.67,9.14,750.60,5.97,31.254736,34.54,0.8912,1.7082
2002-11-28,127.52,92.97,1219.14,9.14,750.84,5.99,31.365492,34.59,0.8742,1.7009
2002-12-05,127.73,92.98,1221.12,9.13,751.44,5.97,30.597105,34.52,1.0622,1.7740
2002-12-12,127.92,93.09,1222.72,9.11,752.31,5.93,29.904869,34.35,1.2045,1.8193
2002-12-19,128.11,93.21,1224.32,9.09,753.18,5.88,30.230215,34.18,1.0711,1.7771
2002-12-26,128.30,93.32,1225.93,9.07,754.05,5.84,29.703678,34.02,1.1685,1.8086
2003-01-02,128.49,93.43,1227.65,9.06,754.91,5.80,30.859251,33.88,0.8189,1.6759
2003-01-09,128.69,93.45,1230.11,9.06,755.77,5.83,31.569302,33.94,0.6430,1.5839
2003-01-16,128.89,93.48,1232.57,9.06,756.63,5.85,30.935827,34.00,0.8312,1.6816
2003-01-23,129.10,93.51,1235.04,9.06,757.49,5.87,29.306887,34.06,1.2891,1.8429
2003-01-30,129.30,93.54,1237.50,9.06,758.36,5.89,29.063248,34.13,1.3716,1.8638
2003-02-06,129.50,93.58,1238.43,9.06,758.79,5.90,28.074745,34.15,1.6454,1.9214
2003-02-13,129.70,93.62,1238.76,9.06,759.05,5.90,27.928564,34.15,1.6868,1.9288
2003-02-20,129.90,93.66,1239.08,9.06,759.32,5.90,28.548109,34.16,1.5207,1.8972
2003-02-27,130.09,93.70,1239.41,9.06,759.58,5.90,28.367117,34.17,1.5716,1.9075
2003-03-06,130.27,93.59,1241.21,9.04,759.83,5.92,27.775419,33.88,1.6535,1.9229
2003-03-13,130.44,93.43,1243.60,9.01,760.08,5.94,27.691877,33.47,1.5656,1.9063
2003-03-20,130.60,93.26,1246.00,8.98,760.33,5.96,29.742634,33.06,0.8993,1.7117
2003-03-27,130.77,93.09,1248.39,8.95,760.58,5.98,28.840506,32.65,1.0332,1.7638
2003-04-03,130.94,92.98,1251.35,8.93,760.95,6.01,29.385973,32.41,0.8205,1.6767
2003-04-10,131.14,93.00,1255.74,8.93,761.64,6.03,29.092257,32.60,0.9493,1.7322
2003-04-17,131.34,93.02,1260.13,8.93,762.33,6.05,29.959433,32.78,0.7635,1.6491
2003-04-24,131.54,93.05,1264.51,8.93,763.02,6.08,30.330084,32.96,0.7123,1.6226
2003-05-01,131.74,93.07,1268.90,8.93,763.70,6.10,31.490973,33.14,0.4470,1.4553
2003-05-08,131.94,93.18,1271.54,8.93,763.73,6.15,31.581902,33.24,0.4498,1.4574
2003-05-15,132.15,93.28,1274.18,8.93,763.75,6.19,32.281223,33.34,0.2879,1.3290
2003-05-22,132.36,93.39,1276.83,8.93,763.78,6.24,32.092415,33.45,0.3665,1.3939
2003-05-29,132.56,93.50,1279.47,8.93,763.80,6.28,33.386173,33.55,0.0435,1.1048
2003-06-05,132.80,93.58,1281.53,8.93,763.89,6.29,34.351242,33.69,-0.1799,0.8924
2003-06-12,133.06,93.65,1283.17,8.94,764.03,6.26,34.365223,33.86,-0.1377,0.9315
2003-06-19,133.33,93.71,1284.80,8.94,764.16,6.24,33.994583,34.03,0.0087,1.0713
2003-06-26,133.59,93.78,1286.43,8.94,764.29,6.22,33.544353,34.20,0.1767,1.2305
2003-07-03,133.85,93.81,1288.15,8.94,764.51,6.19,33.930569,34.35,0.1124,1.1705
2003-07-10,134.12,93.74,1290.10,8.94,764.95,6.17,34.394032,34.44,0.0130,1.0754
2003-07-17,134.39,93.68,1292.04,8.94,765.39,6.15,34.253586,34.54,0.0772,1.1371
2003-07-24,134.66,93.61,1293.98,8.94,765.82,6.13,34.478283,34.64,0.0425,1.1038
2003-07-31,134.93,93.54,1295.92,8.94,766.26,6.10,33.944618,34.73,0.2133,1.2637
2003-08-07,135.22,93.68,1296.37,8.94,766.27,6.10,33.930569,34.79,0.2322,1.2806
2003-08-14,135.52,93.86,1296.58,8.94,766.21,6.10,34.471268,34.84,0.0989,1.1577
2003-08-21,135.82,94.03,1296.78,8.94,766.14,6.10,34.520416,34.88,0.0988,1.1576
2003-08-28,136.12,94.21,1296.98,8.94,766.08,6.10,34.94175,34.93,-0.0022,1.0608
2003-09-04,136.42,94.31,1297.16,8.95,765.99,6.09,35.278805,35.15,-0.0357,1.0285
2003-09-11,136.71,94.34,1297.30,8.98,765.87,6.07,35.124317,35.58,0.1236,1.1810
2003-09-18,137.00,94.36,1297.44,9.00,765.75,6.04,35.475414,36.01,0.1458,1.2019
2003-09-25,137.29,94.38,1297.58,9.03,765.64,6.02,34.363117,36.45,0.5646,1.5360
2003-10-02,137.57,94.44,1297.75,9.05,765.52,5.99,35.597675,36.84,0.3363,1.3695
2003-10-09,137.86,94.66,1298.06,9.05,765.40,5.95,36.070347,36.98,0.2477,1.2943
2003-10-16,138.14,94.88,1298.38,9.05,765.28,5.90,36.232597,37.13,0.2432,1.2903
2003-10-23,138.43,95.10,1298.69,9.05,765.16,5.86,35.978642,37.28,0.3515,1.3818
2003-10-30,138.71,95.32,1299.01,9.05,765.04,5.81,36.73349,37.42,0.1864,1.2394
2003-11-06,139.03,95.35,1300.30,9.05,765.55,5.78,36.832249,37.51,0.1838,1.2369
2003-11-13,139.35,95.30,1301.98,9.05,766.31,5.76,36.599434,37.58,0.2648,1.3092
2003-11-20,139.67,95.25,1303.66,9.05,767.07,5.74,36.147957,37.64,0.4051,1.4239
2003-11-27,140.00,95.20,1305.34,9.05,767.82,5.71,37.093269,37.71,0.1669,1.2215
2003-12-04,140.32,95.17,1306.29,9.05,768.49,5.70,37.276684,37.72,0.1189,1.1766
2003-12-11,140.66,95.18,1306.27,9.04,769.04,5.70,37.833996,37.64,-0.0522,1.0127
2003-12-18,140.99,95.18,1306.25,9.04,769.58,5.70,38.102081,37.57,-0.1448,0.9248
2003-12-25,141.32,95.19,1306.22,9.04,770.13,5.70,38.907803,37.49,-0.3832,0.7188
2004-01-01,141.65,95.20,1306.20,9.04,770.67,5.70,39.370564,37.42,-0.5287,0.6133
2004-01-08,142.00,95.36,1309.68,9.04,771.05,5.68,39.947227,37.67,-0.6177,0.5569
2004-01-15,142.35,95.51,1313.15,9.04,771.44,5.65,40.509655,37.92,-0.7028,0.5083
2004-01-22,142.70,95.67,1316.63,9.04,771.82,5.63,40.758831,38.16,-0.7031,0.5081
2004-01-29,143.05,95.82,1320.11,9.04,772.20,5.61,40.246243,38.41,-0.4970,0.6349
2004-02-05,143.45,95.87,1322.62,9.04,773.15,5.63,40.516785,38.47,-0.5539,0.5967
2004-02-12,143.91,95.83,1324.41,9.04,774.54,5.68,40.943939,38.39,-0.6913,0.5146
2004-02-19,144.36,95.79,1326.19,9.04,775.92,5.72,40.844265,38.31,-0.6859,0.5175
2004-02-26,144.81,95.75,1327.98,9.04,777.30,5.77,41.015137,38.23,-0.7539,0.4815
2004-03-04,145.21,95.77,1329.38,9.04,777.85,5.78,41.776913,38.30,-0.9434,0.3960
2004-03-11,145.56,95.85,1330.26,9.05,777.27,5.74,40.438461,38.55,-0.5123,0.6244
2004-03-18,145.90,95.94,1331.14,9.05,776.70,5.69,40.367271,38.80,-0.4245,0.6871
2004-03-25,146.25,96.02,1332.02,9.06,776.13,5.65,39.989933,39.05,-0.2539,0.8261
2004-04-01,146.60,96.10,1332.90,9.06,775.55,5.60,41.08633,39.31,-0.4825,0.6450
2004-04-08,146.97,96.28,1333.02,9.06,776.15,5.60,41.250099,39.31,-0.5252,0.6156
2004-04-15,147.34,96.46,1333.13,9.06,776.74,5.60,40.706867,39.32,-0.3762,0.7242
2004-04-22,147.71,96.64,1333.25,9.06,777.33,5.60,40.885559,39.32,-0.4229,0.6883
2004-04-29,148.08,96.82,1333.37,9.06,777.92,5.60,39.734768,39.33,-0.1094,0.9581
2004-05-06,148.46,96.74,1334.79,9.06,778.35,5.60,39.027126,39.35,0.0881,1.1475
2004-05-13,148.83,96.57,1336.73,9.06,778.72,5.60,39.191536,39.38,0.0510,1.1120
2004-05-20,149.21,96.39,1338.67,9.06,779.10,5.60,39.127201,39.41,0.0759,1.1358
2004-05-27,149.58,96.22,1340.61,9.06,779.47,5.60,40.285156,39.43,-0.2305,0.8467
2004-06-03,149.95,96.15,1341.91,9.07,780.15,5.59,40.342346,39.49,-0.2321,0.8452
2004-06-10,150.30,96.35,1341.61,9.07,781.64,5.57,40.821232,39.60,-0.3320,0.7598
2004-06-17,150.64,96.55,1341.31,9.08,783.12,5.55,40.771202,39.71,-0.2886,0.7961
2004-06-24,150.99,96.76,1341.00,9.09,784.60,5.52,41.028526,39.82,-0.3285,0.7627
2004-07-01,151.34,96.96,1340.70,9.10,786.09,5.50,40.542477,39.93,-0.1669,0.9043
2004-07-08,151.63,97.06,1343.68,9.10,786.30,5.48,40.246281,40.14,-0.0284,1.0356
2004-07-15,151.92,97.16,1346.66,9.10,786.50,5.45,40.095558,40.36,0.0708,1.1309
2004-07-22,152.22,97.26,1349.64,9.10,786.71,5.43,39.571678,40.57,0.2711,1.3146
2004-07-29,152.51,97.36,1352.62,9.10,786.92,5.41,40.296513,40.79,0.1330,1.1899
2004-08-05,152.83,97.41,1354.97,9.10,787.87,5.40,39.105209,40.89,0.4833,1.4814
2004-08-12,153.18,97.42,1356.85,9.10,789.36,5.40,39.148262,40.91,0.4761,1.4763
2004-08-19,153.53,97.43,1358.72,9.10,790.86,5.40,40.368282,40.92,0.1500,1.2058
2004-08-26,153.88,97.44,1360.59,9.10,792.35,5.40,40.705582,40.94,0.0631,1.1236
2004-09-02,154.23,97.49,1362.19,9.10,793.74,5.40,41.17205,40.97,-0.0552,1.0098
2004-09-09,154.60,97.75,1362.15,9.11,794.45,5.43,41.416054,41.08,-0.0918,0.9748
2004-09-16,154.96,98.01,1362.10,9.12,795.17,5.45,41.660069,41.19,-0.1284,0.9402
2004-09-23,155.33,98.26,1362.05,9.12,795.88,5.47,41.35149,41.30,-0.0153,1.0482
2004-09-30,155.70,98.52,1362.01,9.13,796.59,5.50,41.947136,41.40,-0.1471,0.9227
2004-10-07,156.09,98.55,1364.40,9.13,796.79,5.48,42.059303,41.57,-0.1331,0.9358
2004-10-14,156.50,98.54,1367.20,9.13,796.90,5.46,41.388943,41.74,0.0956,1.1545
2004-10-21,156.90,98.53,1370.00,9.13,797.01,5.44,40.653721,41.91,0.3417,1.3739
2004-10-28,157.30,98.51,1372.80,9.13,797.12,5.41,42.124168,42.09,-0.0097,1.0535
2004-11-04,157.71,98.58,1374.59,9.13,797.42,5.40,43.479298,42.20,-0.3474,0.7473
2004-11-11,158.13,98.75,1375.03,9.13,797.97,5.40,44.113625,42.22,-0.5130,0.6239
2004-11-18,158.55,98.92,1375.48,9.13,798.53,5.40,43.681133,42.24,-0.3895,0.7139
2004-11-25,158.97,99.10,1375.92,9.13,799.08,5.40,44.387512,42.27,-0.5746,0.5834
2004-12-02,159.40,99.27,1376.02,9.14,799.72,5.40,44.481232,42.36,-0.5740,0.5838
2004-12-09,159.84,99.44,1374.08,9.18,800.86,5.37,44.430775,42.90,-0.4158,0.6937
2004-12-16,160.28,99.61,1372.14,9.22,802.01,5.35,44.776752,43.43,-0.3651,0.7331
2004-12-23,160.72,99.78,1370.20,9.26,803.16,5.33,45.432705,43.96,-0.3983,0.7070
2004-12-30,161.17,99.96,1368.25,9.30,804.31,5.31,45.324574,44.50,-0.2245,0.8520
2005-01-06,161.62,100.15,1368.35,9.31,804.55,5.32,44.580078,44.69,0.0292,1.0910
2005-01-13,162.09,100.35,1369.25,9.31,804.43,5.34,44.435177,44.74,0.0835,1.1431
2005-01-20,162.55,100.55,1370.15,9.31,804.31,5.36,43.862915,44.80,0.2536,1.2995
2005-01-27,163.02,100.75,1371.05,9.31,804.19,5.38,44.058506,44.85,0.2157,1.2659
2005-02-03,163.53,100.85,1371.68,9.31,804.15,5.39,45.347946,44.90,-0.1226,0.9457
2005-02-10,164.14,100.73,1371.60,9.31,804.28,5.34,45.521805,44.90,-0.1684,0.9030
2005-02-17,164.76,100.61,1371.53,9.31,804.41,5.29,45.261009,44.91,-0.0964,0.9704
2005-02-24,165.38,100.49,1371.45,9.31,804.54,5.24,45.637707,44.91,-0.1971,0.8767
2005-03-03,165.93,100.43,1370.57,9.32,805.02,5.20,45.985424,44.97,-0.2740,0.8086
2005-03-10,166.31,100.50,1367.68,9.35,806.36,5.20,45.246532,45.19,-0.0164,1.0471
2005-03-17,166.69,100.58,1364.79,9.38,807.69,5.20,44.811882,45.40,0.1588,1.2139
2005-03-24,167.07,100.66,1361.90,9.41,809.03,5.20,43.949829,45.61,0.4497,1.4573
2005-03-31,167.45,100.74,1359.01,9.43,810.37,5.20,43.899132,45.82,0.5209,1.5072
2005-04-07,167.87,100.81,1360.08,9.44,810.29,5.18,44.395824,45.98,0.4305,1.4431
2005-04-14,168.30,100.88,1361.81,9.44,809.97,5.16,42.819134,46.14,0.8998,1.7119
2005-04-21,168.73,100.95,1363.53,9.44,809.66,5.13,43.293602,46.30,0.8133,1.6733
2005-04-28,169.17,101.02,1365.26,9.44,809.35,5.11,43.527191,46.45,0.7920,1.6631
2005-05-05,169.59,101.08,1367.66,9.44,809.85,5.09,44.096558,46.60,0.6775,1.6036
2005-05-12,170.00,101.12,1370.58,9.44,810.98,5.06,43.395802,46.74,0.9054,1.7143
2005-05-19,170.42,101.17,1373.49,9.44,812.10,5.04,44.819214,46.88,0.5578,1.5316
2005-05-26,170.83,101.21,1376.40,9.44,813.22,5.02,45.111179,47.02,0.5168,1.5045
2005-06-02,171.24,101.24,1378.53,9.44,814.21,5.00,45.154991,47.18,0.5476,1.5250
2005-06-09,171.63,101.15,1375.94,9.47,814.38,5.00,45.425079,47.43,0.5445,1.5229
2005-06-16,172.02,101.07,1373.35,9.50,814.55,5.00,46.330223,47.69,0.3693,1.3960
2005-06-23,172.41,100.99,1370.76,9.53,814.71,5.00,45.381275,47.95,0.6964,1.6140
2005-06-30,172.80,100.91,1368.17,9.56,814.88,5.00,45.846031,48.21,0.6406,1.5825
2005-07-07,173.17,100.99,1369.70,9.56,815.48,4.98,46.395466,48.37,0.5352,1.5168
2005-07-14,173.52,101.10,1371.91,9.56,816.14,4.96,46.835026,48.51,0.4552,1.4613
2005-07-21,173.88,101.20,1374.12,9.56,816.80,4.94,46.988876,48.66,0.4526,1.4594
2005-07-28,174.24,101.31,1376.34,9.56,817.46,4.91,47.091438,48.80,0.4639,1.4676
2005-08-04,174.64,101.27,1377.63,9.56,818.02,4.91,46.71048,48.82,0.5727,1.5412
2005-08-11,175.09,101.03,1377.70,9.56,818.43,4.93,46.915604,48.68,0.4781,1.4777
2005-08-18,175.54,100.79,1377.76,9.56,818.83,4.95,46.607925,48.54,0.5224,1.5083
2005-08-25,175.99,100.55,1377.83,9.56,819.24,4.98,46.051147,48.39,0.6342,1.5788
2005-09-01,176.44,100.31,1377.90,9.56,819.65,5.00,46.644558,48.25,0.4344,1.4460
2005-09-08,176.81,100.67,1377.50,9.59,819.99,5.00,47.472401,48.77,0.3522,1.3824
2005-09-15,177.18,101.04,1377.11,9.62,820.32,5.00,47.509018,49.30,0.4845,1.4822
2005-09-22,177.55,101.41,1376.71,9.65,820.65,5.00,46.571289,49.82,0.8808,1.7038
2005-09-29,177.92,101.78,1376.31,9.68,820.99,5.00,46.981556,50.35,0.9118,1.7169
2005-10-06,178.30,102.02,1376.20,9.69,821.86,5.00,45.842823,50.48,1.2565,1.8341
2005-10-13,178.67,102.22,1376.20,9.69,822.94,5.00,45.268871,50.46,1.4057,1.8719
2005-10-20,179.04,102.41,1376.20,9.69,824.02,5.00,45.00396,50.43,1.4712,1.8867
2005-10-27,179.42,102.60,1376.20,9.69,825.10,5.00,46.034138,50.41,1.1858,1.8138
2005-11-03,179.77,102.75,1376.12,9.69,826.12,4.99,46.76997,50.39,0.9799,1.7441
2005-11-10,180.05,102.80,1375.84,9.69,826.97,4.97,47.483746,50.36,0.7794,1.6570
2005-11-17,180.34,102.84,1375.56,9.69,827.82,4.95,47.90316,50.33,0.6586,1.5929
2005-11-24,180.63,102.89,1375.28,9.69,828.67,4.92,48.822956,50.31,0.4023,1.4218
2005-12-01,180.91,102.93,1375.00,9.69,829.52,4.90,48.602219,50.28,0.4550,1.4611
2005-12-08,181.23,103.12,1376.33,9.73,840.82,4.85,48.50655,50.43,0.5207,1.5071
2005-12-15,181.55,103.30,1377.66,9.76,852.13,4.81,48.837688,50.57,0.4707,1.4724
2005-12-22,181.87,103.49,1379.00,9.80,863.43,4.76,48.602219,50.72,0.5742,1.5421
2005-12-29,182.19,103.68,1380.33,9.83,874.73,4.72,48.114452,50.87,0.7461,1.6403
2006-01-05,182.45,103.71,1380.75,9.85,880.31,4.71,49.482826,50.84,0.3685,1.3954
2006-01-12,182.67,103.63,1380.47,9.85,881.60,4.74,49.630733,50.69,0.2865,1.3279
2006-01-19,182.88,103.55,1380.20,9.85,882.89,4.76,48.654385,50.53,0.5091,1.4993
2006-01-26,183.10,103.48,1379.93,9.85,884.18,4.78,49.689922,50.38,0.1866,1.2395
2006-02-02,183.33,103.40,1379.85,9.85,885.40,4.80,48.957672,50.25,0.3508,1.3813
2006-02-09,183.60,103.38,1380.93,9.85,886.13,4.77,49.357075,50.30,0.2544,1.3001
2006-02-16,183.87,103.35,1382.00,9.85,886.87,4.75,50.303833,50.34,0.0096,1.0721
2006-02-23,184.14,103.32,1383.08,9.85,887.61,4.72,50.49614,50.38,-0.0307,1.0333
2006-03-02,184.37,103.32,1383.93,9.85,888.41,4.70,50.355606,50.47,0.0305,1.0923
2006-03-09,184.36,103.43,1383.43,9.88,889.61,4.70,50.259434,50.81,0.1481,1.2040
2006-03-16,184.35,103.55,1382.94,9.90,890.80,4.70,51.361526,51.14,-0.0589,1.0062
2006-03-23,184.34,103.67,1382.44,9.93,891.99,4.70,51.257996,51.48,0.0607,1.1213
2006-03-30,184.33,103.79,1381.94,9.95,893.19,4.70,50.858582,51.82,0.2605,1.3055
2006-04-06,184.30,103.76,1382.70,9.96,894.52,4.68,51.245342,51.93,0.1847,1.2378
2006-04-13,184.26,103.66,1383.96,9.96,895.90,4.66,51.022331,51.94,0.2491,1.2955
2006-04-20,184.22,103.57,1385.22,9.96,897.29,4.64,52.107616,51.96,-0.0410,1.0234
2006-04-27,184.18,103.48,1386.48,9.96,898.68,4.61,52.494164,51.97,-0.1418,0.9277
2006-05-04,184.10,103.47,1385.88,9.96,899.28,4.60,53.237469,51.93,-0.3552,0.7410
2006-05-11,183.95,103.57,1382.81,9.96,898.83,4.60,51.92178,51.80,-0.0319,1.0321
2006-05-18,183.80,103.67,1379.74,9.96,898.38,4.60,50.866241,51.68,0.2208,1.2705
2006-05-25,183.66,103.77,1376.67,9.96,897.93,4.60,51.408878,51.56,0.0405,1.1019
2006-06-01,183.51,103.87,1373.60,9.96,897.48,4.60,51.929207,51.44,-0.1337,0.9352
2006-06-08,183.41,103.81,1372.83,10.00,897.76,4.62,50.345928,51.98,0.4438,1.4530
2006-06-15,183.31,103.75,1372.06,10.04,898.04,4.65,50.174931,52.53,0.6387,1.5814
2006-06-22,183.21,103.69,1371.29,10.08,898.32,4.67,49.855316,53.08,0.8738,1.7007
2006-06-29,183.11,103.63,1370.52,10.12,898.60,4.69,51.323669,53.63,0.6245,1.5730
2006-07-06,183.00,103.74,1370.57,10.13,899.52,4.70,51.204166,53.79,0.7018,1.6170
2006-07-13,182.89,103.92,1370.96,10.13,900.71,4.70,49.859623,53.81,1.0697,1.7766
2006-07-20,182.79,104.09,1371.34,10.13,901.89,4.70,50.053844,53.82,1.0206,1.7593
2006-07-27,182.68,104.26,1371.73,10.13,903.08,4.70,51.868954,53.83,0.5323,1.5149
2006-08-03,182.62,104.39,1371.45,10.13,904.18,4.69,51.981003,53.82,0.4979,1.4915
2006-08-10,182.66,104.41,1369.50,10.13,905.05,4.64,51.204166,53.73,0.6851,1.6078
2006-08-17,182.71,104.43,1367.56,10.13,905.93,4.60,52.600979,53.65,0.2834,1.3252
2006-08-24,182.76,104.45,1365.62,10.13,906.81,4.55,52.272324,53.56,0.3492,1.3800
2006-08-31,182.80,104.47,1363.68,10.13,907.69,4.51,52.81012,53.48,0.1802,1.2337
2006-09-07,182.89,104.40,1364.68,10.16,908.57,4.48,52.347015,53.88,0.4161,1.4323
2006-09-14,182.98,104.30,1366.17,10.18,909.46,4.46,53.108921,54.37,0.3422,1.3743
2006-09-21,183.07,104.21,1367.67,10.21,910.35,4.43,52.981937,54.86,0.5093,1.4994
2006-09-28,183.17,104.12,1369.16,10.24,911.23,4.41,53.639267,55.35,0.4638,1.4675
2006-10-05,183.26,104.08,1369.93,10.25,912.35,4.41,54.561127,55.51,0.2562,1.3017
2006-10-12,183.35,104.09,1370.15,10.25,913.65,4.44,55.40192,55.41,0.0028,1.0655
2006-10-19,183.44,104.10,1370.38,10.25,914.94,4.46,55.311832,55.32,0.0016,1.0644
2006-10-26,183.54,104.11,1370.61,10.25,916.24,4.48,55.814793,55.22,-0.1603,0.9104
2006-11-02,183.63,104.17,1370.69,10.25,917.56,4.50,55.131664,55.14,0.0032,1.0660
2006-11-09,183.76,104.55,1369.95,10.25,919.09,4.47,55.957417,55.15,-0.2175,0.8583
2006-11-16,183.88,104.93,1369.20,10.25,920.61,4.45,56.715637,55.17,-0.4200,0.6906
2006-11-23,184.00,105.31,1368.45,10.25,922.14,4.43,56.685623,55.18,-0.4088,0.6990
2006-11-30,184.13,105.69,1367.71,10.25,923.66,4.40,56.497948,55.19,-0.3550,0.7411
2006-12-07,184.22,105.63,1368.88,10.28,924.60,4.44,57.286171,55.53,-0.4760,0.6495
2006-12-14,184.30,105.51,1370.37,10.31,925.45,4.48,58.051895,55.93,-0.5760,0.5825
2006-12-21,184.39,105.38,1371.86,10.33,926.30,4.53,57.316196,56.32,-0.2692,0.8127
2006-12-28,184.47,105.25,1373.35,10.36,927.15,4.57,58.048313,56.72,-0.3601,0.7370
2007-01-04,184.53,105.22,1373.29,10.38,928.18,4.59,57.534958,56.89,-0.1748,0.8971
2007-01-11,184.55,105.32,1371.17,10.38,929.48,4.57,58.395596,56.76,-0.4434,0.6731
2007-01-18,184.57,105.43,1369.05,10.38,930.77,4.55,58.52396,56.63,-0.5136,0.6235
2007-01-25,184.58,105.53,1366.92,10.38,932.06,4.52,58.36541,56.50,-0.5061,0.6286
2007-02-01,184.60,105.63,1364.80,10.38,933.36,4.50,59.505386,56.37,-0.8503,0.4354
2007-02-08,184.49,105.88,1365.50,10.38,934.63,4.48,59.21096,56.45,-0.7471,0.4850
2007-02-15,184.38,106.12,1366.20,10.38,935.91,4.45,60.003647,56.54,-0.9384,0.3980
2007-02-22,184.27,106.36,1366.90,10.38,937.19,4.43,59.830013,56.63,-0.8678,0.4277
2007-03-01,184.16,106.61,1367.60,10.38,938.46,4.40,57.16502,56.71,-0.1222,0.9460
2007-03-08,183.90,106.78,1370.13,10.40,939.12,4.42,57.972832,57.14,-0.2261,0.8506
2007-03-15,183.64,106.95,1372.66,10.42,939.78,4.45,57.308468,57.56,0.0689,1.1291
2007-03-22,183.38,107.12,1375.19,10.43,940.44,4.47,59.361935,57.99,-0.3725,0.7272
2007-03-29,183.13,107.29,1377.72,10.45,941.10,4.49,58.584332,58.41,-0.0468,1.0178
2007-04-05,182.83,107.36,1379.08,10.46,942.62,4.49,59.603306,58.57,-0.2793,0.8040
2007-04-12,182.50,107.34,1379.57,10.46,944.77,4.46,59.997959,58.54,-0.3962,0.7087
2007-04-19,182.17,107.32,1380.06,10.46,946.93,4.44,61.34898,58.50,-0.7722,0.4723
2007-04-26,181.84,107.31,1380.55,10.46,949.09,4.42,61.720867,58.46,-0.8830,0.4211
2007-05-03,181.52,107.32,1379.93,10.46,950.84,4.41,62.343266,58.36,-1.0800,0.3456
2007-05-10,181.22,107.41,1376.52,10.46,951.58,4.46,62.555767,58.08,-1.2121,0.3042
2007-05-17,180.91,107.50,1373.11,10.46,952.33,4.50,63.307171,57.81,-1.4903,0.2350
2007-05-24,180.61,107.59,1369.70,10.46,953.07,4.55,63.041515,57.53,-1.4928,0.2344
2007-05-31,180.31,107.68,1366.29,10.46,953.82,4.59,63.846062,57.26,-1.7854,0.1805
2007-06-07,180.03,107.72,1366.32,10.48,954.80,4.62,62.457108,57.60,-1.3166,0.2757
2007-06-14,179.77,107.75,1366.93,10.51,955.83,4.64,63.588028,58.04,-1.5027,0.2323
2007-06-21,179.50,107.78,1367.53,10.54,956.86,4.67,62.358425,58.49,-1.0493,0.3562
2007-06-28,179.24,107.81,1368.14,10.57,957.88,4.69,62.009289,58.93,-0.8344,0.4427
2007-07-05,178.99,107.79,1369.38,10.59,959.60,4.69,63.362099,59.13,-1.1476,0.3237
2007-07-12,178.77,107.73,1371.10,10.59,961.84,4.66,64.216614,59.14,-1.3759,0.2609
2007-07-19,178.55,107.66,1372.81,10.59,964.07,4.64,63.209503,59.15,-1.0997,0.3391
2007-07-26,178.32,107.60,1374.53,10.59,966.31,4.62,59.715237,59.16,-0.1497,0.9203
2007-08-02,178.11,107.56,1375.95,10.59,968.46,4.60,58.853104,59.16,0.0826,1.1422
2007-08-09,177.98,107.69,1375.56,10.59,970.10,4.63,59.56266,59.05,-0.1385,0.9307
2007-08-16,177.86,107.81,1375.18,10.59,971.75,4.65,59.738129,58.94,-0.2149,0.8606
2007-08-23,177.73,107.94,1374.79,10.59,973.39,4.67,61.164833,58.84,-0.6304,0.5493
2007-08-30,177.60,108.06,1374.41,10.59,975.03,4.69,60.623161,58.73,-0.5124,0.6242
2007-09-06,177.41,108.04,1375.07,10.60,976.73,4.70,59.707619,58.91,-0.2149,0.8606
2007-09-13,177.19,107.97,1376.14,10.62,978.44,4.70,60.996994,59.21,-0.4835,0.6443
2007-09-20,176.98,107.89,1377.21,10.64,980.16,4.70,62.583908,59.51,-0.8327,0.4435
2007-09-27,176.76,107.82,1378.29,10.67,981.87,4.70,62.149006,59.81,-0.6340,0.5471
2007-10-04,176.49,107.83,1378.19,10.68,983.99,4.70,64.119759,59.90,-1.1432,0.3250
2007-10-11,176.16,107.97,1376.55,10.68,986.63,4.70,64.050652,59.72,-1.1743,0.3154
2007-10-18,175.83,108.11,1374.90,10.68,989.28,4.70,61.096729,59.53,-0.4238,0.6877
2007-10-25,175.49,108.25,1373.25,10.68,991.92,4.70,62.761658,59.35,-0.9247,0.4035
2007-11-01,175.16,108.39,1371.60,10.68,994.57,4.70,61.31155,59.16,-0.5817,0.5790
2007-11-08,174.97,108.44,1372.35,10.68,996.21,4.77,59.078838,59.03,-0.0132,1.0501
2007-11-15,174.78,108.49,1373.09,10.68,997.86,4.84,59.124882,58.90,-0.0622,1.0030
2007-11-22,174.59,108.53,1373.84,10.68,999.51,4.91,58.035381,58.76,0.1964,1.2485
2007-11-29,174.40,108.58,1374.59,10.68,1001.15,4.98,60.268093,58.63,-0.4450,0.6719
2007-12-06,174.16,108.53,1375.78,10.66,1002.66,5.00,60.92028,58.34,-0.7003,0.5097
2007-12-13,173.88,108.44,1377.16,10.64,1004.11,5.00,59.347385,57.98,-0.3693,0.7297
2007-12-20,173.61,108.34,1378.54,10.62,1005.55,5.00,59.830746,57.63,-0.5956,0.5703
2007-12-27,173.34,108.25,1379.92,10.60,1007.00,5.00,59.094196,57.28,-0.4913,0.6388
2008-01-03,173.04,108.14,1381.01,10.58,1008.48,4.99,56.797951,57.02,0.0589,1.1195
2008-01-10,172.68,107.98,1381.39,10.58,1010.04,4.97,56.66674,56.96,0.0807,1.1404
2008-01-17,172.32,107.82,1381.78,10.58,1011.60,4.95,53.432838,56.91,0.9432,1.7297
2008-01-24,171.96,107.66,1382.16,10.58,1013.16,4.93,54.528816,56.86,0.6325,1.5777
2008-01-31,171.60,107.50,1382.55,10.58,1014.72,4.90,57.901646,56.81,-0.2952,0.7905
2008-02-07,171.24,107.41,1384.13,10.58,1015.32,4.94,54.876129,56.81,0.5229,1.5086
2008-02-14,170.88,107.34,1385.92,10.58,1015.76,4.99,55.51675,56.81,0.3496,1.3803
2008-02-21,170.53,107.26,1387.70,10.58,1016.20,5.04,55.57851,56.81,0.3332,1.3669
2008-02-28,170.17,107.19,1389.49,10.58,1016.65,5.09,54.196945,56.81,0.7078,1.6202
2008-03-06,169.79,106.98,1390.34,10.59,1017.06,5.08,52.483501,56.87,1.1875,1.8143
2008-03-13,169.40,106.71,1390.81,10.59,1017.45,5.06,52.051285,56.95,1.3262,1.8525
2008-03-20,169.01,106.44,1391.29,10.60,1017.85,5.04,54.690907,57.03,0.6325,1.5777
2008-03-27,168.62,106.18,1391.76,10.60,1018.25,5.02,53.131832,57.10,1.0764,1.7789
2008-04-03,168.23,105.95,1392.19,10.61,1018.61,5.03,55.864815,57.12,0.3389,1.3716
2008-04-10,167.84,105.83,1392.52,10.61,1018.86,5.12,53.851315,56.95,0.8409,1.6861
2008-04-17,167.45,105.70,1392.85,10.61,1019.12,5.21,55.857025,56.79,0.2540,1.2998
2008-04-24,167.06,105.58,1393.17,10.61,1019.38,5.31,56.416752,56.63,0.0588,1.1195
2008-05-01,166.67,105.46,1393.50,10.61,1019.64,5.40,57.334133,56.47,-0.2333,0.8442
2008-05-08,166.30,105.30,1395.40,10.61,1019.57,5.45,55.7715,56.49,0.1946,1.2468
2008-05-15,165.93,105.13,1397.29,10.61,1019.49,5.49,57.116444,56.51,-0.1653,0.9058
2008-05-22,165.56,104.97,1399.19,10.61,1019.42,5.54,54.900829,56.52,0.4395,1.4498
2008-05-29,165.19,104.81,1401.09,10.61,1019.35,5.58,55.825943,56.54,0.1933,1.2456
2008-06-05,164.84,104.57,1403.91,10.58,1019.19,5.63,53.835762,56.12,0.6201,1.5704
2008-06-12,164.50,104.28,1407.44,10.53,1018.97,5.67,53.470371,55.39,0.5191,1.5061
2008-06-19,164.16,103.99,1410.96,10.48,1018.75,5.72,51.487991,54.65,0.8562,1.6930
2008-06-26,163.83,103.69,1414.48,10.42,1018.52,5.77,49.311222,53.91,1.2460,1.8312
2008-07-03,163.48,103.40,1416.34,10.39,1018.30,5.82,49.003239,53.30,1.1634,1.8070
2008-07-10,163.13,103.11,1414.01,10.39,1018.09,5.89,48.024738,53.00,1.3474,1.8579
2008-07-17,162.77,102.82,1411.68,10.39,1017.88,5.95,49.793865,52.70,0.7868,1.6606
2008-07-24,162.41,102.53,1409.36,10.39,1017.67,6.02,49.637295,52.40,0.7481,1.6413
2008-07-31,162.06,102.24,1407.03,10.39,1017.46,6.09,50.091343,52.10,0.5439,1.5226
2008-08-07,161.68,101.48,1417.15,10.39,1016.49,6.10,51.586479,52.55,0.2598,1.3049
2008-08-14,161.30,100.66,1429.35,10.39,1015.39,6.10,51.539494,53.12,0.4272,1.4406
2008-08-21,160.92,99.83,1441.54,10.39,1014.29,6.10,50.889782,53.69,0.7579,1.6463
2008-08-28,160.54,99.00,1453.73,10.39,1013.19,6.10,51.015018,54.26,0.8787,1.7028
2008-09-04,160.12,98.48,1461.96,10.30,1012.95,6.14,50.02869,53.17,0.8505,1.6904
2008-09-11,159.66,98.36,1464.90,10.10,1013.86,6.23,50.334,49.86,-0.1277,0.9409
2008-09-18,159.20,98.23,1467.84,9.89,1014.77,6.33,50.584507,46.56,-1.0910,0.3419
2008-09-25,158.73,98.11,1470.78,9.69,1015.68,6.42,48.564865,43.25,-1.4393,0.2462
2008-10-02,158.26,97.92,1474.62,9.51,1016.27,6.51,44.718033,40.48,-1.1496,0.3230
2008-10-09,157.77,97.39,1483.83,9.51,1014.92,6.58,36.882332,40.86,1.0779,1.7794
2008-10-16,157.28,96.86,1493.04,9.51,1013.57,6.65,38.002838,41.25,0.8787,1.7028
2008-10-23,156.78,96.33,1502.25,9.51,1012.22,6.71,35.272564,41.63,1.7228,1.9350
2008-10-30,156.29,95.79,1511.47,9.51,1010.87,6.78,39.194359,42.02,0.7645,1.6496
2008-11-06,155.73,95.08,1529.00,9.51,1009.40,6.88,37.363663,42.80,1.4721,1.8869
2008-11-13,155.14,94.29,1549.86,9.51,1007.89,7.00,34.799122,43.74,2.4214,2.0232
2008-11-20,154.55,93.50,1570.72,9.51,1006.37,7.12,30.940434,44.67,3.7213,2.1050
2008-11-27,153.96,92.72,1591.58,9.51,1004.86,7.23,35.564529,45.61,2.7228,2.0486
2008-12-04,153.42,91.99,1601.93,9.48,1004.24,7.35,35.359371,45.28,2.6878,2.0459
2008-12-11,152.94,91.35,1598.27,9.38,1004.80,7.46,34.901684,43.25,2.2613,2.0072
2008-12-18,152.47,90.71,1594.62,9.29,1005.36,7.57,35.130531,41.22,1.6487,1.9220
2008-12-25,151.99,90.07,1590.96,9.20,1005.92,7.69,34.207283,39.18,1.3483,1.8581
2009-01-01,151.52,89.42,1587.30,9.11,1006.48,7.80,36.885708,37.15,0.0720,1.1321
2009-01-08,151.18,89.41,1583.42,9.11,1004.42,7.91,35.130772,36.86,0.4692,1.4713
2009-01-15,150.84,89.40,1579.53,9.11,1002.36,8.03,32.865295,36.57,1.0046,1.7534
2009-01-22,150.51,89.39,1575.65,9.11,1000.30,8.14,32.003777,36.28,1.1596,1.8059
2009-01-29,150.17,89.38,1571.76,9.11,998.24,8.25,31.660769,35.99,1.1742,1.8103
2009-02-05,149.84,89.15,1571.59,9.11,995.51,8.36,32.913151,35.91,0.8125,1.6729
2009-02-12,149.50,88.75,1574.19,9.11,992.27,8.46,31.054516,35.98,1.3358,1.8550
2009-02-19,149.16,88.36,1576.79,9.11,989.04,8.56,28.54973,36.06,2.0342,1.9808
2009-02-26,148.82,87.96,1579.39,9.11,985.80,8.66,27.504742,36.13,2.3371,2.0150
2009-03-05,148.58,87.72,1584.62,9.08,983.73,8.74,25.143549,35.74,2.8715,2.0593
2009-03-12,148.42,87.59,1591.82,9.01,982.51,8.81,28.469952,35.01,1.7710,1.9430
2009-03-19,148.26,87.46,1599.02,8.94,981.30,8.87,28.972509,34.27,1.4357,1.8788
2009-03-26,148.10,87.33,1606.23,8.87,980.08,8.94,30.695543,33.54,0.7696,1.6522
2009-04-02,147.95,87.19,1612.57,8.81,978.67,9.01,32.01078,32.91,0.2426,1.2898
2009-04-09,147.89,86.98,1613.73,8.81,976.04,9.11,32.905563,32.91,0.0008,1.0636
2009-04-16,147.84,86.76,1614.90,8.81,973.41,9.20,33.79229,32.91,-0.2389,0.8393
2009-04-23,147.78,86.55,1616.07,8.81,970.78,9.29,33.268307,32.91,-0.0963,0.9705
2009-04-30,147.72,86.33,1617.23,8.81,968.14,9.39,33.623001,32.92,-0.1918,0.8815
2009-05-07,147.79,86.25,1624.83,8.81,966.93,9.42,36.525024,33.35,-0.8603,0.4310
2009-05-14,147.87,86.18,1633.50,8.81,965.96,9.44,34.308197,33.86,-0.1222,0.9461
2009-05-21,147.96,86.12,1642.17,8.81,964.98,9.46,34.4533,34.36,-0.0241,1.0397
2009-05-28,148.05,86.05,1650.85,8.81,964.00,9.49,35.678596,34.87,-0.2186,0.8573
2009-06-04,148.14,86.16,1655.96,8.80,963.06,9.50,36.12196,35.03,-0.2967,0.7892
2009-06-11,148.21,86.48,1656.33,8.77,962.15,9.50,36.460522,34.71,-0.4736,0.6513
2009-06-18,148.28,86.80,1656.71,8.74,961.25,9.50,35.372269,34.40,-0.2639,0.8174
2009-06-25,148.36,87.13,1657.08,8.71,960.35,9.50,35.162689,34.08,-0.2922,0.7930
2009-07-02,148.42,87.44,1657.46,8.69,959.28,9.50,34.61837,33.84,-0.2114,0.8638
2009-07-09,148.39,87.68,1657.89,8.69,957.27,9.53,33.757988,34.00,0.0665,1.1268
2009-07-16,148.36,87.92,1658.32,8.69,955.25,9.55,36.160576,34.17,-0.5398,0.6059
2009-07-23,148.33,88.16,1658.75,8.69,953.24,9.57,37.759598,34.33,-0.9284,0.4020
2009-07-30,148.29,88.40,1659.18,8.69,951.22,9.59,38.425175,34.50,-1.0640,0.3511
2009-08-06,148.25,88.60,1659.95,8.69,949.98,9.63,40.024208,34.61,-1.4683,0.2397
2009-08-13,148.19,88.78,1660.85,8.69,949.04,9.68,39.75634,34.69,-1.3731,0.2616
2009-08-20,148.13,88.96,1661.75,8.69,948.10,9.72,40.681675,34.77,-1.6012,0.2126
2009-08-27,148.07,89.14,1662.65,8.69,947.16,9.77,40.88459,34.86,-1.6336,0.2065
2009-09-03,148.02,89.27,1664.23,8.69,945.97,9.81,40.137829,34.98,-1.3984,0.2556
2009-09-10,147.98,89.31,1667.50,8.69,944.15,9.86,41.11187,35.19,-1.6040,0.2121
2009-09-17,147.94,89.34,1670.77,8.69,942.34,9.91,42.256336,35.41,-1.8557,0.1696
2009-09-24,147.90,89.37,1674.03,8.68,940.52,9.95,41.055035,35.62,-1.4719,0.2389
2009-10-01,147.86,89.41,1677.30,8.68,938.70,10.00,40.419937,35.84,-1.2414,0.2959
2009-10-08,147.92,89.62,1678.41,8.68,935.51,9.98,42.354809,36.17,-1.6768,0.1987
2009-10-15,147.99,89.82,1679.51,8.68,932.31,9.95,42.844643,36.49,-1.7206,0.1911
2009-10-22,148.05,90.03,1680.62,8.68,929.12,9.93,42.232342,36.82,-1.4658,0.2402
2009-10-29,148.12,90.24,1681.73,8.68,925.92,9.91,40.272991,37.15,-0.8461,0.4374
2009-11-05,148.12,90.31,1683.79,8.68,923.42,9.90,41.530235,37.44,-1.1079,0.3363
2009-11-12,148.07,90.27,1686.56,8.68,921.44,9.90,42.583401,37.70,-1.3221,0.2743
2009-11-19,148.02,90.23,1689.34,8.68,919.47,9.90,42.656868,37.97,-1.2708,0.2878
2009-11-26,147.98,90.20,1692.12,8.68,917.49,9.90,42.575241,38.23,-1.1775,0.3145
2009-12-03,147.91,90.25,1693.13,8.68,915.63,9.89,43.350811,38.40,-1.3417,0.2693
2009-12-10,147.78,90.50,1689.72,8.68,914.09,9.87,43.473267,38.34,-1.3920,0.2571
2009-12-17,147.66,90.76,1686.31,8.68,912.54,9.85,43.309986,38.27,-1.3649,0.2636
2009-12-24,147.54,91.01,1682.90,8.67,911.00,9.83,43.701859,38.21,-1.4882,0.2354
2009-12-31,147.41,91.27,1679.49,8.67,909.45,9.80,43.570789,38.15,-1.4699,0.2394
2010-01-07,147.05,91.31,1683.55,8.67,907.87,9.80,45.083145,38.50,-1.7843,0.1807
2010-01-14,146.66,91.31,1688.85,8.67,906.27,9.80,44.73793,38.92,-1.5766,0.2173
2010-01-21,146.26,91.32,1694.16,8.67,904.68,9.80,43.143379,39.34,-1.0305,0.3629
2010-01-28,145.87,91.32,1699.47,8.67,903.09,9.80,42.666653,39.76,-0.7872,0.4650
2010-02-04,145.66,91.45,1703.68,8.67,901.77,9.81,42.198154,40.11,-0.5659,0.5890
2010-02-11,145.72,91.74,1706.43,8.67,900.81,9.84,42.477612,40.36,-0.5735,0.5841
2010-02-18,145.77,92.03,1709.18,8.67,899.85,9.86,43.825584,40.61,-0.8706,0.4264
2010-02-25,145.83,92.32,1711.93,8.67,898.89,9.89,43.776276,40.86,-0.7892,0.4640
2010-03-04,145.91,92.56,1712.15,8.67,897.87,9.90,45.16534,41.04,-1.1165,0.3335
2010-03-11,146.03,92.75,1709.02,8.68,896.76,9.90,45.600964,41.13,-1.2111,0.3045
2010-03-18,146.15,92.94,1705.88,8.69,895.66,9.90,46.168095,41.22,-1.3412,0.2694
2010-03-25,146.27,93.14,1702.74,8.70,894.55,9.90,46.357143,41.30,-1.3690,0.2626
2010-04-01,146.39,93.33,1699.60,8.71,893.44,9.90,47.034573,41.39,-1.5290,0.2269
2010-04-08,146.39,93.63,1702.12,8.71,891.43,9.83,47.785881,41.85,-1.6090,0.2111
2010-04-15,146.38,93.94,1704.64,8.71,889.42,9.76,47.653782,42.30,-1.4496,0.2438
2010-04-22,146.38,94.25,1707.16,8.71,887.41,9.69,48.685795,42.76,-1.6057,0.2117
2010-04-29,146.38,94.55,1709.68,8.71,885.41,9.62,47.521694,43.22,-1.1667,0.3178
2010-05-06,146.27,94.62,1713.38,8.71,883.59,9.57,44.599056,43.64,-0.2595,0.8212
2010-05-13,146.11,94.59,1717.56,8.71,881.86,9.52,45.556763,44.05,-0.4070,0.7004
2010-05-20,145.96,94.56,1721.74,8.71,880.13,9.48,43.64962,44.47,0.2218,1.2713
2010-05-27,145.81,94.54,1725.92,8.71,878.40,9.43,43.756939,44.88,0.3047,1.3433
2010-06-03,145.65,94.55,1728.31,8.71,876.77,9.40,42.568077,45.10,0.6869,1.6088
2010-06-10,145.48,94.69,1726.26,8.69,875.42,9.40,43.64962,44.85,0.3239,1.3593
2010-06-17,145.31,94.82,1724.21,8.68,874.07,9.40,44.61557,44.59,-0.0077,1.0555
2010-06-24,145.14,94.95,1722.15,8.66,872.72,9.40,42.840527,44.33,0.4034,1.4227
2010-07-01,144.97,95.09,1720.10,8.65,871.36,9.40,40.753929,44.07,0.8989,1.7115
2010-07-08,144.72,95.12,1726.33,8.65,870.02,9.42,43.102398,44.50,0.3784,1.4032
2010-07-15,144.48,95.16,1732.56,8.65,868.68,9.45,42.538113,44.93,0.6470,1.5862
2010-07-22,144.24,95.20,1738.80,8.65,867.33,9.47,43.948849,45.35,0.3806,1.4049
2010-07-29,143.99,95.23,1745.03,8.65,865.99,9.49,44.139706,45.78,0.4446,1.4535
2010-08-05,143.77,95.25,1749.91,8.65,864.67,9.50,44.820179,46.14,0.3579,1.3870
2010-08-12,143.57,95.26,1753.77,8.65,863.36,9.50,43.260071,46.45,0.8647,1.6967
2010-08-19,143.37,95.26,1757.63,8.65,862.06,9.50,42.787052,46.76,1.0769,1.7791
2010-08-26,143.17,95.27,1761.49,8.65,860.75,9.50,42.662579,47.07,1.1947,1.8164
2010-09-02,142.98,95.27,1765.31,8.64,859.42,9.50,44.305683,47.25,0.7985,1.6663
2010-09-09,142.87,95.29,1768.85,8.58,857.95,9.47,44.496555,46.66,0.5859,1.5494
2010-09-16,142.76,95.30,1772.40,8.52,856.47,9.45,44.878281,46.06,0.3215,1.3573
2010-09-23,142.64,95.32,1775.95,8.46,855.00,9.43,45.318096,45.47,0.0413,1.1027
2010-09-30,142.53,95.33,1779.49,8.41,853.53,9.40,45.590591,44.88,-0.1934,0.8800
2010-10-07,142.45,95.35,1789.23,8.40,852.70,9.48,46.400982,45.25,-0.3113,0.7770
2010-10-14,142.37,95.36,1800.00,8.40,851.98,9.57,46.275661,45.79,-0.1318,0.9370
2010-10-21,142.29,95.37,1810.77,8.40,851.26,9.66,46.634907,46.33,-0.0836,0.9826
2010-10-28,142.21,95.38,1821.55,8.40,850.54,9.75,46.50959,46.86,0.0959,1.1549
2010-11-04,142.16,95.43,1828.68,8.40,849.03,9.75,48.280746,47.38,-0.2433,0.8353
2010-11-11,142.13,95.54,1830.97,8.40,846.45,9.63,47.228081,47.88,0.1761,1.2299
2010-11-18,142.11,95.65,1833.25,8.40,843.88,9.52,47.177948,48.37,0.3238,1.3592
2010-11-25,142.08,95.77,1835.54,8.40,841.31,9.40,46.367554,48.87,0.6776,1.6036
2010-12-02,142.04,95.87,1838.15,8.39,838.98,9.29,48.080246,49.22,0.3100,1.3478
2010-12-09,141.92,95.92,1842.71,8.33,838.12,9.25,49.024296,48.75,-0.0750,0.9908
2010-12-16,141.80,95.97,1847.27,8.28,837.26,9.20,49.199745,48.27,-0.2517,0.8279
2010-12-23,141.68,96.02,1851.84,8.22,836.40,9.16,49.64254,47.79,-0.5009,0.6321
2010-12-30,141.56,96.07,1856.40,8.17,835.54,9.11,50.084099,47.32,-0.7498,0.4836
2011-01-06,141.34,96.11,1860.46,8.15,835.04,9.08,50.790096,47.40,-0.9186,0.4060
2011-01-13,141.08,96.14,1864.32,8.15,834.70,9.06,51.790264,47.71,-1.1065,0.3368
2011-01-20,140.82,96.18,1868.18,8.15,834.35,9.04,51.61377,48.01,-0.9756,0.3834
2011-01-27,140.55,96.21,1872.04,8.15,834.00,9.02,51.311188,48.32,-0.8104,0.4538
2011-02-03,140.34,96.28,1876.07,8.15,833.92,9.00,52.689568,48.62,-1.1027,0.3381
2011-02-10,140.25,96.43,1880.52,8.15,834.48,9.00,53.395573,48.90,-1.2178,0.3026
2011-02-17,140.15,96.59,1884.97,8.15,835.04,9.00,54.101589,49.18,-1.3328,0.2716
2011-02-24,140.06,96.74,1889.42,8.15,835.60,9.00,53.185467,49.46,-1.0084,0.3710
2011-03-03,139.99,96.82,1893.15,8.14,835.72,9.01,53.143433,49.56,-0.9711,0.3851
2011-03-10,139.99,96.69,1895.07,8.11,834.75,9.03,52.706379,49.19,-0.9527,0.3923
2011-03-17,140.00,96.57,1896.99,8.09,833.78,9.05,51.91634,48.82,-0.8387,0.4407
2011-03-24,140.00,96.44,1898.91,8.06,832.81,9.07,52.790432,48.45,-1.1756,0.3151
2011-03-31,140.00,96.31,1900.83,8.03,831.84,9.10,53.738129,48.08,-1.5324,0.2262
2011-04-07,139.98,96.32,1908.54,8.02,832.16,9.08,53.72126,48.49,-1.4184,0.2509
2011-04-14,139.96,96.35,1917.22,8.02,832.71,9.06,53.248455,49.02,-1.1461,0.3241
2011-04-21,139.93,96.38,1925.90,8.02,833.25,9.03,53.619934,49.55,-1.1024,0.3382
2011-04-28,139.90,96.41,1934.58,8.02,833.79,9.01,54.776592,50.08,-1.2716,0.2876
2011-05-05,139.89,96.43,1940.35,8.02,834.36,9.01,53.712811,50.40,-0.8981,0.4146
2011-05-12,139.88,96.45,1943.94,8.02,834.94,9.04,53.442638,50.55,-0.7839,0.4666
2011-05-19,139.87,96.47,1947.53,8.02,835.51,9.06,53.31599,50.70,-0.7086,0.5052
2011-05-26,139.86,96.49,1951.12,8.02,836.09,9.08,53.231564,50.85,-0.6448,0.5408
2011-06-02,139.84,96.53,1955.68,8.01,836.56,9.10,51.956718,50.80,-0.3128,0.7757
2011-06-09,139.81,96.67,1966.01,7.88,836.35,9.07,50.84227,49.55,-0.3511,0.7443
2011-06-16,139.78,96.82,1976.35,7.76,836.15,9.05,51.036457,48.29,-0.7439,0.4866
2011-06-23,139.75,96.97,1986.69,7.64,835.94,9.03,50.445461,47.04,-0.9240,0.4038
2011-06-30,139.72,97.11,1997.02,7.52,835.73,9.00,53.365505,45.78,-2.0555,0.1423
2011-07-07,139.63,97.21,2020.49,7.50,835.68,9.00,53.170338,46.93,-1.6910,0.1962
2011-07-14,139.54,97.29,2046.14,7.50,835.64,9.00,51.973866,48.48,-0.9467,0.3947
2011-07-21,139.44,97.38,2071.79,7.50,835.61,9.00,52.975163,50.03,-0.7978,0.4598
2011-07-28,139.35,97.46,2097.44,7.50,835.58,9.00,50.726505,51.58,0.2316,1.2801
2011-08-04,139.23,97.54,2113.49,7.50,835.70,9.00,46.958931,52.55,1.5160,1.8962
2011-08-11,139.09,97.62,2116.75,7.50,836.04,9.00,45.821869,52.76,1.8789,1.9596
2011-08-18,138.94,97.69,2120.00,7.50,836.37,9.00,44.090805,52.96,2.4027,2.0214
2011-08-25,138.80,97.76,2123.25,7.50,836.70,9.00,45.906723,53.16,1.9654,1.9718
2011-09-01,138.65,97.83,2126.50,7.50,837.03,9.00,45.703072,53.36,2.0754,1.9860
2011-09-08,138.49,97.96,2129.49,7.46,837.03,8.95,44.837536,53.01,2.2131,2.0020
2011-09-15,138.32,98.09,2132.47,7.42,837.03,8.91,47.145611,52.65,1.4909,1.8909
2011-09-22,138.15,98.22,2135.46,7.38,837.03,8.86,43.691998,52.29,2.3298,2.0143
2011-09-29,137.99,98.35,2138.45,7.34,837.03,8.81,43.768364,51.93,2.2123,2.0019
2011-10-06,137.81,98.34,2143.59,7.33,837.81,8.77,44.891373,52.09,1.9506,1.9697
2011-10-13,137.63,98.28,2149.60,7.33,838.91,8.72,47.351646,52.45,1.3823,1.8664
2011-10-20,137.45,98.22,2155.60,7.33,840.00,8.68,48.496342,52.82,1.1705,1.8092
2011-10-27,137.27,98.16,2161.61,7.33,841.10,8.63,50.495327,53.18,0.7272,1.6305
2011-11-03,137.10,98.17,2165.81,7.33,841.80,8.59,48.949116,53.46,1.2232,1.8247
2011-11-10,136.99,98.33,2165.51,7.33,841.51,8.57,49.470219,53.55,1.1056,1.7887
2011-11-17,136.88,98.50,2165.21,7.33,841.21,8.55,47.513954,53.64,1.6594,1.9240
2011-11-24,136.77,98.66,2164.90,7.33,840.92,8.52,45.190369,53.73,2.3126,2.0126
2011-12-01,136.66,98.83,2164.60,7.33,840.63,8.50,48.744087,53.81,1.3734,1.8642
2011-12-08,136.65,99.03,2173.84,7.30,840.63,8.45,49.28228,54.15,1.3177,1.8504
2011-12-15,136.63,99.23,2183.07,7.28,840.63,8.41,48.017967,54.48,1.7504,1.9396
2011-12-22,136.62,99.43,2192.31,7.26,840.63,8.36,49.794842,54.81,1.3591,1.8608
2011-12-29,136.61,99.63,2201.54,7.24,840.64,8.32,49.741219,55.14,1.4638,1.8851
2012-01-05,136.60,99.76,2206.30,7.23,840.81,8.30,50.842182,55.34,1.2182,1.8233
2012-01-12,136.58,99.84,2207.70,7.23,841.11,8.30,51.607681,55.43,1.0354,1.7646
2012-01-19,136.57,99.93,2209.10,7.23,841.41,8.30,52.682838,55.52,0.7686,1.6517
2012-01-26,136.56,100.01,2210.50,7.23,841.71,8.30,52.459217,55.61,0.8538,1.6919
2012-02-02,136.60,100.07,2212.33,7.23,841.95,8.30,53.758003,55.72,0.5329,1.5153
2012-02-09,136.93,99.95,2216.75,7.23,841.87,8.27,53.534378,55.98,0.6631,1.5955
2012-02-16,137.26,99.83,2221.17,7.23,841.78,8.25,54.48912,56.24,0.4739,1.4747
2012-02-23,137.59,99.72,2225.58,7.23,841.70,8.22,54.35149,56.49,0.5808,1.5462
2012-03-01,137.92,99.60,2230.00,7.23,841.61,8.20,54.540726,56.75,0.5991,1.5576
2012-03-08,138.21,99.74,2234.06,7.21,840.95,8.20,54.66114,56.75,0.5654,1.5365
2012-03-15,138.49,99.88,2238.13,7.19,840.30,8.20,56.209381,56.74,0.1448,1.2009
2012-03-22,138.77,100.01,2242.19,7.17,839.64,8.20,55.891129,56.74,0.2300,1.2786
2012-03-29,139.05,100.15,2246.26,7.15,838.98,8.20,55.848125,56.74,0.2406,1.2880
2012-04-05,139.30,100.16,2249.19,7.15,839.45,8.20,55.327389,56.74,0.3839,1.4076
2012-04-12,139.54,100.08,2251.26,7.15,840.75,8.20,54.203373,56.76,0.6933,1.6123
2012-04-19,139.77,99.99,2253.34,7.15,842.06,8.20,54.704849,56.78,0.5622,1.5344
2012-04-26,140.00,99.90,2255.42,7.15,843.36,8.20,55.595421,56.80,0.3257,1.3608
2012-05-03,140.22,99.86,2258.15,7.15,844.19,8.20,54.203373,56.89,0.7284,1.6311
2012-05-10,140.42,99.92,2262.50,7.15,843.81,8.20,53.589489,57.18,0.9720,1.7410
2012-05-17,140.61,99.98,2266.86,7.15,843.43,8.20,51.133957,57.46,1.7146,1.9336
2012-05-24,140.81,100.04,2271.22,7.15,843.04,8.20,51.920765,57.75,1.5787,1.9088
2012-05-31,141.01,100.09,2275.58,7.15,842.66,8.20,50.364437,58.03,2.0776,1.9862
2012-06-07,141.16,100.09,2284.36,7.10,842.20,8.20,52.396309,57.83,1.4716,1.8868
2012-06-14,141.30,100.07,2293.88,7.05,841.71,8.20,53.234997,57.54,1.1668,1.8080
2012-06-21,141.45,100.05,2303.40,6.99,841.23,8.20,52.672989,57.25,1.2414,1.8299
2012-06-28,141.59,100.03,2312.92,6.94,840.75,8.20,54.138447,56.97,0.7668,1.6507
2012-07-05,141.74,100.00,2320.88,6.92,841.09,8.19,53.608196,57.06,0.9345,1.7262
2012-07-12,141.88,99.96,2327.68,6.92,842.04,8.16,53.712509,57.43,1.0066,1.7541
2012-07-19,142.02,99.92,2334.48,6.92,842.99,8.14,53.764668,57.80,1.0928,1.7844
2012-07-26,142.16,99.88,2341.27,6.92,843.94,8.12,54.859947,58.17,0.8963,1.7104
2012-08-02,142.30,99.84,2348.45,6.92,844.72,8.09,55.1642,58.58,0.9259,1.7227
2012-08-09,142.45,99.84,2357.89,6.92,844.52,8.02,55.8857,59.25,0.9124,1.7172
2012-08-16,142.59,99.83,2367.33,6.92,844.31,7.95,56.268181,59.92,0.9908,1.7482
2012-08-23,142.73,99.83,2376.76,6.92,844.11,7.89,55.929157,60.60,1.2646,1.8363
2012-08-30,142.88,99.82,2386.20,6.92,843.90,7.82,55.798771,61.27,1.4820,1.8890
2012-09-06,143.03,99.77,2394.37,6.88,844.30,7.80,57.293919,61.21,1.0618,1.7739
2012-09-13,143.20,99.69,2402.02,6.84,844.92,7.80,58.667381,60.87,0.5957,1.5555
2012-09-20,143.36,99.61,2409.67,6.79,845.55,7.80,58.180584,60.52,0.6336,1.5784
2012-09-27,143.52,99.53,2417.33,6.74,846.18,7.80,57.189606,60.17,0.8082,1.6709
2012-10-04,143.71,99.55,2421.82,6.72,846.74,7.79,58.603752,60.00,0.3785,1.4033
2012-10-11,143.93,99.72,2422.09,6.72,847.21,7.77,57.362076,60.06,0.7316,1.6328
2012-10-18,144.15,99.88,2422.36,6.72,847.68,7.75,58.052868,60.12,0.5611,1.5337
2012-10-25,144.37,100.04,2422.63,6.72,848.15,7.72,57.047279,60.19,0.8503,1.6903
2012-11-01,144.60,100.20,2422.90,6.72,848.62,7.70,57.309605,60.25,0.7959,1.6650
2012-11-08,144.81,100.41,2431.81,6.72,847.60,7.75,55.831825,60.80,1.3461,1.8576
2012-11-15,145.03,100.61,2440.73,6.72,846.58,7.79,54.948666,61.35,1.7353,1.9371
2012-11-22,145.24,100.81,2449.64,6.72,845.56,7.84,56.916107,61.91,1.3520,1.8590
2012-11-29,145.45,101.02,2458.55,6.72,844.54,7.89,57.195927,62.46,1.4261,1.8766
2012-12-06,145.73,101.02,2463.42,6.71,844.82,7.92,57.746822,62.60,1.3148,1.8496
2012-12-13,146.03,100.94,2466.67,6.71,845.62,7.94,57.834259,62.57,1.2845,1.8417
2012-12-20,146.33,100.87,2469.93,6.70,846.42,7.96,58.253986,62.55,1.1641,1.8072
2012-12-27,146.64,100.79,2473.18,6.69,847.21,7.98,57.506542,62.53,1.3599,1.8610
2013-01-03,146.91,100.77,2475.36,6.69,847.98,7.98,60.236969,62.53,0.6207,1.5707
2013-01-10,147.13,100.90,2474.89,6.69,848.66,7.91,60.413136,62.60,0.5917,1.5531
2013-01-17,147.35,101.02,2474.42,6.69,849.34,7.85,61.249889,62.67,0.3838,1.4074
2013-01-24,147.57,101.15,2473.94,6.69,850.02,7.78,62.289207,62.74,0.1209,1.1785
2013-01-31,147.79,101.27,2473.47,6.69,850.70,7.71,62.861721,62.80,-0.0155,1.0480
2013-02-07,148.29,101.27,2475.03,6.69,850.54,7.66,62.967426,62.97,-0.0007,1.0623
2013-02-14,148.83,101.24,2476.93,6.69,850.23,7.61,63.170006,63.14,-0.0080,1.0552
2013-02-21,149.38,101.22,2478.83,6.69,849.93,7.56,63.16119,63.32,0.0419,1.1033
2013-02-28,149.92,101.19,2480.73,6.69,849.62,7.51,63.16119,63.49,0.0895,1.1488
2013-03-07,150.30,101.11,2487.66,6.67,849.44,7.52,64.64093,63.53,-0.3007,0.7859
2013-03-14,150.65,101.02,2495.43,6.65,849.28,7.54,65.222237,63.55,-0.4535,0.6657
2013-03-21,151.00,100.93,2503.19,6.62,849.12,7.56,64.949196,63.57,-0.3749,0.7253
2013-03-28,151.35,100.84,2510.96,6.60,848.95,7.59,65.002045,63.58,-0.3845,0.7178
2013-04-04,151.69,100.82,2516.93,6.59,849.17,7.59,64.920853,63.68,-0.3353,0.7571
2013-04-11,152.00,100.88,2520.50,6.59,849.89,7.57,66.239975,63.90,-0.6353,0.5464
2013-04-18,152.30,100.93,2524.07,6.59,850.60,7.54,64.726082,64.11,-0.1677,0.9036
2013-04-25,152.61,100.99,2527.64,6.59,851.32,7.52,65.956688,64.32,-0.4438,0.6728
2013-05-02,152.92,101.05,2530.71,6.59,851.88,7.50,67.054489,64.50,-0.6909,0.5148
2013-05-09,153.22,101.11,2530.80,6.59,851.45,7.50,67.842453,64.53,-0.8963,0.4154
2013-05-16,153.51,101.17,2530.89,6.59,851.02,7.50,69.497978,64.56,-1.3367,0.2706
2013-05-23,153.81,101.23,2530.98,6.59,850.60,7.50,68.834015,64.59,-1.1487,0.3233
2013-05-30,154.10,101.29,2531.07,6.59,850.17,7.50,68.134598,64.62,-0.9510,0.3929
2013-06-06,154.42,101.13,2533.33,6.59,850.12,7.47,68.851692,64.74,-1.1138,0.3344
2013-06-13,154.74,100.88,2536.46,6.59,850.22,7.42,68.214272,64.89,-0.9003,0.4137
2013-06-20,155.06,100.62,2539.59,6.58,850.32,7.37,66.895126,65.04,-0.5021,0.6314
2013-06-27,155.37,100.37,2542.71,6.58,850.42,7.33,67.081039,65.19,-0.5116,0.6248
2013-07-04,155.69,100.32,2545.14,6.58,850.55,7.29,68.493813,65.35,-0.8525,0.4345
2013-07-11,156.02,100.53,2546.63,6.58,850.72,7.27,70.416702,65.51,-1.3303,0.2722
2013-07-18,156.34,100.75,2548.12,6.58,850.88,7.25,71.422661,65.67,-1.5596,0.2207
2013-07-25,156.66,100.96,2549.61,6.58,851.05,7.22,71.235687,65.83,-1.4656,0.2403
2013-08-01,156.98,101.18,2551.10,6.58,851.21,7.20,71.903374,65.99,-1.6032,0.2122
2013-08-08,157.27,101.20,2558.46,6.58,851.42,7.20,70.9695,66.40,-1.2373,0.2970
2013-08-15,157.55,101.22,2565.82,6.58,851.62,7.20,69.5086,66.82,-0.7286,0.4946
2013-08-22,157.84,101.24,2573.18,6.58,851.82,7.20,69.066,67.24,-0.4957,0.6357
2013-08-29,158.12,101.26,2580.55,6.58,852.02,7.20,68.216,67.65,-0.1525,0.9177
2013-09-05,158.38,101.28,2588.78,6.57,852.54,7.20,68.8977,67.89,-0.2738,0.8088
2013-09-12,158.62,101.31,2597.67,6.54,853.30,7.20,70.1904,67.98,-0.5977,0.5690
2013-09-19,158.86,101.34,2606.56,6.52,854.06,7.20,71.6777,68.08,-0.9744,0.3838
2013-09-26,159.10,101.37,2615.45,6.50,854.81,7.20,70.5326,68.18,-0.6377,0.5449
2013-10-03,159.32,101.39,2621.97,6.48,855.25,7.18,69.5976,68.29,-0.3535,0.7423
2013-10-10,159.51,101.39,2622.55,6.48,854.87,7.11,70.5237,68.45,-0.5623,0.5913
2013-10-17,159.70,101.39,2623.14,6.48,854.48,7.05,72.082,68.60,-0.9423,0.3964
2013-10-24,159.89,101.39,2623.73,6.48,854.10,6.98,72.6073,68.76,-1.0425,0.3586
2013-10-31,160.07,101.39,2624.32,6.48,853.72,6.91,72.7943,68.92,-1.0510,0.3557
2013-11-07,160.29,101.40,2632.34,6.48,854.05,6.86,72.6964,69.44,-0.8811,0.4219
2013-11-14,160.51,101.40,2641.60,6.48,854.50,6.81,74.3348,70.04,-1.1649,0.3183
2013-11-21,160.72,101.41,2650.87,6.48,854.95,6.77,74.7622,70.63,-1.1205,0.3323
2013-11-28,160.94,101.41,2660.13,6.48,855.40,6.72,74.9581,71.22,-1.0134,0.3691
2013-12-05,161.16,101.26,2668.50,6.45,856.07,6.69,73.7471,71.25,-0.6773,0.5223
2013-12-12,161.38,100.98,2676.20,6.41,856.91,6.66,73.5156,70.86,-0.7207,0.4987
2013-12-19,161.60,100.71,2683.90,6.36,857.74,6.64,74.8513,70.46,-1.1887,0.3111
2013-12-26,161.82,100.44,2691.60,6.31,858.58,6.62,76.1954,70.07,-1.6591,0.2019
2014-01-02,162.02,100.24,2699.15,6.27,859.38,6.60,75.8819,69.79,-1.6501,0.2035
2014-01-09,162.16,100.49,2705.79,6.27,859.96,6.63,76.1954,70.18,-1.6300,0.2072
2014-01-16,162.31,100.73,2712.43,6.27,860.55,6.65,76.3118,70.57,-1.5565,0.2213
2014-01-23,162.45,100.98,2719.06,6.27,861.13,6.67,75.2639,70.95,-1.1676,0.3175
2014-01-30,162.59,101.23,2725.70,6.27,861.72,6.69,74.0547,71.34,-0.7349,0.4913
2014-02-06,162.73,101.46,2732.62,6.27,862.18,6.70,73.0426,71.77,-0.3440,0.7500
2014-02-13,162.87,101.68,2739.64,6.27,862.59,6.70,74.9683,72.22,-0.7444,0.4864
2014-02-20,163.00,101.89,2746.67,6.27,863.00,6.70,75.5057,72.67,-0.7687,0.4741
2014-02-27,163.14,102.11,2753.69,6.27,863.41,6.70,76.0342,73.12,-0.7906,0.4633
2014-03-06,163.23,102.15,2759.43,6.26,864.75,6.64,77.109,73.36,-1.0146,0.3687
2014-03-13,163.29,102.12,2764.64,6.25,866.47,6.55,76.1148,73.53,-0.6997,0.5100
2014-03-20,163.36,102.09,2769.86,6.24,868.18,6.45,77.3777,73.70,-0.9964,0.3754
2014-03-27,163.43,102.07,2775.07,6.23,869.89,6.36,77.1977,73.87,-0.9021,0.4129
2014-04-03,163.49,102.06,2779.91,6.22,871.31,6.30,78.8818,74.05,-1.3098,0.2774
2014-04-10,163.54,102.12,2783.81,6.22,871.98,6.30,77.1527,74.26,-0.7850,0.4660
2014-04-17,163.60,102.18,2787.71,6.22,872.66,6.30,78.4945,74.46,-1.0923,0.3415
2014-04-24,163.66,102.23,2791.60,6.22,873.34,6.30,78.8728,74.67,-1.1385,0.3265
2014-05-01,163.71,102.29,2795.50,6.22,874.01,6.30,79.0799,74.88,-1.1383,0.3266
2014-05-08,163.78,102.37,2803.25,6.22,874.15,6.25,78.8998,75.42,-0.9420,0.3965
2014-05-15,163.85,102.45,2810.99,6.22,874.28,6.21,78.6296,75.97,-0.7214,0.4984
2014-05-22,163.91,102.54,2818.74,6.22,874.42,6.16,79.1069,76.51,-0.7032,0.5081
2014-05-29,163.98,102.62,2826.48,6.22,874.56,6.12,79.9625,77.06,-0.7876,0.4648
2014-06-05,164.07,102.70,2831.01,6.22,875.33,6.11,80.8495,77.38,-0.9398,0.3974
2014-06-12,164.17,102.79,2833.14,6.23,876.57,6.14,80.5659,77.54,-0.8194,0.4496
2014-06-19,164.27,102.88,2835.26,6.24,877.81,6.16,82.0248,77.70,-1.1711,0.3164
2014-06-26,164.38,102.97,2837.38,6.25,879.05,6.18,81.7733,77.86,-1.0593,0.3527
2014-07-03,164.50,103.01,2836.53,6.25,880.01,6.20,82.5879,77.82,-1.2908,0.2824
2014-07-10,164.68,102.91,2828.25,6.25,880.27,6.20,81.9634,77.28,-1.2682,0.2885
2014-07-17,164.85,102.81,2819.96,6.25,880.52,6.20,81.8819,76.74,-1.3927,0.2569
2014-07-24,165.03,102.71,2811.67,6.25,880.78,6.20,82.8867,76.20,-1.8116,0.1764
2014-07-31,165.20,102.61,2803.38,6.25,881.03,6.20,80.5423,75.66,-1.3230,0.2741
2014-08-07,165.36,102.60,2813.64,6.25,881.24,6.14,79.619,76.34,-0.8885,0.4187
2014-08-14,165.52,102.61,2826.98,6.25,881.43,6.07,81.4565,77.22,-1.1470,0.3238
2014-08-21,165.68,102.61,2840.33,6.25,881.62,6.01,82.9048,78.11,-1.3000,0.2800
2014-08-28,165.84,102.61,2853.67,6.25,881.81,5.94,83.1492,78.99,-1.1268,0.3302
2014-09-04,166.00,102.61,2861.87,6.24,882.15,5.88,83.3211,79.39,-1.0653,0.3507
2014-09-11,166.18,102.59,2863.20,6.22,882.69,5.83,83.1129,79.14,-1.0760,0.3470
2014-09-18,166.35,102.57,2864.53,6.20,883.22,5.79,83.7647,78.89,-1.3196,0.2749
2014-09-25,166.52,102.55,2865.86,6.18,883.76,5.74,81.918,78.65,-0.8863,0.4196
2014-10-02,166.70,102.56,2867.60,6.16,884.24,5.70,80.9805,78.47,-0.6800,0.5208
2014-10-09,166.86,102.76,2871.77,6.16,884.39,5.73,80.1795,78.72,-0.3950,0.7096
2014-10-16,167.02,102.96,2875.95,6.16,884.54,5.75,78.6686,78.97,0.0824,1.1420
2014-10-23,167.18,103.17,2880.13,6.16,884.70,5.77,80.853,79.22,-0.4415,0.6745
2014-10-30,167.34,103.37,2884.31,6.16,884.85,5.79,84.4301,79.47,-1.3428,0.2691
2014-11-06,167.51,103.37,2894.60,6.16,885.60,5.77,84.2208,80.08,-1.1216,0.3319
2014-11-13,167.68,103.30,2907.34,6.16,886.58,5.72,84.4301,80.83,-0.9753,0.3835
2014-11-20,167.85,103.23,2920.08,6.16,887.57,5.67,85.2129,81.58,-0.9843,0.3800
2014-11-27,168.03,103.16,2932.82,6.16,888.56,5.63,85.8045,82.33,-0.9415,0.3967
2014-12-04,168.19,103.07,2940.49,6.14,889.25,5.61,85.8773,82.53,-0.9067,0.4110
2014-12-11,168.33,102.94,2941.39,6.11,889.54,5.63,84.3664,82.00,-0.6408,0.5432
2014-12-18,168.48,102.82,2942.29,6.08,889.83,5.65,85.6043,81.47,-1.1197,0.3325
2014-12-25,168.62,102.69,2943.20,6.05,890.12,5.68,86.7955,80.94,-1.5859,0.2155
2015-01-01,168.77,102.56,2944.10,6.02,890.41,5.70,85.8615,80.41,-1.4763,0.2380
2015-01-08,168.88,102.43,2958.51,6.02,890.51,5.65,85.596,81.29,-1.1660,0.3180
2015-01-15,169.00,102.31,2972.91,6.02,890.62,5.61,82.3637,82.17,-0.0518,1.0130
2015-01-22,169.12,102.18,2987.32,6.02,890.72,5.56,85.1839,83.05,-0.5776,0.5815
2015-01-29,169.24,102.05,3001.73,6.02,890.83,5.52,83.1145,83.93,0.2214,1.2710
2015-02-05,169.39,102.03,3007.03,6.02,891.68,5.50,85.3029,84.22,-0.2935,0.7920
2015-02-12,169.56,102.10,3005.50,6.02,893.08,5.50,86.4017,84.06,-0.6333,0.5475
2015-02-19,169.73,102.16,3003.98,6.02,894.48,5.50,86.4384,83.91,-0.6854,0.5178
2015-02-26,169.89,102.23,3002.45,6.02,895.88,5.50,86.7314,83.75,-0.8069,0.4555
2015-03-05,170.03,102.25,3001.93,6.03,897.31,5.49,86.2278,83.76,-0.6688,0.5271
2015-03-12,170.14,102.23,3002.15,6.04,898.77,5.46,85.0191,83.89,-0.3068,0.7807
2015-03-19,170.25,102.21,3002.38,6.05,900.23,5.44,85.4952,84.01,-0.4013,0.7048
2015-03-26,170.36,102.19,3002.61,6.06,901.70,5.42,84.5562,84.14,-0.1123,0.9554
2015-04-02,170.47,102.17,3002.26,6.07,903.02,5.40,85.2746,84.21,-0.2891,0.7956
2015-04-09,170.60,102.14,2998.48,6.07,903.54,5.43,86.2693,83.90,-0.6411,0.5430
2015-04-16,170.72,102.11,2994.70,6.07,904.05,5.45,87.1718,83.60,-0.9681,0.3862
2015-04-23,170.85,102.08,2990.92,6.07,904.56,5.47,87.1258,83.29,-1.0381,0.3602
2015-04-30,170.97,102.05,2987.14,6.07,905.08,5.50,86.4719,82.99,-0.9433,0.3960
2015-05-07,171.06,101.97,2993.06,6.07,906.24,5.46,86.5548,83.31,-0.8793,0.4227
2015-05-14,171.14,101.88,3000.61,6.07,907.52,5.42,87.66,83.73,-1.0640,0.3511
2015-05-21,171.23,101.79,3008.15,6.07,908.79,5.37,88.2678,84.16,-1.1140,0.3344
2015-05-28,171.31,101.70,3015.69,6.07,910.07,5.33,87.5771,84.58,-0.8121,0.4530
2015-06-04,171.41,101.72,3021.43,6.06,911.19,5.29,86.6837,84.87,-0.4912,0.6389
2015-06-11,171.54,101.86,3024.77,6.06,912.12,5.27,87.5679,84.99,-0.6998,0.5099
2015-06-18,171.67,102.00,3028.10,6.05,913.05,5.24,87.7981,85.10,-0.7311,0.4932
2015-06-25,171.80,102.15,3031.44,6.04,913.98,5.22,86.7929,85.21,-0.4278,0.6847
2015-07-02,171.95,102.26,3034.09,6.04,914.87,5.20,85.8486,85.30,-0.1497,0.9203
2015-07-09,172.18,102.20,3032.65,6.04,915.55,5.17,84.858,85.18,0.0883,1.1477
2015-07-16,172.41,102.15,3031.20,6.04,916.22,5.15,87.3576,85.07,-0.6194,0.5558
2015-07-23,172.64,102.09,3029.76,6.04,916.89,5.13,85.8671,84.96,-0.2459,0.8330
2015-07-30,172.87,102.04,3028.31,6.04,917.57,5.11,86.0615,84.85,-0.3290,0.7623
2015-08-06,173.08,101.96,3030.42,6.04,918.74,5.08,85.182,84.91,-0.0730,0.9928
2015-08-13,173.29,101.87,3033.94,6.04,920.11,5.06,85.1264,85.05,-0.0209,1.0428
2015-08-20,173.50,101.78,3037.46,6.04,921.48,5.04,83.0897,85.19,0.5680,1.5382
2015-08-27,173.71,101.69,3040.98,6.04,922.85,5.02,80.8678,85.32,1.2071,1.8201
2015-09-03,173.92,101.62,3041.72,6.04,923.98,5.00,79.581,85.25,1.5361,1.9004
2015-09-10,174.16,101.61,3035.49,6.02,924.51,5.00,79.4236,84.65,1.4174,1.8746
2015-09-17,174.39,101.60,3029.26,6.01,925.03,5.00,80.7752,84.06,0.8899,1.7077
2015-09-24,174.63,101.59,3023.03,6.00,925.56,5.00,78.2849,83.46,1.4033,1.8714
2015-10-01,174.86,101.58,3016.80,5.99,926.08,5.00,78.3117,82.87,1.2347,1.8280
2015-10-08,175.09,101.52,3031.21,5.99,927.37,5.00,82.5697,83.63,0.2865,1.3279
2015-10-15,175.31,101.47,3045.61,5.99,928.65,5.00,82.7281,84.39,0.4492,1.4569
2015-10-22,175.53,101.42,3060.02,5.99,929.94,5.00,83.8462,85.14,0.3518,1.3821
2015-10-29,175.75,101.36,3074.43,5.99,931.23,5.00,84.4518,85.90,0.3933,1.4148
2015-11-05,175.96,101.31,3082.45,5.99,928.59,5.00,85.0947,86.49,0.3793,1.4040
2015-11-12,176.16,101.26,3085.70,5.99,923.03,5.00,82.9517,86.96,1.0863,1.7823
2015-11-19,176.36,101.21,3088.94,5.99,917.46,5.00,84.5636,87.43,0.7758,1.6552
2015-11-26,176.56,101.15,3092.18,5.99,911.89,5.00,84.6288,87.89,0.8845,1.7053
2015-12-03,176.75,101.15,3095.12,5.98,908.12,4.99,83.1287,88.16,1.3620,1.8615
2015-12-10,176.93,101.28,3097.29,5.96,908.84,4.97,82.8958,87.91,1.3579,1.8605
2015-12-17,177.11,101.41,3099.45,5.93,909.56,4.95,82.6629,87.66,1.3538,1.8595
2015-12-24,177.29,101.54,3101.62,5.91,910.28,4.93,83.9472,87.41,0.9386,1.7279
2015-12-31,177.48,101.67,3103.79,5.88,910.99,4.90,83.0281,87.16,1.1205,1.7935
2016-01-07,177.58,101.62,3109.48,5.88,911.48,4.90,79.1923,87.40,2.2243,2.0032
2016-01-14,177.68,101.53,3115.76,5.88,911.93,4.90,78.1419,87.72,2.5954,2.0385
2016-01-21,177.77,101.44,3122.04,5.88,912.38,4.90,75.7597,88.04,3.3273,2.0865
2016-01-28,177.86,101.36,3128.31,5.88,912.83,4.90,77.0071,88.36,3.0758,2.0724
2016-02-04,177.97,101.28,3134.52,5.88,914.19,4.91,78.4701,88.61,2.7478,2.0504
2016-02-11,178.09,101.23,3140.62,5.88,916.77,4.93,75.0001,88.77,3.7323,2.1054
2016-02-18,178.22,101.18,3146.73,5.88,919.35,4.96,79.0328,88.94,2.6840,2.0456
2016-02-25,178.35,101.13,3152.84,5.88,921.93,4.98,80.1114,89.10,2.4361,2.0246
2016-03-03,178.47,101.07,3160.34,5.87,924.00,5.00,82.3716,89.27,1.8691,1.9581
2016-03-10,178.61,100.99,3171.31,5.85,924.78,5.00,82.456,89.45,1.8944,1.9618
2016-03-17,178.74,100.91,3182.28,5.82,925.57,5.00,84.538,89.63,1.3784,1.8655
2016-03-24,178.87,100.83,3193.26,5.80,926.36,5.00,84.107,89.80,1.5433,1.9018
2016-03-31,179.01,100.75,3204.23,5.77,927.15,5.00,84.8524,89.98,1.3894,1.8681
2016-04-07,179.14,100.71,3212.88,5.77,928.03,4.94,83.7107,90.47,1.8312,1.9524
2016-04-14,179.28,100.68,3221.14,5.77,928.92,4.87,86.013,91.01,1.3538,1.8595
2016-04-21,179.41,100.65,3229.40,5.77,929.82,4.80,86.7772,91.55,1.2931,1.8440
2016-04-28,179.55,100.63,3237.66,5.77,930.71,4.73,87.2018,92.09,1.3245,1.8521
2016-05-05,179.64,100.65,3242.04,5.77,932.05,4.73,85.5695,92.29,1.8202,1.9508
2016-05-12,179.71,100.72,3243.51,5.77,933.72,4.77,86.0884,92.23,1.6633,1.9247
2016-05-19,179.78,100.79,3244.97,5.77,935.39,4.82,85.1449,92.17,1.9026,1.9630
2016-05-26,179.84,100.85,3246.44,5.77,937.05,4.86,87.098,92.11,1.3570,1.8603
2016-06-02,179.92,100.92,3247.55,5.77,938.63,4.90,87.8057,92.00,1.1376,1.7990
2016-06-09,180.06,100.96,3246.53,5.75,939.63,4.90,88.4473,91.65,0.8679,1.6981
2016-06-16,180.20,100.99,3245.50,5.74,940.63,4.90,86.8621,91.30,1.2015,1.8184
2016-06-23,180.34,101.03,3244.47,5.72,941.63,4.90,88.8356,90.94,0.5709,1.5400
2016-06-30,180.48,101.07,3243.45,5.71,942.63,4.90,88.1618,90.59,0.6575,1.5923
2016-07-07,180.76,101.01,3257.64,5.70,943.84,4.90,87.6494,91.30,0.9893,1.7477
2016-07-14,181.06,100.94,3274.37,5.70,945.08,4.90,90.7811,92.19,0.3818,1.4059
2016-07-21,181.37,100.87,3291.11,5.70,946.32,4.90,90.5343,93.08,0.6898,1.6104
2016-07-28,181.67,100.80,3307.84,5.70,947.57,4.90,90.4299,93.97,0.9591,1.7360
2016-08-04,181.94,100.78,3318.56,5.70,948.65,4.91,89.9365,94.51,1.2402,1.8296
2016-08-11,182.18,100.85,3321.27,5.70,949.53,4.93,91.0942,94.60,0.9491,1.7321
2016-08-18,182.42,100.91,3323.98,5.70,950.40,4.95,91.5592,94.68,0.8457,1.6882
2016-08-25,182.65,100.98,3326.69,5.70,951.28,4.98,90.9139,94.76,1.0431,1.7674
2016-09-01,182.89,101.04,3329.40,5.70,952.15,5.00,90.9424,94.85,1.0579,1.7726
2016-09-08,183.13,101.10,3331.06,5.70,952.78,4.98,91.6826,94.86,0.8606,1.6949
2016-09-15,183.37,101.15,3332.71,5.69,953.41,4.95,89.6802,94.87,1.4063,1.8721
2016-09-22,183.61,101.21,3334.37,5.69,954.04,4.93,90.7621,94.88,1.1163,1.7922
2016-09-29,183.84,101.26,3336.03,5.68,954.67,4.91,89.8538,94.89,1.3656,1.8624
2016-10-06,184.09,101.28,3338.56,5.68,956.90,4.85,90.589,94.98,1.1904,1.8152
2016-10-13,184.33,101.30,3341.45,5.68,959.77,4.78,89.3477,95.10,1.5590,1.9050
2016-10-20,184.58,101.31,3344.35,5.68,962.64,4.72,89.7774,95.22,1.4748,1.8875
2016-10-27,184.82,101.33,3347.24,5.68,965.50,4.65,89.6055,95.34,1.5537,1.9039
2016-11-03,185.07,101.36,3348.79,5.68,967.68,4.61,88.0968,95.38,1.9734,1.9728
2016-11-10,185.31,101.44,3346.99,5.68,968.11,4.63,92.7088,95.22,0.6813,1.6057
2016-11-17,185.55,101.53,3345.19,5.68,968.55,4.65,93.6446,95.07,0.3853,1.4087
2016-11-24,185.79,101.61,3343.40,5.68,968.99,4.68,94.6568,94.91,0.0686,1.1289
2016-12-01,186.03,101.70,3341.60,5.68,969.42,4.70,95.2106,94.75,-0.1238,0.9445
2016-12-08,186.30,101.77,3354.27,5.66,969.95,4.72,97.6933,95.23,-0.6683,0.5273
2016-12-15,186.56,101.85,3366.94,5.65,970.48,4.75,98.1134,95.70,-0.6540,0.5355
2016-12-22,186.83,101.93,3379.60,5.64,971.01,4.77,98.1514,96.17,-0.5361,0.6084
2016-12-29,187.10,102.00,3392.27,5.62,971.53,4.79,97.5365,96.65,-0.2413,0.8371
2017-01-05,187.29,102.05,3397.09,5.62,972.46,4.79,98.3915,96.80,-0.4320,0.6815
2017-01-12,187.42,102.08,3396.03,5.62,973.69,4.76,98.0169,96.71,-0.3551,0.7410
2017-01-19,187.55,102.11,3394.97,5.62,974.92,4.74,97.3828,96.62,-0.2079,0.8669
2017-01-26,187.68,102.14,3393.91,5.62,976.15,4.72,98.843,96.52,-0.6281,0.5506
2017-02-02,187.82,102.15,3394.81,5.62,977.32,4.69,97.8151,96.55,-0.3415,0.7520
2017-02-09,188.00,102.04,3407.51,5.62,978.11,4.64,99.0352,97.31,-0.4682,0.6552
2017-02-16,188.18,101.94,3420.21,5.62,978.90,4.59,100.9373,98.06,-0.7796,0.4687
2017-02-23,188.36,101.83,3432.91,5.62,979.69,4.54,101.8115,98.81,-0.8125,0.4529
2017-03-02,188.53,101.78,3443.79,5.62,980.40,4.50,102.5512,99.44,-0.8432,0.4387
2017-03-09,188.70,102.04,3443.72,5.60,980.66,4.47,101.4561,99.31,-0.5823,0.5786
2017-03-16,188.87,102.31,3443.65,5.59,980.92,4.45,101.9364,99.18,-0.7482,0.4844
2017-03-23,189.04,102.58,3443.59,5.57,981.18,4.43,99.8325,99.04,-0.2139,0.8615
2017-03-30,189.21,102.85,3443.52,5.56,981.44,4.41,100.891,98.91,-0.5365,0.6081
2017-04-06,189.37,102.86,3453.40,5.56,982.64,4.38,100.2825,99.40,-0.2389,0.8393
2017-04-13,189.54,102.76,3467.26,5.56,984.23,4.36,98.882,100.14,0.3407,1.3731
2017-04-20,189.71,102.66,3481.12,5.56,985.82,4.34,99.7802,100.88,0.2974,1.3371
2017-04-27,189.88,102.57,3494.98,5.56,987.41,4.31,100.8137,101.62,0.2175,1.2675
2017-05-04,190.01,102.53,3503.00,5.56,988.62,4.30,100.408,102.03,0.4395,1.4498
2017-05-11,190.09,102.56,3503.22,5.56,989.33,4.30,100.3791,102.01,0.4422,1.4518
2017-05-18,190.17,102.59,3503.45,5.56,990.04,4.30,98.7275,101.99,0.8846,1.7054
2017-05-25,190.25,102.63,3503.67,5.56,990.75,4.30,100.4274,101.97,0.4189,1.4344
2017-06-01,190.32,102.66,3503.90,5.56,991.46,4.30,101.0262,101.95,0.2515,1.2976
2017-06-08,190.49,102.61,3510.13,5.55,991.89,4.30,100.9682,102.11,0.3099,1.3477
2017-06-15,190.65,102.55,3516.36,5.54,992.33,4.30,102.2141,102.27,0.0150,1.0773
2017-06-22,190.81,102.49,3522.59,5.53,992.77,4.30,101.4415,102.43,0.2670,1.3111
2017-06-29,190.98,102.44,3528.82,5.52,993.20,4.30,101.8109,102.58,0.2096,1.2604
2017-07-06,191.28,102.39,3535.94,5.51,994.13,4.32,101.6167,102.85,0.3351,1.3685
2017-07-13,191.64,102.34,3543.41,5.51,995.26,4.34,102.4131,103.17,0.2044,1.2557
2017-07-20,192.01,102.29,3550.89,5.51,996.39,4.36,102.9569,103.48,0.1421,1.1984
2017-07-27,192.37,102.24,3558.36,5.51,997.51,4.38,103.2774,103.79,0.1402,1.1967
2017-08-03,192.71,102.19,3563.72,5.51,998.65,4.39,103.3843,104.02,0.1713,1.2254
2017-08-10,192.98,102.15,3563.79,5.51,999.81,4.34,101.9955,104.01,0.5449,1.5232
2017-08-17,193.26,102.11,3563.85,5.51,1000.97,4.30,101.2088,104.00,0.7555,1.6450
2017-08-24,193.53,102.07,3563.92,5.51,1002.13,4.25,101.3836,103.99,0.7055,1.6189
2017-08-31,193.80,102.03,3563.99,5.51,1003.30,4.21,102.0731,103.98,0.5160,1.5040
2017-09-07,194.09,102.30,3569.52,5.51,1004.96,4.18,101.5293,104.31,0.7532,1.6439
2017-09-14,194.37,102.61,3575.96,5.51,1006.70,4.16,103.6659,104.70,0.2794,1.3218
2017-09-21,194.66,102.93,3582.40,5.51,1008.45,4.13,104.5303,105.09,0.1504,1.2062
2017-09-28,194.94,103.24,3588.84,5.51,1010.19,4.11,105.2177,105.47,0.0694,1.1296
2017-10-05,195.23,103.42,3593.52,5.51,1012.54,4.10,106.9473,105.67,-0.3456,0.7488
2017-10-12,195.51,103.49,3596.89,5.51,1015.34,4.10,106.3121,105.73,-0.1583,0.9123
2017-10-19,195.79,103.57,3600.25,5.51,1018.14,4.10,106.8105,105.78,-0.2783,0.8049
2017-10-26,196.07,103.64,3603.62,5.51,1020.94,4.10,107.2013,105.84,-0.3691,0.7299
2017-11-02,196.35,103.71,3606.24,5.51,1023.51,4.10,107.0157,105.86,-0.3131,0.7755
2017-11-09,196.65,103.71,3604.42,5.51,1024.73,4.10,106.5369,105.67,-0.2342,0.8434
2017-11-16,196.95,103.71,3602.60,5.51,1025.95,4.10,106.6639,105.49,-0.3194,0.7702
2017-11-23,197.25,103.71,3600.78,5.51,1027.16,4.10,107.0645,105.30,-0.4787,0.6476
2017-11-30,197.55,103.71,3598.96,5.51,1028.38,4.10,110.2304,105.11,-1.3874,0.2582
2017-12-07,197.83,103.61,3608.09,5.51,1028.70,4.10,110.1327,105.57,-1.2369,0.2972
2017-12-14,198.12,103.48,3619.04,5.51,1028.88,4.10,110.5724,106.13,-1.2028,0.3070
2017-12-21,198.40,103.36,3629.99,5.51,1029.06,4.10,112.9337,106.70,-1.6895,0.1965
2017-12-28,198.69,103.23,3640.94,5.50,1029.24,4.10,113.1807,107.26,-1.6032,0.2122
2018-01-04,198.95,103.30,3644.03,5.50,1029.36,4.10,114.5143,107.43,-1.9191,0.1604
2018-01-11,199.19,103.63,3636.62,5.50,1029.40,4.10,116.2036,107.07,-2.4751,0.0977
2018-01-18,199.42,103.95,3629.21,5.50,1029.45,4.10,116.8951,106.71,-2.7607,0.0744
2018-01-25,199.66,104.28,3621.81,5.50,1029.49,4.10,118.5943,106.34,-3.3194,0.0397
2018-02-01,199.89,104.60,3614.40,5.50,1029.54,4.10,117.5274,105.98,-3.1286,0.0502
2018-02-08,200.09,104.57,3627.00,5.50,1029.27,4.10,107.4313,106.72,-0.1923,0.8811
2018-02-15,200.29,104.53,3639.60,5.50,1029.00,4.10,112.667,107.46,-1.4102,0.2528
2018-02-22,200.50,104.49,3652.20,5.50,1028.73,4.10,110.958,108.20,-0.7465,0.4853
2018-03-01,200.70,104.46,3664.80,5.50,1028.47,4.10,109.5947,108.94,-0.1764,0.8956
2018-03-08,200.85,104.58,3663.92,5.52,1028.72,4.05,111.6297,109.25,-0.6448,0.5408
2018-03-15,201.00,104.71,3663.04,5.54,1028.96,4.01,111.5804,109.56,-0.5484,0.6002
2018-03-22,201.15,104.83,3662.16,5.55,1029.21,3.96,108.0893,109.86,0.4805,1.4794
2018-03-29,201.31,104.96,3661.28,5.57,1029.46,3.92,108.6357,110.17,0.4154,1.4318
2018-04-05,201.48,104.87,3659.97,5.58,1030.86,3.89,109.7187,110.15,0.1172,1.1750
2018-04-12,201.67,104.61,3658.33,5.58,1033.14,3.86,109.7386,109.89,0.0411,1.1025
2018-04-19,201.86,104.36,3656.70,5.58,1035.41,3.84,110.5831,109.63,-0.2584,0.8222
2018-04-26,202.05,104.11,3655.07,5.58,1037.69,3.82,110.0565,109.37,-0.1863,0.8865
2018-05-03,202.18,103.98,3654.15,5.58,1039.31,3.81,107.3342,109.19,0.5034,1.4953
2018-05-10,202.18,104.18,3655.03,5.58,1039.31,3.86,110.6328,109.23,-0.3813,0.7203
2018-05-17,202.18,104.37,3655.91,5.58,1039.31,3.90,111.3183,109.26,-0.5580,0.5940
2018-05-24,202.18,104.57,3656.79,5.58,1039.31,3.95,110.8414,109.29,-0.4198,0.6907
2018-05-31,202.18,104.77,3657.67,5.58,1039.31,3.99,109.4505,109.33,-0.0338,1.0303
2018-06-07,202.18,104.79,3657.80,5.58,1039.31,3.98,111.8449,109.36,-0.6725,0.5250
2018-06-14,202.18,104.79,3657.80,5.58,1039.31,3.96,111.7754,109.40,-0.6434,0.5416
2018-06-21,202.18,104.79,3657.80,5.58,1039.31,3.93,110.4241,109.44,-0.2670,0.8146
2018-06-28,202.18,104.79,3657.80,5.58,1039.31,3.91,110.08,109.48,-0.1636,0.9074
2018-07-05,202.18,104.79,3657.80,5.58,1039.31,3.90,110.7,109.49,-0.3271,0.7638
2018-07-12,202.18,104.79,3657.80,5.58,1039.31,3.90,112.29,109.49,-0.7580,0.4795
2018-07-19,202.18,104.79,3657.80,5.58,1039.31,3.90,112.64,109.49,-0.8528,0.4343
2018-07-26,202.18,104.79,3657.80,5.58,1039.31,3.90,114.17,109.49,-1.2674,0.2887
2018-08-02,202.18,104.79,3657.80,5.58,1039.31,3.90,113.97,109.49,-1.2132,0.3039