Date,M1SL,M1V,UMCSENT,UNRATE,Market Value,Estimate,Sigma,Recommended Percent Stock
2000-06-01,1102.60,9.25,106.40,4.00,41.583149,38.67,-0.7252,0.3343
2000-06-08,1102.81,9.28,106.84,4.00,40.832027,39.04,-0.4468,0.4369
2000-06-15,1103.02,9.31,107.29,4.00,40.091328,39.41,-0.1709,0.5386
2000-06-22,1103.23,9.34,107.73,4.00,39.402802,39.77,0.0919,0.6355
2000-06-29,1103.44,9.36,108.17,4.00,39.115768,40.14,0.2547,0.6956
2000-07-06,1102.97,9.37,108.14,4.02,40.128914,40.16,0.0079,0.6046
2000-07-13,1102.22,9.37,107.91,4.04,40.880955,40.05,-0.2079,0.5250
2000-07-20,1101.48,9.37,107.69,4.06,40.160244,39.93,-0.0567,0.5808
2000-07-27,1100.73,9.37,107.46,4.08,39.251545,39.82,0.1415,0.6538
2000-08-03,1100.17,9.37,107.27,4.09,41.048058,39.75,-0.3232,0.4825
2000-08-10,1100.05,9.37,107.15,4.04,41.497189,39.80,-0.4232,0.4456
2000-08-17,1099.94,9.37,107.04,4.00,41.852318,39.85,-0.4998,0.4174
2000-08-24,1099.83,9.37,106.93,3.95,41.925423,39.90,-0.5061,0.4151
2000-08-31,1099.72,9.37,106.82,3.91,42.384998,39.94,-0.6087,0.3772
2000-09-07,1099.50,9.41,106.60,3.90,42.614777,40.24,-0.5920,0.3834
2000-09-14,1099.27,9.45,106.37,3.90,42.113434,40.58,-0.3828,0.4605
2000-09-21,1099.03,9.49,106.13,3.90,41.27784,40.92,-0.0902,0.5684
2000-09-28,1098.80,9.53,105.90,3.90,42.308086,41.25,-0.2627,0.5048
2000-10-05,1097.89,9.55,106.03,3.90,41.564194,41.41,-0.0384,0.5875
2000-10-12,1096.46,9.55,106.44,3.90,40.296413,41.43,0.2826,0.7058
2000-10-19,1095.04,9.55,106.85,3.90,40.987923,41.45,0.1151,0.6441
2000-10-26,1093.62,9.55,107.25,3.90,41.197487,41.47,0.0677,0.6266
2000-11-02,1092.27,9.55,107.29,3.90,42.727184,41.42,-0.3258,0.4815
2000-11-09,1091.39,9.55,105.15,3.90,42.077591,40.96,-0.2790,0.4988
2000-11-16,1090.50,9.55,103.00,3.90,41.543224,40.50,-0.2608,0.5055
2000-11-23,1089.61,9.55,100.85,3.90,40.90411,40.04,-0.2166,0.5218
2000-11-30,1088.73,9.55,98.71,3.90,40.925045,39.57,-0.3369,0.4775
2000-12-07,1090.17,9.54,97.68,3.96,41.574654,39.25,-0.5800,0.3878
2000-12-14,1092.00,9.53,96.85,4.03,40.820278,38.95,-0.4674,0.4293
2000-12-21,1093.83,9.52,96.01,4.09,41.689133,38.64,-0.7595,0.3216
2000-12-28,1095.65,9.51,95.18,4.16,42.721367,38.34,-1.0924,0.1989
2001-01-04,1097.14,9.50,94.30,4.20,42.942535,38.11,-1.2056,0.1572
2001-01-11,1098.15,9.50,93.38,4.20,43.321732,37.97,-1.3349,0.1095
2001-01-18,1099.17,9.50,92.45,4.20,43.648262,37.83,-1.4510,0.0667
2001-01-25,1100.18,9.50,91.53,4.20,43.858898,37.69,-1.5383,0.0345
2001-02-01,1101.20,9.50,90.60,4.20,44.261684,37.55,-1.6735,-0.0153
2001-02-08,1103.15,9.50,90.82,4.23,43.850491,37.63,-1.5495,0.0303
2001-02-15,1105.10,9.50,91.05,4.25,43.304451,37.72,-1.3920,0.0884
2001-02-22,1107.05,9.50,91.28,4.28,41.531559,37.81,-0.9286,0.2593
2001-03-01,1109.00,9.50,91.50,4.30,42.030399,37.89,-1.0315,0.2213
2001-03-08,1110.74,9.49,90.80,4.32,42.542717,37.70,-1.2077,0.1564
2001-03-15,1112.48,9.48,90.10,4.35,39.664299,37.50,-0.5386,0.4031
2001-03-22,1114.22,9.47,89.40,4.37,39.35775,37.31,-0.5106,0.4134
2001-03-29,1115.95,9.46,88.70,4.39,40.121368,37.12,-0.7494,0.3254
2001-04-05,1116.94,9.46,88.88,4.39,38.959042,37.16,-0.4487,0.4362
2001-04-12,1117.36,9.46,89.72,4.36,40.803925,37.38,-0.8531,0.2871
2001-04-19,1117.78,9.46,90.56,4.34,42.236588,37.60,-1.1548,0.1759
2001-04-26,1118.20,9.46,91.40,4.32,43.081314,37.83,-1.3099,0.1187
2001-05-03,1119.00,9.46,92.04,4.31,43.013744,37.99,-1.2516,0.1402
2001-05-10,1120.74,9.46,92.17,4.36,42.446075,38.02,-1.1036,0.1947
2001-05-17,1122.47,9.46,92.31,4.40,44.128792,38.04,-1.5167,0.0425
2001-05-24,1124.21,9.46,92.45,4.45,43.42598,38.07,-1.3350,0.1094
2001-05-31,1125.95,9.46,92.58,4.49,43.250259,38.10,-1.2848,0.1280
2001-06-07,1128.74,9.39,92.56,4.52,43.148903,37.48,-1.4136,0.0805
2001-06-14,1131.70,9.30,92.51,4.54,41.371586,36.75,-1.1514,0.1771
2001-06-21,1134.67,9.22,92.47,4.57,41.709087,36.03,-1.4164,0.0794
2001-06-28,1137.63,9.13,92.42,4.59,41.926117,35.30,-1.6514,-0.0072
2001-07-05,1140.35,9.10,92.28,4.64,40.89526,34.96,-1.4783,0.0566
2001-07-12,1142.87,9.10,92.08,4.71,41.471722,34.92,-1.6332,-0.0005
2001-07-19,1145.40,9.10,91.88,4.77,41.017323,34.87,-1.5311,0.0371
2001-07-26,1147.93,9.10,91.67,4.84,41.119061,34.83,-1.5677,0.0237
2001-08-02,1151.89,9.10,91.19,4.90,41.342861,34.80,-1.6308,0.0004
2001-08-09,1164.42,9.10,89.00,4.93,40.501896,34.86,-1.4052,0.0836
2001-08-16,1176.95,9.10,86.81,4.95,39.477821,34.93,-1.1339,0.1836
2001-08-23,1189.49,9.10,84.62,4.97,40.189922,34.99,-1.2954,0.1240
2001-08-30,1202.02,9.10,82.43,4.99,38.67754,35.06,-0.9025,0.2689
2001-09-06,1198.93,9.10,81.95,5.05,36.826069,34.72,-0.5249,0.4081
2001-09-13,1189.60,9.09,82.16,5.12,36.948135,34.22,-0.6792,0.3512
2001-09-20,1180.27,9.09,82.37,5.19,32.655159,33.73,0.2670,0.7001
2001-09-27,1170.93,9.09,82.58,5.26,35.028843,33.23,-0.4486,0.4363
2001-10-04,1166.11,9.09,82.82,5.32,35.652782,32.96,-0.6717,0.3540
2001-10-11,1167.31,9.09,83.09,5.36,36.560047,32.99,-0.8905,0.2733
2001-10-18,1168.51,9.09,83.36,5.41,35.612827,33.02,-0.6471,0.3631
2001-10-25,1169.70,9.09,83.63,5.45,36.546425,33.05,-0.8724,0.2800
2001-11-01,1170.90,9.09,83.90,5.50,35.844528,33.08,-0.6901,0.3472
2001-11-08,1173.77,9.09,85.04,5.55,36.962124,33.35,-0.9013,0.2694
2001-11-15,1176.64,9.09,86.19,5.59,37.405056,33.62,-0.9443,0.2535
2001-11-22,1179.51,9.09,87.33,5.64,37.779861,33.89,-0.9703,0.2439
2001-11-29,1182.38,9.09,88.47,5.69,37.152916,34.16,-0.7465,0.3264
2001-12-06,1184.39,9.08,89.48,5.70,38.113777,34.37,-0.9327,0.2578
2001-12-13,1186.06,9.07,90.43,5.70,36.641827,34.56,-0.5180,0.4107
2001-12-20,1187.74,9.07,91.37,5.70,37.064327,34.76,-0.5755,0.3895
2001-12-27,1189.41,9.06,92.32,5.70,38.041897,34.95,-0.7714,0.3172
2002-01-03,1190.60,9.06,92.85,5.70,38.712181,35.05,-0.9117,0.2655
2002-01-10,1190.60,9.06,92.33,5.70,37.549446,34.95,-0.6474,0.3630
2002-01-17,1190.60,9.06,91.81,5.70,36.886009,34.85,-0.5076,0.4145
2002-01-24,1190.60,9.06,91.29,5.70,37.200626,34.75,-0.6116,0.3762
2002-01-31,1190.60,9.06,90.77,5.70,36.530346,34.64,-0.4701,0.4283
2002-02-07,1191.18,9.06,91.77,5.70,35.689068,34.87,-0.2051,0.5260
2002-02-14,1191.85,9.06,93.02,5.70,35.901112,35.14,-0.1893,0.5319
2002-02-21,1192.53,9.06,94.27,5.70,35.490719,35.42,-0.0183,0.5949
2002-02-28,1193.20,9.06,95.52,5.70,37.104877,35.69,-0.3520,0.4719
2002-03-07,1192.06,9.07,95.18,5.74,38.554874,35.70,-0.7120,0.3391
2002-03-14,1190.62,9.10,94.57,5.78,38.561703,35.66,-0.7235,0.3349
2002-03-21,1189.17,9.12,93.96,5.83,38.116482,35.62,-0.6224,0.3722
2002-03-28,1187.73,9.14,93.35,5.87,38.370323,35.58,-0.6954,0.3453
2002-04-04,1187.14,9.16,93.39,5.89,37.780315,35.66,-0.5281,0.4070
2002-04-11,1187.70,9.16,94.30,5.87,37.272648,35.90,-0.3411,0.4759
2002-04-18,1188.26,9.16,95.21,5.84,37.993015,36.15,-0.4603,0.4319
2002-04-25,1188.82,9.16,96.12,5.82,36.291618,36.39,0.0242,0.6106
2002-05-02,1189.42,9.16,96.75,5.80,36.751255,36.57,-0.0444,0.5853
2002-05-09,1190.28,9.16,95.74,5.80,35.934864,36.41,0.1182,0.6452
2002-05-16,1191.14,9.16,94.72,5.80,37.471607,36.24,-0.3058,0.4889
2002-05-23,1192.00,9.16,93.71,5.80,37.032532,36.08,-0.2372,0.5142
2002-05-30,1192.85,9.16,92.69,5.80,36.469986,35.92,-0.1379,0.5508
2002-06-06,1194.13,9.16,91.68,5.80,35.104759,35.85,0.1859,0.6702
2002-06-13,1195.58,9.18,90.68,5.80,34.281521,35.82,0.3843,0.7433
2002-06-20,1197.03,9.19,89.68,5.80,34.164898,35.80,0.4065,0.7515
2002-06-27,1198.47,9.20,88.67,5.80,34.164406,35.77,0.3998,0.7491
2002-07-04,1198.11,9.21,88.05,5.79,33.985325,35.71,0.4295,0.7600
2002-07-11,1195.33,9.21,87.94,5.77,31.595171,35.61,0.9996,0.9702
2002-07-18,1192.55,9.21,87.83,5.75,28.929541,35.50,1.6384,1.2057
2002-07-25,1189.78,9.21,87.71,5.72,28.44738,35.40,1.7329,1.2406
2002-08-01,1187.00,9.21,87.60,5.70,28.833117,35.30,1.6110,1.1956
2002-08-08,1189.03,9.21,87.26,5.70,30.382904,35.32,1.2296,1.0550
2002-08-15,1191.06,9.21,86.92,5.70,30.98905,35.34,1.0834,1.0011
2002-08-22,1193.10,9.21,86.58,5.70,31.395449,35.36,0.9871,0.9656
2002-08-29,1195.13,9.21,86.25,5.70,30.747971,35.37,1.1534,1.0269
2002-09-05,1197.05,9.20,85.37,5.70,29.96962,35.20,1.3043,1.0826
2002-09-12,1198.90,9.18,84.08,5.70,29.63212,34.88,1.3093,1.0844
2002-09-19,1200.74,9.17,82.80,5.70,27.930794,34.57,1.6543,1.2116
2002-09-26,1202.58,9.15,81.52,5.70,27.54431,34.25,1.6716,1.2180
2002-10-03,1204.27,9.14,80.83,5.71,26.499027,34.06,1.8856,1.2969
2002-10-10,1205.55,9.14,81.65,5.76,27.350492,34.20,1.7083,1.2315
2002-10-17,1206.84,9.14,82.46,5.80,28.935717,34.34,1.3482,1.0987
2002-10-24,1208.13,9.14,83.27,5.85,29.89793,34.48,1.1433,1.0232
2002-10-31,1209.42,9.14,84.08,5.89,30.084845,34.62,1.1317,1.0189
2002-11-07,1211.72,9.14,84.70,5.92,29.717966,34.80,1.2670,1.0688
2002-11-14,1214.19,9.14,85.28,5.94,30.320204,34.98,1.1622,1.0302
2002-11-21,1216.67,9.14,85.87,5.97,31.254736,35.16,0.9745,0.9610
2002-11-28,1219.14,9.14,86.45,5.99,31.365492,35.35,0.9922,0.9675
2002-12-05,1221.12,9.13,86.15,5.97,30.597105,35.29,1.1699,1.0330
2002-12-12,1222.72,9.11,85.17,5.93,29.904869,35.06,1.2842,1.0752
2002-12-19,1224.32,9.09,84.20,5.88,30.230215,34.82,1.1449,1.0238
2002-12-26,1225.93,9.07,83.23,5.84,29.703678,34.59,1.2179,1.0507
2003-01-02,1227.65,9.06,82.32,5.80,30.859251,34.38,0.8783,0.9255
2003-01-09,1230.11,9.06,81.75,5.83,31.569302,34.34,0.6903,0.8562
2003-01-16,1232.57,9.06,81.19,5.85,30.935827,34.29,0.8372,0.9104
2003-01-23,1235.04,9.06,80.63,5.87,29.306887,34.25,1.2323,1.0560
2003-01-30,1237.50,9.06,80.06,5.89,29.063248,34.21,1.2821,1.0744
2003-02-06,1238.43,9.06,79.49,5.90,28.074745,34.12,1.5076,1.1575
2003-02-13,1238.76,9.06,78.91,5.90,27.928564,34.02,1.5192,1.1618
2003-02-20,1239.08,9.06,78.34,5.90,28.548109,33.92,1.3399,1.0957
2003-02-27,1239.41,9.06,77.76,5.90,28.367117,33.82,1.3602,1.1031
2003-03-06,1241.21,9.04,78.95,5.92,27.775419,33.92,1.5315,1.1663
2003-03-13,1243.60,9.01,80.85,5.94,27.691877,34.09,1.5957,1.1900
2003-03-20,1246.00,8.98,82.75,5.96,29.742634,34.27,1.1279,1.0175
2003-03-27,1248.39,8.95,84.65,5.98,28.840506,34.44,1.3961,1.1164
2003-04-03,1251.35,8.93,86.41,6.01,29.385973,34.69,1.3216,1.0889
2003-04-10,1255.74,8.93,87.83,6.03,29.092257,35.12,1.5018,1.1554
2003-04-17,1260.13,8.93,89.25,6.05,29.959433,35.55,1.3927,1.1151
2003-04-24,1264.51,8.93,90.68,6.08,30.330084,35.98,1.4073,1.1205
2003-05-01,1268.90,8.93,92.10,6.10,31.490973,36.40,1.2249,1.0533
2003-05-08,1271.54,8.93,91.56,6.15,31.581902,36.34,1.1849,1.0385
2003-05-15,1274.18,8.93,91.02,6.19,32.281223,36.27,0.9933,0.9679
2003-05-22,1276.83,8.93,90.47,6.24,32.092415,36.20,1.0230,0.9788
2003-05-29,1279.47,8.93,89.93,6.28,33.386173,36.13,0.6832,0.8536
2003-06-05,1281.53,8.93,89.86,6.29,34.351242,36.20,0.4617,0.7719
2003-06-12,1283.17,8.94,90.14,6.26,34.365223,36.39,0.5046,0.7877
2003-06-19,1284.80,8.94,90.42,6.24,33.994583,36.58,0.6433,0.8388
2003-06-26,1286.43,8.94,90.70,6.22,33.544353,36.76,0.8019,0.8973
2003-07-03,1288.15,8.94,90.80,6.19,33.930569,36.91,0.7422,0.8753
2003-07-10,1290.10,8.94,90.44,6.17,34.394032,36.96,0.6388,0.8372
2003-07-17,1292.04,8.94,90.07,6.15,34.253586,37.01,0.6860,0.8546
2003-07-24,1293.98,8.94,89.71,6.13,34.478283,37.05,0.6422,0.8384
2003-07-31,1295.92,8.94,89.35,6.10,33.944618,37.10,0.7875,0.8920
2003-08-07,1296.37,8.94,88.99,6.10,33.930569,37.06,0.7793,0.8890
2003-08-14,1296.58,8.94,88.63,6.10,34.471268,36.99,0.6289,0.8335
2003-08-21,1296.78,8.94,88.27,6.10,34.520416,36.93,0.6010,0.8233
2003-08-28,1296.98,8.94,87.91,6.10,34.94175,36.87,0.4804,0.7788
2003-09-04,1297.16,8.95,87.89,6.09,35.278805,36.99,0.4263,0.7588
2003-09-11,1297.30,8.98,88.33,6.07,35.124317,37.35,0.5555,0.8065
2003-09-18,1297.44,9.00,88.78,6.04,35.475414,37.72,0.5587,0.8076
2003-09-25,1297.58,9.03,89.22,6.02,34.363117,38.08,0.9266,0.9433
2003-10-02,1297.75,9.05,89.73,5.99,35.597675,38.43,0.7063,0.8621
2003-10-09,1298.06,9.05,90.66,5.95,36.070347,38.70,0.6561,0.8436
2003-10-16,1298.38,9.05,91.58,5.90,36.232597,38.97,0.6833,0.8536
2003-10-23,1298.69,9.05,92.51,5.86,35.978642,39.24,0.8142,0.9018
2003-10-30,1299.01,9.05,93.44,5.81,36.73349,39.52,0.6936,0.8574
2003-11-06,1300.30,9.05,93.52,5.78,36.832249,39.64,0.6990,0.8594
2003-11-13,1301.98,9.05,93.26,5.76,36.599434,39.70,0.7719,0.8862
2003-11-20,1303.66,9.05,93.00,5.74,36.147957,39.76,0.8993,0.9332
2003-11-27,1305.34,9.05,92.75,5.71,37.093269,39.82,0.6785,0.8518
2003-12-04,1306.29,9.05,93.68,5.70,37.276684,40.06,0.6927,0.8571
2003-12-11,1306.27,9.04,96.21,5.70,37.833996,40.54,0.6737,0.8501
2003-12-18,1306.25,9.04,98.74,5.70,38.102081,41.02,0.7268,0.8696
2003-12-25,1306.22,9.04,101.27,5.70,38.907803,41.50,0.6459,0.8398
2004-01-01,1306.20,9.04,103.80,5.70,39.370564,41.98,0.6505,0.8415
2004-01-08,1309.68,9.04,101.68,5.68,39.947227,41.75,0.4485,0.7670
2004-01-15,1313.15,9.04,99.55,5.65,40.509655,41.51,0.2502,0.6939
2004-01-22,1316.63,9.04,97.43,5.63,40.758831,41.28,0.1299,0.6495
2004-01-29,1320.11,9.04,95.31,5.61,40.246243,41.05,0.1995,0.6752
2004-02-05,1322.62,9.04,94.59,5.63,40.516785,40.98,0.1160,0.6444
2004-02-12,1324.41,9.04,94.93,5.68,40.943939,41.04,0.0252,0.6109
2004-02-19,1326.19,9.04,95.27,5.72,40.844265,41.11,0.0656,0.6259
2004-02-26,1327.98,9.04,95.61,5.77,41.015137,41.17,0.0387,0.6159
2004-03-04,1329.38,9.04,95.65,5.78,41.776913,41.25,-0.1322,0.5529
2004-03-11,1330.26,9.05,95.28,5.74,40.438461,41.34,0.2252,0.6847
2004-03-18,1331.14,9.05,94.92,5.69,40.367271,41.44,0.2666,0.7000
2004-03-25,1332.02,9.06,94.56,5.65,39.989933,41.53,0.3844,0.7434
2004-04-01,1332.90,9.06,94.20,5.60,41.08633,41.63,0.1348,0.6514
2004-04-08,1333.02,9.06,93.27,5.60,41.250099,41.45,0.0493,0.6198
2004-04-15,1333.13,9.06,92.33,5.60,40.706867,41.27,0.1400,0.6533
2004-04-22,1333.25,9.06,91.40,5.60,40.885559,41.09,0.0508,0.6204
2004-04-29,1333.37,9.06,90.47,5.60,39.734768,40.91,0.2929,0.7097
2004-05-06,1334.79,9.06,91.07,5.60,39.027126,41.09,0.5141,0.7912
2004-05-13,1336.73,9.06,92.29,5.60,39.191536,41.41,0.5538,0.8058
2004-05-20,1338.67,9.06,93.51,5.60,39.127201,41.74,0.6505,0.8415
2004-05-27,1340.61,9.06,94.73,5.60,40.285156,42.06,0.4425,0.7648
2004-06-03,1341.91,9.07,95.67,5.59,40.342346,42.34,0.4968,0.7848
2004-06-10,1341.61,9.07,95.93,5.57,40.821232,42.49,0.4159,0.7550
2004-06-17,1341.31,9.08,96.19,5.55,40.771202,42.64,0.4669,0.7738
2004-06-24,1341.00,9.09,96.44,5.52,41.028526,42.80,0.4412,0.7643
2004-07-01,1340.70,9.10,96.70,5.50,40.542477,42.95,0.6009,0.8232
2004-07-08,1343.68,9.10,96.52,5.48,40.246281,43.08,0.7069,0.8623
2004-07-15,1346.66,9.10,96.34,5.45,40.095558,43.21,0.7765,0.8880
2004-07-22,1349.64,9.10,96.16,5.43,39.571678,43.34,0.9393,0.9480
2004-07-29,1352.62,9.10,95.98,5.41,40.296513,43.47,0.7907,0.8932
2004-08-05,1354.97,9.10,95.68,5.40,39.105209,43.53,1.1020,1.0080
2004-08-12,1356.85,9.10,95.30,5.40,39.148262,43.53,1.0923,1.0044
2004-08-19,1358.72,9.10,94.91,5.40,40.368282,43.53,0.7892,0.8926
2004-08-26,1360.59,9.10,94.53,5.40,40.705582,43.54,0.7061,0.8620
2004-09-02,1362.19,9.10,94.12,5.40,41.17205,43.53,0.5880,0.8185
2004-09-09,1362.15,9.11,93.53,5.43,41.416054,43.46,0.5083,0.7891
2004-09-16,1362.10,9.12,92.95,5.45,41.660069,43.38,0.4286,0.7597
2004-09-23,1362.05,9.12,92.37,5.47,41.35149,43.30,0.4866,0.7811
2004-09-30,1362.01,9.13,91.78,5.50,41.947136,43.23,0.3193,0.7194
2004-10-07,1364.40,9.13,91.91,5.48,42.059303,43.39,0.3326,0.7243
2004-10-14,1367.20,9.13,92.16,5.46,41.388943,43.60,0.5510,0.8048
2004-10-21,1370.00,9.13,92.41,5.44,40.653721,43.81,0.7856,0.8913
2004-10-28,1372.80,9.13,92.66,5.41,42.124168,44.01,0.4704,0.7751
2004-11-04,1374.59,9.13,93.23,5.40,43.479298,44.22,0.1851,0.6699
2004-11-11,1375.03,9.13,94.23,5.40,44.113625,44.44,0.0810,0.6315
2004-11-18,1375.48,9.13,95.24,5.40,43.681133,44.66,0.2429,0.6912
2004-11-25,1375.92,9.13,96.24,5.40,44.387512,44.87,0.1209,0.6463
2004-12-02,1376.02,9.14,97.05,5.40,44.481232,45.10,0.1535,0.6583
2004-12-09,1374.08,9.18,96.69,5.37,44.430775,45.37,0.2332,0.6876
2004-12-16,1372.14,9.22,96.33,5.35,44.776752,45.64,0.2141,0.6806
2004-12-23,1370.20,9.26,95.96,5.33,45.432705,45.90,0.1176,0.6450
2004-12-30,1368.25,9.30,95.60,5.31,45.324574,46.17,0.2117,0.6797
2005-01-06,1368.35,9.31,95.27,5.32,44.580078,46.21,0.4055,0.7512
2005-01-13,1369.25,9.31,94.96,5.34,44.435177,46.15,0.4263,0.7588
2005-01-20,1370.15,9.31,94.64,5.36,43.862915,46.08,0.5536,0.8058
2005-01-27,1371.05,9.31,94.33,5.38,44.058506,46.02,0.4896,0.7822
2005-02-03,1371.68,9.31,93.99,5.39,45.347946,45.98,0.1576,0.6598
2005-02-10,1371.60,9.31,93.62,5.34,45.521805,45.99,0.1157,0.6443
2005-02-17,1371.53,9.31,93.24,5.29,45.261009,45.99,0.1822,0.6688
2005-02-24,1371.45,9.31,92.87,5.24,45.637707,46.00,0.0897,0.6347
2005-03-03,1370.57,9.32,92.28,5.20,45.985424,45.98,-0.0010,0.6013
2005-03-10,1367.68,9.35,91.18,5.20,45.246532,45.91,0.1651,0.6625
2005-03-17,1364.79,9.38,90.07,5.20,44.811882,45.84,0.2555,0.6959
2005-03-24,1361.90,9.41,88.96,5.20,43.949829,45.76,0.4523,0.7684
2005-03-31,1359.01,9.43,87.86,5.20,43.899132,45.69,0.4470,0.7665
2005-04-07,1360.08,9.44,87.54,5.18,44.395824,45.75,0.3367,0.7258
2005-04-14,1361.81,9.44,87.35,5.16,42.819134,45.82,0.7486,0.8777
2005-04-21,1363.53,9.44,87.17,5.13,43.293602,45.90,0.6491,0.8410
2005-04-28,1365.26,9.44,86.98,5.11,43.527191,45.97,0.6097,0.8265
2005-05-05,1367.66,9.44,88.07,5.09,44.096558,46.33,0.5566,0.8069
2005-05-12,1370.58,9.44,90.13,5.06,43.395802,46.90,0.8727,0.9234
2005-05-19,1373.49,9.44,92.18,5.04,44.819214,47.46,0.6593,0.8448
2005-05-26,1376.40,9.44,94.24,5.02,45.111179,48.03,0.7280,0.8701
2005-06-02,1378.53,9.44,96.02,5.00,45.154991,48.54,0.8450,0.9132
2005-06-09,1375.94,9.47,96.13,5.00,45.425079,48.73,0.8247,0.9057
2005-06-16,1373.35,9.50,96.25,5.00,46.330223,48.92,0.6461,0.8399
2005-06-23,1370.76,9.53,96.37,5.00,45.381275,49.11,0.9298,0.9445
2005-06-30,1368.17,9.56,96.48,5.00,45.846031,49.30,0.8610,0.9191
2005-07-07,1369.70,9.56,95.07,4.98,46.395466,49.16,0.6884,0.8555
2005-07-14,1371.91,9.56,93.40,4.96,46.835026,48.96,0.5294,0.7969
2005-07-21,1374.12,9.56,91.73,4.94,46.988876,48.76,0.4417,0.7645
2005-07-28,1376.34,9.56,90.05,4.91,47.091438,48.56,0.3668,0.7369
2005-08-04,1377.63,9.56,87.92,4.91,46.71048,48.20,0.3717,0.7387
2005-08-11,1377.70,9.56,85.16,4.93,46.915604,47.62,0.1764,0.6667
2005-08-18,1377.76,9.56,82.41,4.95,46.607925,47.04,0.1089,0.6418
2005-08-25,1377.83,9.56,79.65,4.98,46.051147,46.47,0.1034,0.6398
2005-09-01,1377.90,9.56,76.90,5.00,46.644558,45.89,-0.1887,0.5321
2005-09-08,1377.50,9.59,76.27,5.00,47.472401,46.03,-0.3587,0.4694
2005-09-15,1377.11,9.62,75.64,5.00,47.509018,46.18,-0.3314,0.4795
2005-09-22,1376.71,9.65,75.01,5.00,46.571289,46.33,-0.0613,0.5791
2005-09-29,1376.31,9.68,74.38,5.00,46.981556,46.47,-0.1271,0.5548
2005-10-06,1376.20,9.69,75.39,5.00,45.842823,46.75,0.2258,0.6849
2005-10-13,1376.20,9.69,77.06,5.00,45.268871,47.08,0.4511,0.7680
2005-10-20,1376.20,9.69,78.74,5.00,45.00396,47.41,0.5994,0.8227
2005-10-27,1376.20,9.69,80.41,5.00,46.034138,47.74,0.4249,0.7583
2005-11-03,1376.12,9.69,82.26,4.99,46.76997,48.11,0.3346,0.7250
2005-11-10,1375.84,9.69,84.57,4.97,47.483746,48.60,0.2770,0.7038
2005-11-17,1375.56,9.69,86.88,4.95,47.90316,49.08,0.2928,0.7096
2005-11-24,1375.28,9.69,89.19,4.92,48.822956,49.56,0.1839,0.6695
2005-12-01,1375.00,9.69,91.50,4.90,48.602219,50.04,0.3593,0.7341
2005-12-08,1376.33,9.73,91.43,4.85,48.50655,50.50,0.4965,0.7847
2005-12-15,1377.66,9.76,91.36,4.81,48.837688,50.95,0.5273,0.7961
2005-12-22,1379.00,9.80,91.30,4.76,48.602219,51.41,0.6993,0.8595
2005-12-29,1380.33,9.83,91.23,4.72,48.114452,51.86,0.9342,0.9461
2006-01-05,1380.75,9.85,90.62,4.71,49.482826,51.91,0.6061,0.8251
2006-01-12,1380.47,9.85,89.60,4.74,49.630733,51.66,0.5070,0.7886
2006-01-19,1380.20,9.85,88.59,4.76,48.654385,51.41,0.6881,0.8554
2006-01-26,1379.93,9.85,87.57,4.78,49.689922,51.17,0.3677,0.7372
2006-02-02,1379.85,9.85,86.78,4.80,48.957672,50.98,0.5039,0.7874
2006-02-09,1380.93,9.85,87.33,4.77,49.357075,51.18,0.4532,0.7687
2006-02-16,1382.00,9.85,87.88,4.75,50.303833,51.37,0.2660,0.6997
2006-02-23,1383.08,9.85,88.43,4.72,50.49614,51.57,0.2669,0.7001
2006-03-02,1383.93,9.85,88.85,4.70,50.355606,51.76,0.3491,0.7304
2006-03-09,1383.43,9.88,88.51,4.70,50.259434,51.91,0.4102,0.7529
2006-03-16,1382.94,9.90,88.17,4.70,51.361526,52.05,0.1726,0.6653
2006-03-23,1382.44,9.93,87.84,4.70,51.257996,52.20,0.2356,0.6885
2006-03-30,1381.94,9.95,87.50,4.70,50.858582,52.35,0.3723,0.7389
2006-04-06,1382.70,9.96,86.02,4.68,51.245342,52.19,0.2349,0.6883
2006-04-13,1383.96,9.96,84.08,4.66,51.022331,51.90,0.2182,0.6821
2006-04-20,1385.22,9.96,82.14,4.64,52.107616,51.61,-0.1246,0.5557
2006-04-27,1386.48,9.96,80.21,4.61,52.494164,51.32,-0.2932,0.4935
2006-05-04,1385.88,9.96,79.66,4.60,53.237469,51.21,-0.5062,0.4150
2006-05-11,1382.81,9.96,80.97,4.60,51.92178,51.33,-0.1464,0.5477
2006-05-18,1379.74,9.96,82.28,4.60,50.866241,51.46,0.1486,0.6564
2006-05-25,1376.67,9.96,83.59,4.60,51.408878,51.59,0.0452,0.6183
2006-06-01,1373.60,9.96,84.90,4.60,51.929207,51.72,-0.0527,0.5822
2006-06-08,1372.83,10.00,84.85,4.62,50.345928,52.03,0.4195,0.7563
2006-06-15,1372.06,10.04,84.81,4.65,50.174931,52.34,0.5397,0.8006
2006-06-22,1371.29,10.08,84.76,4.67,49.855316,52.65,0.6969,0.8586
2006-06-29,1370.52,10.12,84.71,4.69,51.323669,52.96,0.4085,0.7523
2006-07-06,1370.57,10.13,84.26,4.70,51.204166,52.98,0.4419,0.7646
2006-07-13,1370.96,10.13,83.65,4.70,49.859623,52.87,0.7511,0.8786
2006-07-20,1371.34,10.13,83.05,4.70,50.053844,52.77,0.6768,0.8512
2006-07-27,1371.73,10.13,82.44,4.70,51.868954,52.66,0.1984,0.6748
2006-08-03,1371.45,10.13,82.22,4.69,51.981003,52.63,0.1622,0.6615
2006-08-10,1369.50,10.13,82.99,4.64,51.204166,52.78,0.3917,0.7461
2006-08-17,1367.56,10.13,83.75,4.60,52.600979,52.92,0.0793,0.6309
2006-08-24,1365.62,10.13,84.52,4.55,52.272324,53.06,0.1971,0.6743
2006-08-31,1363.68,10.13,85.29,4.51,52.81012,53.21,0.0989,0.6381
2006-09-07,1364.68,10.16,87.04,4.48,52.347015,53.86,0.3782,0.7411
2006-09-14,1366.17,10.18,88.95,4.46,53.108921,54.61,0.3735,0.7394
2006-09-21,1367.67,10.21,90.87,4.43,52.981937,55.35,0.5903,0.8193
2006-09-28,1369.16,10.24,92.78,4.41,53.639267,56.09,0.6116,0.8272
2006-10-05,1369.93,10.25,93.41,4.41,54.561127,56.36,0.4477,0.7667
2006-10-12,1370.15,10.25,93.07,4.44,55.40192,56.26,0.2145,0.6807
2006-10-19,1370.38,10.25,92.73,4.46,55.311832,56.17,0.2133,0.6803
2006-10-26,1370.61,10.25,92.39,4.48,55.814793,56.07,0.0644,0.6254
2006-11-02,1370.69,10.25,92.09,4.50,55.131664,55.99,0.2140,0.6806
2006-11-09,1369.95,10.25,91.99,4.47,55.957417,55.98,0.0053,0.6036
2006-11-16,1369.20,10.25,91.90,4.45,56.715637,55.97,-0.1866,0.5329
2006-11-23,1368.45,10.25,91.81,4.43,56.685623,55.96,-0.1820,0.5346
2006-11-30,1367.71,10.25,91.71,4.40,56.497948,55.94,-0.1381,0.5508
2006-12-07,1368.88,10.28,92.71,4.44,57.286171,56.37,-0.2285,0.5174
2006-12-14,1370.37,10.31,93.88,4.48,58.051895,56.87,-0.2951,0.4928
2006-12-21,1371.86,10.33,95.05,4.53,57.316196,57.37,0.0125,0.6063
2006-12-28,1373.35,10.36,96.23,4.57,58.048313,57.86,-0.0458,0.5848
2007-01-04,1373.29,10.38,96.36,4.59,57.534958,58.02,0.1208,0.6462
2007-01-11,1371.17,10.38,95.09,4.57,58.395596,57.72,-0.1692,0.5393
2007-01-18,1369.05,10.38,93.83,4.55,58.52396,57.41,-0.2766,0.4997
2007-01-25,1366.92,10.38,92.56,4.52,58.36541,57.11,-0.3125,0.4864
2007-02-01,1364.80,10.38,91.30,4.50,59.505386,56.81,-0.6721,0.3539
2007-02-08,1365.50,10.38,90.58,4.48,59.21096,56.74,-0.6166,0.3743
2007-02-15,1366.20,10.38,89.85,4.45,60.003647,56.67,-0.8321,0.2949
2007-02-22,1366.90,10.38,89.13,4.43,59.830013,56.59,-0.8067,0.3042
2007-03-01,1367.60,10.38,88.40,4.40,57.16502,56.52,-0.1603,0.5426
2007-03-08,1370.13,10.40,88.11,4.42,57.972832,56.70,-0.3161,0.4851
2007-03-15,1372.66,10.42,87.81,4.45,57.308468,56.89,-0.1050,0.5629
2007-03-22,1375.19,10.43,87.52,4.47,59.361935,57.07,-0.5714,0.3910
2007-03-29,1377.72,10.45,87.23,4.49,58.584332,57.25,-0.3321,0.4792
2007-04-05,1379.08,10.46,87.26,4.49,59.603306,57.40,-0.5502,0.3988
2007-04-12,1379.57,10.46,87.54,4.46,59.997959,57.51,-0.6199,0.3731
2007-04-19,1380.06,10.46,87.82,4.44,61.34898,57.63,-0.9281,0.2595
2007-04-26,1380.55,10.46,88.10,4.42,61.720867,57.74,-0.9921,0.2359
2007-05-03,1379.93,10.46,88.11,4.41,62.343266,57.72,-1.1520,0.1769
2007-05-10,1376.52,10.46,87.43,4.46,62.555767,57.37,-1.2932,0.1248
2007-05-17,1373.11,10.46,86.75,4.50,63.307171,57.01,-1.5688,0.0232
2007-05-24,1369.70,10.46,86.07,4.55,63.041515,56.66,-1.5908,0.0151
2007-05-31,1366.29,10.46,85.40,4.59,63.846062,56.31,-1.8796,-0.0914
2007-06-07,1366.32,10.48,86.32,4.62,62.457108,56.69,-1.4377,0.0716
2007-06-14,1366.93,10.51,87.51,4.64,63.588028,57.20,-1.5932,0.0143
2007-06-21,1367.53,10.54,88.70,4.67,62.358425,57.70,-1.1603,0.1739
2007-06-28,1368.14,10.57,89.89,4.69,62.009289,58.21,-0.9469,0.2526
2007-07-05,1369.38,10.59,89.50,4.69,63.362099,58.31,-1.2586,0.1376
2007-07-12,1371.10,10.59,87.92,4.66,64.216614,58.11,-1.5218,0.0406
2007-07-19,1372.81,10.59,86.34,4.64,63.209503,57.91,-1.3210,0.1146
2007-07-26,1374.53,10.59,84.75,4.62,59.715237,57.71,-0.5002,0.4172
2007-08-02,1375.95,10.59,83.40,4.60,58.853104,57.53,-0.3302,0.4799
2007-08-09,1375.56,10.59,83.40,4.63,59.56266,57.47,-0.5205,0.4097
2007-08-16,1375.18,10.59,83.40,4.65,59.738129,57.42,-0.5777,0.3887
2007-08-23,1374.79,10.59,83.40,4.67,61.164833,57.37,-0.9467,0.2526
2007-08-30,1374.41,10.59,83.40,4.69,60.623161,57.31,-0.8252,0.2974
2007-09-06,1375.07,10.60,82.98,4.70,59.707619,57.39,-0.5774,0.3888
2007-09-13,1376.14,10.62,82.40,4.70,60.996994,57.52,-0.8662,0.2823
2007-09-20,1377.21,10.64,81.82,4.70,62.583908,57.65,-1.2291,0.1485
2007-09-27,1378.29,10.67,81.23,4.70,62.149006,57.78,-1.0881,0.2005
2007-10-04,1378.19,10.68,80.44,4.70,64.119759,57.74,-1.5910,0.0150
2007-10-11,1376.55,10.68,79.35,4.70,64.050652,57.45,-1.6447,-0.0047
2007-10-18,1374.90,10.68,78.27,4.70,61.096729,57.17,-0.9792,0.2406
2007-10-25,1373.25,10.68,77.18,4.70,62.761658,56.88,-1.4651,0.0615
2007-11-01,1371.60,10.68,76.10,4.70,61.31155,56.60,-1.1744,0.1686
2007-11-08,1372.35,10.68,75.96,4.77,59.078838,56.49,-0.6458,0.3635
2007-11-15,1373.09,10.68,75.82,4.84,59.124882,56.38,-0.6852,0.3490
2007-11-22,1373.84,10.68,75.68,4.91,58.035381,56.26,-0.4416,0.4388
2007-11-29,1374.59,10.68,75.54,4.98,60.268093,56.15,-1.0261,0.2233
2007-12-06,1375.78,10.66,75.97,5.00,60.92028,56.11,-1.1996,0.1594
2007-12-13,1377.16,10.64,76.62,5.00,59.347385,56.09,-0.8117,0.3024
2007-12-20,1378.54,10.62,77.28,5.00,59.830746,56.07,-0.9364,0.2564
2007-12-27,1379.92,10.60,77.93,5.00,59.094196,56.06,-0.7569,0.3226
2008-01-03,1381.01,10.58,77.91,4.99,56.797951,55.96,-0.2078,0.5250
2008-01-10,1381.39,10.58,76.19,4.97,56.66674,55.68,-0.2461,0.5109
2008-01-17,1381.78,10.58,74.48,4.95,53.432838,55.39,0.4889,0.7819
2008-01-24,1382.16,10.58,72.76,4.93,54.528816,55.11,0.1447,0.6550
2008-01-31,1382.55,10.58,71.05,4.90,57.901646,54.82,-0.7671,0.3188
2008-02-07,1384.13,10.58,70.53,4.94,54.876129,54.73,-0.0371,0.5880
2008-02-14,1385.92,10.58,70.22,4.99,55.51675,54.66,-0.2133,0.5230
2008-02-21,1387.70,10.58,69.90,5.04,55.57851,54.60,-0.2451,0.5113
2008-02-28,1389.49,10.58,69.59,5.09,54.196945,54.53,0.0828,0.6322
2008-03-06,1390.34,10.59,68.39,5.08,52.483501,54.37,0.4703,0.7751
2008-03-13,1390.81,10.59,66.83,5.06,52.051285,54.17,0.5292,0.7968
2008-03-20,1391.29,10.60,65.27,5.04,54.690907,53.98,-0.1777,0.5361
2008-03-27,1391.76,10.60,63.71,5.02,53.131832,53.78,0.1621,0.6614
2008-04-03,1392.19,10.61,62.41,5.03,55.864815,53.56,-0.5733,0.3903
2008-04-10,1392.52,10.61,61.76,5.12,53.851315,53.29,-0.1387,0.5505
2008-04-17,1392.85,10.61,61.11,5.21,55.857025,53.02,-0.7060,0.3414
2008-04-24,1393.17,10.61,60.45,5.31,56.416752,52.75,-0.9129,0.2651
2008-05-01,1393.50,10.61,59.80,5.40,57.334133,52.48,-1.2089,0.1559
2008-05-08,1395.40,10.61,59.03,5.45,55.7715,52.34,-0.8557,0.2862
2008-05-15,1397.29,10.61,58.26,5.49,57.116444,52.19,-1.2273,0.1492
2008-05-22,1399.19,10.61,57.50,5.54,54.900829,52.05,-0.7113,0.3394
2008-05-29,1401.09,10.61,56.73,5.58,55.825943,51.90,-0.9783,0.2410
2008-06-05,1403.91,10.58,57.04,5.63,53.835762,51.73,-0.5253,0.4080
2008-06-12,1407.44,10.53,58.16,5.67,53.470371,51.53,-0.4826,0.4237
2008-06-19,1410.96,10.48,59.28,5.72,51.487991,51.34,-0.0368,0.5881
2008-06-26,1414.48,10.42,60.40,5.77,49.311222,51.15,0.4575,0.7703
2008-07-03,1416.34,10.39,61.32,5.82,49.003239,50.97,0.4904,0.7825
2008-07-10,1414.01,10.39,61.72,5.89,48.024738,50.84,0.7015,0.8603
2008-07-17,1411.68,10.39,62.13,5.95,49.793865,50.71,0.2278,0.6857
2008-07-24,1409.36,10.39,62.54,6.02,49.637295,50.58,0.2341,0.6880
2008-07-31,1407.03,10.39,62.94,6.09,50.091343,50.44,0.0882,0.6342
2008-08-07,1417.15,10.39,64.41,6.10,51.586479,51.15,-0.1087,0.5616
2008-08-14,1429.35,10.39,66.06,6.10,51.539494,52.00,0.1137,0.6436
2008-08-21,1441.54,10.39,67.71,6.10,50.889782,52.84,0.4863,0.7810
2008-08-28,1453.73,10.39,69.36,6.10,51.015018,53.69,0.6657,0.8471
2008-09-04,1461.96,10.30,69.03,6.14,50.02869,53.07,0.7584,0.8813
2008-09-11,1464.90,10.10,66.07,6.23,50.334,50.51,0.0439,0.6178
2008-09-18,1467.84,9.89,63.10,6.33,50.584507,47.95,-0.6570,0.3594
2008-09-25,1470.78,9.69,60.14,6.42,48.564865,45.39,-0.7919,0.3097
2008-10-02,1474.62,9.51,57.53,6.51,44.718033,43.22,-0.3738,0.4638
2008-10-09,1483.83,9.51,57.01,6.58,36.882332,43.40,1.6236,1.2003
2008-10-16,1493.04,9.51,56.49,6.65,38.002838,43.57,1.3886,1.1136
2008-10-23,1502.25,9.51,55.97,6.71,35.272564,43.75,2.1134,1.3809
2008-10-30,1511.47,9.51,55.45,6.78,39.194359,43.93,1.1801,1.0368
2008-11-06,1529.00,9.51,56.10,6.88,37.363663,44.63,1.8122,1.2698
2008-11-13,1549.86,9.51,57.22,7.00,34.799122,45.55,2.6799,1.5897
2008-11-20,1570.72,9.51,58.34,7.12,30.940434,46.47,3.8701,2.0286
2008-11-27,1591.58,9.51,59.46,7.23,35.564529,47.38,2.9459,1.6878
2008-12-04,1601.93,9.48,60.21,7.35,35.359371,47.41,3.0040,1.7092
2008-12-11,1598.27,9.38,60.45,7.46,34.901684,46.25,2.8298,1.6450
2008-12-18,1594.62,9.29,60.70,7.57,35.130531,45.10,2.4845,1.5177
2008-12-25,1590.96,9.20,60.95,7.69,34.207283,43.94,2.4264,1.4963
2009-01-01,1587.30,9.11,61.20,7.80,36.885708,42.78,1.4705,1.1438
2009-01-08,1583.42,9.11,60.09,7.91,35.130772,42.21,1.7655,1.2526
2009-01-15,1579.53,9.11,58.99,8.03,32.865295,41.64,2.1878,1.4083
2009-01-22,1575.65,9.11,57.88,8.14,32.003777,41.07,2.2601,1.4350
2009-01-29,1571.76,9.11,56.77,8.25,31.660769,40.50,2.2032,1.4140
2009-02-05,1571.59,9.11,56.44,8.36,32.913151,40.25,1.8291,1.2760
2009-02-12,1574.19,9.11,56.69,8.46,31.054516,40.24,2.2909,1.4463
2009-02-19,1576.79,9.11,56.94,8.56,28.54973,40.24,2.9138,1.6760
2009-02-26,1579.39,9.11,57.19,8.66,27.504742,40.23,3.1728,1.7715
2009-03-05,1584.62,9.08,58.31,8.74,25.143549,40.17,3.7456,1.9827
2009-03-12,1591.82,9.01,60.07,8.81,28.469952,40.06,2.8899,1.6672
2009-03-19,1599.02,8.94,61.83,8.87,28.972509,39.96,2.7381,1.6112
2009-03-26,1606.23,8.87,63.59,8.94,30.695543,39.85,2.2820,1.4430
2009-04-02,1612.57,8.81,65.22,9.01,32.01078,39.77,1.9336,1.3146
2009-04-09,1613.73,8.81,66.06,9.11,32.905563,39.83,1.7256,1.2379
2009-04-16,1614.90,8.81,66.90,9.20,33.79229,39.89,1.5197,1.1620
2009-04-23,1616.07,8.81,67.74,9.29,33.268307,39.95,1.6654,1.2157
2009-04-30,1617.23,8.81,68.58,9.39,33.623001,40.01,1.5920,1.1886
2009-05-07,1624.83,8.81,69.11,9.42,36.525024,40.38,0.9617,0.9563
2009-05-14,1633.50,8.81,69.58,9.44,34.308197,40.81,1.6204,1.1991
2009-05-21,1642.17,8.81,70.05,9.46,34.4533,41.23,1.6903,1.2249
2009-05-28,1650.85,8.81,70.53,9.49,35.678596,41.66,1.4910,1.1514
2009-06-04,1655.96,8.80,70.32,9.50,36.12196,41.70,1.3892,1.1139
2009-06-11,1656.33,8.77,69.20,9.50,36.460522,41.21,1.1837,1.0381
2009-06-18,1656.71,8.74,68.08,9.50,35.372269,40.72,1.3339,1.0935
2009-06-25,1657.08,8.71,66.96,9.50,35.162689,40.24,1.2651,1.0681
2009-07-02,1657.46,8.69,65.99,9.50,34.61837,39.82,1.2958,1.0794
2009-07-09,1657.89,8.69,65.92,9.53,33.757988,39.78,1.5021,1.1555
2009-07-16,1658.32,8.69,65.85,9.55,36.160576,39.75,0.8951,0.9317
2009-07-23,1658.75,8.69,65.79,9.57,37.759598,39.72,0.4884,0.7817
2009-07-30,1659.18,8.69,65.72,9.59,38.425175,39.69,0.3143,0.7176
2009-08-06,1659.95,8.69,66.96,9.63,40.024208,39.90,-0.0312,0.5902
2009-08-13,1660.85,8.69,68.72,9.68,39.75634,40.21,0.1132,0.6434
2009-08-20,1661.75,8.69,70.48,9.72,40.681675,40.52,-0.0399,0.5870
2009-08-27,1662.65,8.69,72.24,9.77,40.88459,40.83,-0.0129,0.5969
2009-09-03,1664.23,8.69,73.31,9.81,40.137829,41.03,0.2231,0.6839
2009-09-10,1667.50,8.69,72.63,9.86,41.11187,40.95,-0.0393,0.5872
2009-09-17,1670.77,8.69,71.95,9.91,42.256336,40.88,-0.3442,0.4748
2009-09-24,1674.03,8.68,71.28,9.95,41.055035,40.80,-0.0643,0.5779
2009-10-01,1677.30,8.68,70.60,10.00,40.419937,40.72,0.0744,0.6291
2009-10-08,1678.41,8.68,69.88,9.98,42.354809,40.66,-0.4224,0.4459
2009-10-15,1679.51,8.68,69.15,9.95,42.844643,40.60,-0.5589,0.3956
2009-10-22,1680.62,8.68,68.43,9.93,42.232342,40.54,-0.4208,0.4465
2009-10-29,1681.73,8.68,67.71,9.91,40.272991,40.49,0.0532,0.6213
2009-11-05,1683.79,8.68,68.08,9.90,41.530235,40.66,-0.2161,0.5220
2009-11-12,1686.56,8.68,69.27,9.90,42.583401,41.02,-0.3906,0.4577
2009-11-19,1689.34,8.68,70.46,9.90,42.656868,41.37,-0.3208,0.4834
2009-11-26,1692.12,8.68,71.65,9.90,42.575241,41.72,-0.2124,0.5233
2009-12-03,1693.13,8.68,72.62,9.89,43.350811,41.96,-0.3469,0.4737
2009-12-10,1689.72,8.68,73.05,9.87,43.473267,41.90,-0.3918,0.4572
2009-12-17,1686.31,8.68,73.48,9.85,43.309986,41.84,-0.3655,0.4669
2009-12-24,1682.90,8.67,73.91,9.83,43.701859,41.79,-0.4775,0.4256
2009-12-31,1679.49,8.67,74.34,9.80,43.570789,41.73,-0.4592,0.4324
2010-01-07,1683.55,8.67,74.25,9.80,45.083145,41.88,-0.7975,0.3076
2010-01-14,1688.85,8.67,74.06,9.80,44.73793,42.07,-0.6640,0.3568
2010-01-21,1694.16,8.67,73.88,9.80,43.143379,42.26,-0.2190,0.5209
2010-01-28,1699.47,8.67,73.70,9.80,42.666653,42.46,-0.0527,0.5822
2010-02-04,1703.68,8.67,73.60,9.81,42.198154,42.60,0.0993,0.6383
2010-02-11,1706.43,8.67,73.60,9.84,42.477612,42.67,0.0485,0.6195
2010-02-18,1709.18,8.67,73.60,9.86,43.825584,42.75,-0.2687,0.5026
2010-02-25,1711.93,8.67,73.60,9.89,43.776276,42.82,-0.2375,0.5141
2010-03-04,1712.15,8.67,73.46,9.90,45.16534,42.82,-0.5834,0.3866
2010-03-11,1709.02,8.68,73.15,9.90,45.600964,42.73,-0.7162,0.3376
2010-03-18,1705.88,8.69,72.83,9.90,46.168095,42.63,-0.8817,0.2766
2010-03-25,1702.74,8.70,72.52,9.90,46.357143,42.53,-0.9530,0.2503
2010-04-01,1699.60,8.71,72.20,9.90,47.034573,42.44,-1.1461,0.1791
2010-04-08,1702.12,8.71,72.53,9.83,47.785881,42.73,-1.2615,0.1365
2010-04-15,1704.64,8.71,72.85,9.76,47.653782,43.01,-1.1568,0.1752
2010-04-22,1707.16,8.71,73.18,9.69,48.685795,43.30,-1.3422,0.1068
2010-04-29,1709.68,8.71,73.51,9.62,47.521694,43.59,-0.9802,0.2403
2010-05-06,1713.38,8.71,73.99,9.57,44.599056,43.93,-0.1671,0.5401
2010-05-13,1717.56,8.71,74.53,9.52,45.556763,44.29,-0.3160,0.4851
2010-05-20,1721.74,8.71,75.07,9.48,43.64962,44.65,0.2491,0.6935
2010-05-27,1725.92,8.71,75.61,9.43,43.756939,45.01,0.3121,0.7167
2010-06-03,1728.31,8.71,75.45,9.40,42.568077,45.09,0.6286,0.8334
2010-06-10,1726.26,8.69,73.54,9.40,43.64962,44.47,0.2053,0.6774
2010-06-17,1724.21,8.68,71.63,9.40,44.61557,43.86,-0.1892,0.5319
2010-06-24,1722.15,8.66,69.71,9.40,42.840527,43.24,0.0996,0.6384
2010-07-01,1720.10,8.65,67.80,9.40,40.753929,42.62,0.4660,0.7735
2010-07-08,1726.33,8.65,68.05,9.42,43.102398,42.90,-0.0504,0.5831
2010-07-15,1732.56,8.65,68.30,9.45,42.538113,43.18,0.1594,0.6604
2010-07-22,1738.80,8.65,68.55,9.47,43.948849,43.45,-0.1232,0.5562
2010-07-29,1745.03,8.65,68.79,9.49,44.139706,43.73,-0.1017,0.5642
2010-08-05,1749.91,8.65,68.81,9.50,44.820179,43.93,-0.2227,0.5195
2010-08-12,1753.77,8.65,68.65,9.50,43.260071,44.06,0.1994,0.6752
2010-08-19,1757.63,8.65,68.49,9.50,42.787052,44.19,0.3505,0.7309
2010-08-26,1761.49,8.65,68.34,9.50,42.662579,44.33,0.4148,0.7546
2010-09-02,1765.31,8.64,68.18,9.50,44.305683,44.39,0.0199,0.6090
2010-09-09,1768.85,8.58,68.07,9.47,44.496555,44.00,-0.1243,0.5558
2010-09-16,1772.40,8.52,67.95,9.45,44.878281,43.61,-0.3161,0.4851
2010-09-23,1775.95,8.46,67.83,9.43,45.318096,43.22,-0.5223,0.4091
2010-09-30,1779.49,8.41,67.72,9.40,45.590591,42.84,-0.6869,0.3484
2010-10-07,1789.23,8.40,68.45,9.48,46.400982,43.19,-0.7995,0.3069
2010-10-14,1800.00,8.40,69.34,9.57,46.275661,43.68,-0.6479,0.3628
2010-10-21,1810.77,8.40,70.22,9.66,46.634907,44.16,-0.6171,0.3741
2010-10-28,1821.55,8.40,71.10,9.75,46.50959,44.64,-0.4655,0.4300
2010-11-04,1828.68,8.40,71.89,9.75,48.280746,45.10,-0.7929,0.3093
2010-11-11,1830.97,8.40,72.57,9.63,47.228081,45.52,-0.4246,0.4451
2010-11-18,1833.25,8.40,73.24,9.52,47.177948,45.95,-0.3062,0.4888
2010-11-25,1835.54,8.40,73.92,9.40,46.367554,46.37,0.0017,0.6023
2010-12-02,1838.15,8.39,74.49,9.29,48.080246,46.70,-0.3442,0.4748
2010-12-09,1842.71,8.33,74.42,9.25,49.024296,46.43,-0.6473,0.3630
2010-12-16,1847.27,8.28,74.35,9.20,49.199745,46.16,-0.7588,0.3219
2010-12-23,1851.84,8.22,74.29,9.16,49.64254,45.88,-0.9370,0.2562
2010-12-30,1856.40,8.17,74.22,9.11,50.084099,45.61,-1.1148,0.1906
2011-01-06,1860.46,8.15,74.73,9.08,50.790096,45.78,-1.2480,0.1415
2011-01-13,1864.32,8.15,75.48,9.06,51.790264,46.13,-1.4103,0.0817
2011-01-20,1868.18,8.15,76.22,9.04,51.61377,46.48,-1.2793,0.1300
2011-01-27,1872.04,8.15,76.97,9.02,51.311188,46.83,-1.1168,0.1899
2011-02-03,1876.07,8.15,76.79,9.00,52.689568,46.99,-1.4199,0.0782
2011-02-10,1880.52,8.15,74.29,9.00,53.395573,46.69,-1.6716,-0.0147
2011-02-17,1884.97,8.15,71.79,9.00,54.101589,46.39,-1.9234,-0.1075
2011-02-24,1889.42,8.15,69.29,9.00,53.185467,46.08,-1.7708,-0.0512
2011-03-03,1893.15,8.14,67.65,9.01,53.143433,45.83,-1.8236,-0.0707
2011-03-10,1895.07,8.11,68.17,9.03,52.706379,45.70,-1.7468,-0.0424
2011-03-17,1896.99,8.09,68.69,9.05,51.91634,45.57,-1.5821,0.0184
2011-03-24,1898.91,8.06,69.21,9.07,52.790432,45.44,-1.8321,-0.0738
2011-03-31,1900.83,8.03,69.73,9.10,53.738129,45.31,-2.1005,-0.1728
2011-04-07,1908.54,8.02,70.70,9.08,53.72126,45.82,-1.9693,-0.1244
2011-04-14,1917.22,8.02,71.75,9.06,53.248455,46.44,-1.6979,-0.0244
2011-04-21,1925.90,8.02,72.80,9.03,53.619934,47.05,-1.6370,-0.0019
2011-04-28,1934.58,8.02,73.85,9.01,54.776592,47.67,-1.7717,-0.0516
2011-05-05,1940.35,8.02,73.94,9.01,53.712811,47.93,-1.4421,0.0700
2011-05-12,1943.94,8.02,73.31,9.04,53.442638,47.92,-1.3771,0.0939
2011-05-19,1947.53,8.02,72.67,9.06,53.31599,47.91,-1.3478,0.1047
2011-05-26,1951.12,8.02,72.04,9.08,53.231564,47.90,-1.3291,0.1116
2011-06-02,1955.68,8.01,71.24,9.10,51.956718,47.74,-1.0506,0.2143
2011-06-09,1966.01,7.88,69.42,9.07,50.84227,46.70,-1.0338,0.2205
2011-06-16,1976.35,7.76,67.60,9.05,51.036457,45.65,-1.3432,0.1064
2011-06-23,1986.69,7.64,65.78,9.03,50.445461,44.60,-1.4568,0.0645
2011-06-30,1997.02,7.52,63.96,9.00,53.365505,43.55,-2.4457,-0.3001
2011-07-07,2020.49,7.50,62.17,9.00,53.170338,44.04,-2.2760,-0.2375
2011-07-14,2046.14,7.50,60.39,9.00,51.973866,44.78,-1.7931,-0.0594
2011-07-21,2071.79,7.50,58.60,9.00,52.975163,45.52,-1.8580,-0.0834
2011-07-28,2097.44,7.50,56.82,9.00,50.726505,46.26,-1.1128,0.1914
2011-08-04,2113.49,7.50,56.16,9.00,46.958931,46.82,-0.0357,0.5885
2011-08-11,2116.75,7.50,56.99,9.00,45.821869,47.12,0.3234,0.7209
2011-08-18,2120.00,7.50,57.83,9.00,44.090805,47.42,0.8306,0.9079
2011-08-25,2123.25,7.50,58.66,9.00,45.906723,47.73,0.4536,0.7689
2011-09-01,2126.50,7.50,59.50,9.00,45.703072,48.03,0.5800,0.8155
2011-09-08,2129.49,7.46,59.80,8.95,44.837536,47.90,0.7646,0.8836
2011-09-15,2132.47,7.42,60.11,8.91,47.145611,47.78,0.1581,0.6599
2011-09-22,2135.46,7.38,60.41,8.86,43.691998,47.65,0.9878,0.9659
2011-09-29,2138.45,7.34,60.71,8.81,43.768364,47.53,0.9376,0.9474
2011-10-06,2143.59,7.33,61.27,8.77,44.891373,47.82,0.7307,0.8711
2011-10-13,2149.60,7.33,61.92,8.72,47.351646,48.28,0.2322,0.6873
2011-10-20,2155.60,7.33,62.58,8.68,48.496342,48.74,0.0616,0.6244
2011-10-27,2161.61,7.33,63.23,8.63,50.495327,49.20,-0.3220,0.4829
2011-11-03,2165.81,7.33,64.11,8.59,48.949116,49.62,0.1675,0.6634
2011-11-10,2165.51,7.33,65.56,8.57,49.470219,49.93,0.1153,0.6442
2011-11-17,2165.21,7.33,67.01,8.55,47.513954,50.24,0.6806,0.8526
2011-11-24,2164.90,7.33,68.45,8.52,45.190369,50.56,1.3374,1.0948
2011-12-01,2164.60,7.33,69.90,8.50,48.744087,50.87,0.5292,0.7968
2011-12-08,2173.84,7.30,71.05,8.45,49.28228,51.36,0.5175,0.7925
2011-12-15,2183.07,7.28,72.20,8.41,48.017967,51.85,0.9551,0.9538
2011-12-22,2192.31,7.26,73.35,8.36,49.794842,52.34,0.6346,0.8356
2011-12-29,2201.54,7.24,74.51,8.32,49.741219,52.83,0.7704,0.8857
2012-01-05,2206.30,7.23,75.04,8.30,50.842182,53.08,0.5588,0.8077
2012-01-12,2207.70,7.23,75.11,8.30,51.607681,53.16,0.3862,0.7441
2012-01-19,2209.10,7.23,75.17,8.30,52.682838,53.23,0.1364,0.6520
2012-01-26,2210.50,7.23,75.24,8.30,52.459217,53.30,0.2104,0.6792
2012-02-02,2212.33,7.23,75.33,8.30,53.758003,53.40,-0.0881,0.5692
2012-02-09,2216.75,7.23,75.55,8.27,53.534378,53.68,0.0352,0.6147
2012-02-16,2221.17,7.23,75.77,8.25,54.48912,53.95,-0.1352,0.5518
2012-02-23,2225.58,7.23,75.98,8.22,54.35149,54.22,-0.0332,0.5894
2012-03-01,2230.00,7.23,76.20,8.20,54.540726,54.49,-0.0128,0.5969
2012-03-08,2234.06,7.21,76.25,8.20,54.66114,54.49,-0.0425,0.5860
2012-03-15,2238.13,7.19,76.29,8.20,56.209381,54.49,-0.4282,0.4438
2012-03-22,2242.19,7.17,76.34,8.20,55.891129,54.49,-0.3486,0.4731
2012-03-29,2246.26,7.15,76.38,8.20,55.848125,54.49,-0.3376,0.4772
2012-04-05,2249.19,7.15,76.79,8.20,55.327389,54.62,-0.1761,0.5367
2012-04-12,2251.26,7.15,77.46,8.20,54.203373,54.84,0.1595,0.6605
2012-04-19,2253.34,7.15,78.14,8.20,54.704849,55.07,0.0899,0.6348
2012-04-26,2255.42,7.15,78.82,8.20,55.595421,55.29,-0.0768,0.5733
2012-05-03,2258.15,7.15,78.91,8.20,54.203373,55.42,0.3036,0.7136
2012-05-10,2262.50,7.15,77.53,8.20,53.589489,55.34,0.4351,0.7621
2012-05-17,2266.86,7.15,76.15,8.20,51.133957,55.25,1.0257,0.9799
2012-05-24,2271.22,7.15,74.77,8.20,51.920765,55.16,0.8081,0.8996
2012-05-31,2275.58,7.15,73.40,8.20,50.364437,55.08,1.1746,1.0347
2012-06-07,2284.36,7.10,73.02,8.20,52.396309,54.94,0.6329,0.8350
2012-06-14,2293.88,7.05,72.81,8.20,53.234997,54.79,0.3864,0.7441
2012-06-21,2303.40,6.99,72.60,8.20,52.672989,54.64,0.4891,0.7820
2012-06-28,2312.92,6.94,72.39,8.20,54.138447,54.48,0.0863,0.6335
2012-07-05,2320.88,6.92,72.56,8.19,53.608196,54.66,0.2618,0.6982
2012-07-12,2327.68,6.92,73.01,8.16,53.712509,55.07,0.3395,0.7269
2012-07-19,2334.48,6.92,73.46,8.14,53.764668,55.49,0.4303,0.7603
2012-07-26,2341.27,6.92,73.91,8.12,54.859947,55.91,0.2611,0.6979
2012-08-02,2348.45,6.92,74.43,8.09,55.1642,56.36,0.2988,0.7118
2012-08-09,2357.89,6.92,75.33,8.02,55.8857,57.06,0.2918,0.7092
2012-08-16,2367.33,6.92,76.24,7.95,56.268181,57.75,0.3692,0.7378
2012-08-23,2376.76,6.92,77.14,7.89,55.929157,58.44,0.6264,0.8326
2012-08-30,2386.20,6.92,78.04,7.82,55.798771,59.14,0.8317,0.9083
2012-09-06,2394.37,6.88,79.02,7.80,57.293919,59.39,0.5236,0.7947
2012-09-13,2402.02,6.84,80.02,7.80,58.667381,59.48,0.2025,0.6763
2012-09-20,2409.67,6.79,81.02,7.80,58.180584,59.57,0.3452,0.7289
2012-09-27,2417.33,6.74,82.03,7.80,57.189606,59.65,0.6136,0.8279
2012-10-04,2421.82,6.72,82.61,7.79,58.603752,59.72,0.2789,0.7045
2012-10-11,2422.09,6.72,82.63,7.77,57.362076,59.78,0.6018,0.8235
2012-10-18,2422.36,6.72,82.65,7.75,58.052868,59.83,0.4429,0.7650
2012-10-25,2422.63,6.72,82.68,7.72,57.047279,59.88,0.7069,0.8623
2012-11-01,2422.90,6.72,82.70,7.70,57.309605,59.94,0.6549,0.8431
2012-11-08,2431.81,6.72,80.41,7.75,55.831825,59.79,0.9861,0.9652
2012-11-15,2440.73,6.72,78.13,7.79,54.948666,59.64,1.1691,1.0327
2012-11-22,2449.64,6.72,75.84,7.84,56.916107,59.49,0.6414,0.8382
2012-11-29,2458.55,6.72,73.55,7.89,57.195927,59.34,0.5345,0.7987
2012-12-06,2463.42,6.71,73.05,7.92,57.746822,59.36,0.4010,0.7495
2012-12-13,2466.67,6.71,73.25,7.94,57.834259,59.44,0.3993,0.7489
2012-12-20,2469.93,6.70,73.45,7.96,58.253986,59.52,0.3148,0.7177
2012-12-27,2473.18,6.69,73.65,7.98,57.506542,59.60,0.5213,0.7939
2013-01-03,2475.36,6.69,74.05,7.98,60.236969,59.73,-0.1263,0.5551
2013-01-10,2474.89,6.69,74.90,7.91,60.413136,59.99,-0.1050,0.5630
2013-01-17,2474.42,6.69,75.76,7.85,61.249889,60.25,-0.2483,0.5101
2013-01-24,2473.94,6.69,76.62,7.78,62.289207,60.52,-0.4421,0.4386
2013-01-31,2473.47,6.69,77.48,7.71,62.861721,60.78,-0.5196,0.4101
2013-02-07,2475.03,6.69,77.81,7.66,62.967426,61.00,-0.4911,0.4206
2013-02-14,2476.93,6.69,78.06,7.61,63.170006,61.21,-0.4884,0.4216
2013-02-21,2478.83,6.69,78.31,7.56,63.16119,61.42,-0.4330,0.4420
2013-02-28,2480.73,6.69,78.56,7.51,63.16119,61.64,-0.3798,0.4616
2013-03-07,2487.66,6.67,78.17,7.52,64.64093,61.65,-0.7467,0.3263
2013-03-14,2495.43,6.65,77.68,7.54,65.222237,61.62,-0.8982,0.2705
2013-03-21,2503.19,6.62,77.18,7.56,64.949196,61.59,-0.8368,0.2931
2013-03-28,2510.96,6.60,76.68,7.59,65.002045,61.57,-0.8566,0.2858
2013-04-04,2516.93,6.59,77.21,7.59,64.920853,61.79,-0.7799,0.3141
2013-04-11,2520.50,6.59,79.10,7.57,66.239975,62.36,-0.9681,0.2447
2013-04-18,2524.07,6.59,80.99,7.54,64.726082,62.92,-0.4501,0.4357
2013-04-25,2527.64,6.59,82.88,7.52,65.956688,63.48,-0.6163,0.3744
2013-05-02,2530.71,6.59,84.49,7.50,67.054489,63.97,-0.7699,0.3178
2013-05-09,2530.80,6.59,84.40,7.50,67.842453,63.95,-0.9698,0.2441
2013-05-16,2530.89,6.59,84.31,7.50,69.497978,63.94,-1.3860,0.0906
2013-05-23,2530.98,6.59,84.22,7.50,68.834015,63.92,-1.2240,0.1504
2013-05-30,2531.07,6.59,84.13,7.50,68.134598,63.91,-1.0531,0.2134
2013-06-06,2533.33,6.59,84.27,7.47,68.851692,64.08,-1.1891,0.1632
2013-06-13,2536.46,6.59,84.50,7.42,68.214272,64.33,-0.9690,0.2444
2013-06-20,2539.59,6.58,84.73,7.37,66.895126,64.57,-0.5789,0.3882
2013-06-27,2542.71,6.58,84.97,7.33,67.081039,64.82,-0.5640,0.3937
2013-07-04,2545.14,6.58,84.81,7.29,68.493813,64.94,-0.8847,0.2755
2013-07-11,2546.63,6.58,84.13,7.27,70.416702,64.91,-1.3722,0.0957
2013-07-18,2548.12,6.58,83.45,7.25,71.422661,64.88,-1.6311,0.0003
2013-07-25,2549.61,6.58,82.78,7.22,71.235687,64.85,-1.5927,0.0144
2013-08-01,2551.10,6.58,82.10,7.20,71.903374,64.81,-1.7673,-0.0499
2013-08-08,2558.46,6.58,81.06,7.20,70.9695,64.92,-1.5074,0.0459
2013-08-15,2565.82,6.58,80.02,7.20,69.5086,65.03,-1.1162,0.1901
2013-08-22,2573.18,6.58,78.98,7.20,69.066,65.14,-0.9788,0.2408
2013-08-29,2580.55,6.58,77.95,7.20,68.216,65.25,-0.7398,0.3289
2013-09-05,2588.78,6.57,76.93,7.20,68.8977,65.27,-0.9051,0.2680
2013-09-12,2597.67,6.54,75.92,7.20,70.1904,65.22,-1.2394,0.1447
2013-09-19,2606.56,6.52,74.92,7.20,71.6777,65.17,-1.6223,0.0035
2013-09-26,2615.45,6.50,73.92,7.20,70.5326,65.12,-1.3490,0.1043
2013-10-03,2621.97,6.48,73.32,7.18,69.5976,65.15,-1.1087,0.1929
2013-10-10,2622.55,6.48,73.75,7.11,70.5237,65.37,-1.2842,0.1282
2013-10-17,2623.14,6.48,74.18,7.05,72.082,65.59,-1.6172,0.0054
2013-10-24,2623.73,6.48,74.61,6.98,72.6073,65.82,-1.6928,-0.0225
2013-10-31,2624.32,6.48,75.04,6.91,72.7943,66.04,-1.6840,-0.0192
2013-11-07,2632.34,6.48,76.58,6.86,72.6964,66.77,-1.4779,0.0568
2013-11-14,2641.60,6.48,78.31,6.81,74.3348,67.58,-1.6836,-0.0191
2013-11-21,2650.87,6.48,80.03,6.77,74.7622,68.39,-1.5875,0.0164
2013-11-28,2660.13,6.48,81.76,6.72,74.9581,69.21,-1.4336,0.0731
2013-12-05,2668.50,6.45,82.33,6.69,73.7471,69.48,-1.0649,0.2090
2013-12-12,2676.20,6.41,82.04,6.66,73.5156,69.33,-1.0422,0.2174
2013-12-19,2683.90,6.36,81.75,6.64,74.8513,69.19,-1.4102,0.0817
2013-12-26,2691.60,6.31,81.45,6.62,76.1954,69.05,-1.7803,-0.0547
2014-01-02,2699.15,6.27,81.21,6.60,75.8819,68.97,-1.7228,-0.0335
2014-01-09,2705.79,6.27,81.30,6.63,76.1954,69.23,-1.7354,-0.0382
2014-01-16,2712.43,6.27,81.39,6.65,76.3118,69.50,-1.6988,-0.0247
2014-01-23,2719.06,6.27,81.48,6.67,75.2639,69.76,-1.3719,0.0958
2014-01-30,2725.70,6.27,81.57,6.69,74.0547,70.02,-1.0049,0.2312
2014-02-06,2732.62,6.27,81.31,6.70,73.0426,70.26,-0.6946,0.3455
2014-02-13,2739.64,6.27,80.91,6.70,74.9683,70.48,-1.1197,0.1888
2014-02-20,2746.67,6.27,80.51,6.70,75.5057,70.70,-1.1988,0.1597
2014-02-27,2753.69,6.27,80.11,6.70,76.0342,70.92,-1.2756,0.1314
2014-03-06,2759.43,6.26,80.66,6.64,77.109,71.30,-1.4485,0.0676
2014-03-13,2764.64,6.25,81.59,6.55,76.1148,71.74,-1.0897,0.1999
2014-03-20,2769.86,6.24,82.51,6.45,77.3777,72.19,-1.2936,0.1247
2014-03-27,2775.07,6.23,83.44,6.36,77.1977,72.63,-1.1377,0.1822
2014-04-03,2779.91,6.22,83.95,6.30,78.8818,72.97,-1.4737,0.0583
2014-04-10,2783.81,6.22,83.44,6.30,77.1527,73.03,-1.0265,0.2232
2014-04-17,2787.71,6.22,82.93,6.30,78.4945,73.10,-1.3449,0.1058
2014-04-24,2791.60,6.22,82.41,6.30,78.8728,73.16,-1.4230,0.0770
2014-05-01,2795.50,6.22,81.90,6.30,79.0799,73.23,-1.4585,0.0639
2014-05-08,2803.25,6.22,82.04,6.25,78.8998,73.66,-1.3060,0.1201
2014-05-15,2810.99,6.22,82.17,6.21,78.6296,74.09,-1.1310,0.1847
2014-05-22,2818.74,6.22,82.31,6.16,79.1069,74.52,-1.1424,0.1805
2014-05-29,2826.48,6.22,82.44,6.12,79.9625,74.96,-1.2480,0.1415
2014-06-05,2831.01,6.22,82.41,6.11,80.8495,75.19,-1.4101,0.0818
2014-06-12,2833.14,6.23,82.24,6.14,80.5659,75.28,-1.3167,0.1162
2014-06-19,2835.26,6.24,82.08,6.16,82.0248,75.37,-1.6578,-0.0096
2014-06-26,2837.38,6.25,81.92,6.18,81.7733,75.47,-1.5725,0.0219
2014-07-03,2836.53,6.25,81.85,6.20,82.5879,75.44,-1.7823,-0.0555
2014-07-10,2828.25,6.25,82.00,6.20,81.9634,75.12,-1.7069,-0.0277
2014-07-17,2819.96,6.25,82.16,6.20,81.8819,74.79,-1.7668,-0.0498
2014-07-24,2811.67,6.25,82.32,6.20,82.8867,74.47,-2.0975,-0.1717
2014-07-31,2803.38,6.25,82.48,6.20,80.5423,74.15,-1.5934,0.0142
2014-08-07,2813.64,6.25,82.91,6.14,79.619,74.77,-1.2091,0.1558
2014-08-14,2826.98,6.25,83.38,6.07,81.4565,75.54,-1.4740,0.0582
2014-08-21,2840.33,6.25,83.85,6.01,82.9048,76.32,-1.6419,-0.0037
2014-08-28,2853.67,6.25,84.33,5.94,83.1492,77.09,-1.5097,0.0450
2014-09-04,2861.87,6.24,84.83,5.88,83.3211,77.55,-1.4394,0.0710
2014-09-11,2863.20,6.22,85.37,5.83,83.1129,77.57,-1.3809,0.0925
2014-09-18,2864.53,6.20,85.90,5.79,83.7647,77.60,-1.5368,0.0350
2014-09-25,2865.86,6.18,86.44,5.74,81.918,77.63,-1.0699,0.2072
2014-10-02,2867.60,6.16,86.96,5.70,80.9805,77.68,-0.8226,0.2984
2014-10-09,2871.77,6.16,87.39,5.73,80.1795,77.91,-0.5668,0.3927
2014-10-16,2875.95,6.16,87.82,5.75,78.6686,78.13,-0.1340,0.5523
2014-10-23,2880.13,6.16,88.25,5.77,80.853,78.36,-0.6224,0.3722
2014-10-30,2884.31,6.16,88.68,5.79,84.4301,78.58,-1.4579,0.0641
2014-11-06,2894.60,6.16,89.60,5.77,84.2208,79.25,-1.2399,0.1445
2014-11-13,2907.34,6.16,90.72,5.72,84.4301,80.09,-1.0823,0.2026
2014-11-20,2920.08,6.16,91.84,5.67,85.2129,80.93,-1.0676,0.2080
2014-11-27,2932.82,6.16,92.96,5.63,85.8045,81.77,-1.0053,0.2310
2014-12-04,2940.49,6.14,94.04,5.61,85.8773,82.21,-0.9132,0.2650
2014-12-11,2941.39,6.11,95.05,5.63,84.3664,82.12,-0.5588,0.3956
2014-12-18,2942.29,6.08,96.07,5.65,85.6043,82.04,-0.8896,0.2736
2014-12-25,2943.20,6.05,97.08,5.68,86.7955,81.95,-1.2088,0.1560
2015-01-01,2944.10,6.02,98.10,5.70,85.8615,81.86,-0.9983,0.2336
2015-01-08,2958.51,6.02,97.49,5.65,85.596,82.43,-0.7904,0.3102
2015-01-15,2972.91,6.02,96.88,5.61,82.3637,82.99,0.1571,0.6596
2015-01-22,2987.32,6.02,96.27,5.56,85.1839,83.56,-0.4042,0.4526
2015-01-29,3001.73,6.02,95.66,5.52,83.1145,84.13,0.2533,0.6951
2015-02-05,3007.03,6.02,95.06,5.50,85.3029,84.27,-0.2576,0.5067
2015-02-12,3005.50,6.02,94.46,5.50,86.4017,84.09,-0.5772,0.3889
2015-02-19,3003.98,6.02,93.86,5.50,86.4384,83.90,-0.6321,0.3686
2015-02-26,3002.45,6.02,93.26,5.50,86.7314,83.72,-0.7508,0.3248
2015-03-05,3001.93,6.03,93.37,5.49,86.2278,83.80,-0.6056,0.3784
2015-03-12,3002.15,6.04,94.03,5.46,85.0191,84.07,-0.2357,0.5148
2015-03-19,3002.38,6.05,94.68,5.44,85.4952,84.35,-0.2857,0.4963
2015-03-26,3002.61,6.06,95.34,5.42,84.5562,84.62,0.0171,0.6080
2015-04-02,3002.26,6.07,95.73,5.40,85.2746,84.80,-0.1188,0.5579
2015-04-09,2998.48,6.07,94.51,5.43,86.2693,84.36,-0.4762,0.4261
2015-04-16,2994.70,6.07,93.30,5.45,87.1718,83.92,-0.8107,0.3027
2015-04-23,2990.92,6.07,92.09,5.47,87.1258,83.48,-0.9088,0.2666
2015-04-30,2987.14,6.07,90.87,5.50,86.4719,83.04,-0.8553,0.2863
2015-05-07,2993.06,6.07,91.75,5.46,86.5548,83.52,-0.7555,0.3231
2015-05-14,3000.61,6.07,92.96,5.42,87.66,84.16,-0.8722,0.2801
2015-05-21,3008.15,6.07,94.18,5.37,88.2678,84.80,-0.8649,0.2828
2015-05-28,3015.69,6.07,95.40,5.33,87.5771,85.44,-0.5339,0.4048
2015-06-04,3021.43,6.06,95.80,5.29,86.6837,85.79,-0.2225,0.5196
2015-06-11,3024.77,6.06,95.10,5.27,87.5679,85.77,-0.4478,0.4366
2015-06-18,3028.10,6.05,94.40,5.24,87.7981,85.75,-0.5101,0.4136
2015-06-25,3031.44,6.04,93.70,5.22,86.7929,85.73,-0.2644,0.5042
2015-07-02,3034.09,6.04,93.06,5.20,85.8486,85.70,-0.0360,0.5884
2015-07-09,3032.65,6.04,92.79,5.17,84.858,85.63,0.1916,0.6723
2015-07-16,3031.20,6.04,92.52,5.15,87.3576,85.55,-0.4508,0.4355
2015-07-23,3029.76,6.04,92.25,5.13,85.8671,85.47,-0.0986,0.5653
2015-07-30,3028.31,6.04,91.98,5.11,86.0615,85.39,-0.1664,0.5403
2015-08-06,3030.42,6.04,91.14,5.08,85.182,85.36,0.0434,0.6177
2015-08-13,3033.94,6.04,90.08,5.06,85.1264,85.33,0.0518,0.6208
2015-08-20,3037.46,6.04,89.02,5.04,83.0897,85.31,0.5540,0.8059
2015-08-27,3040.98,6.04,87.96,5.02,80.8678,85.29,1.1024,1.0081
2015-09-03,3041.72,6.04,87.39,5.00,79.581,85.20,1.4018,1.1185
2015-09-10,3035.49,6.02,88.04,5.00,79.4236,84.96,1.3798,1.1104
2015-09-17,3029.26,6.01,88.69,5.00,80.7752,84.71,0.9817,0.9636
2015-09-24,3023.03,6.00,89.35,5.00,78.2849,84.47,1.5412,1.1699
2015-10-01,3016.80,5.99,90.00,5.00,78.3117,84.22,1.4733,1.1449
2015-10-08,3031.21,5.99,90.29,5.00,82.5697,84.89,0.5794,0.8153
2015-10-15,3045.61,5.99,90.59,5.00,82.7281,85.57,0.7074,0.8625
2015-10-22,3060.02,5.99,90.88,5.00,83.8462,86.24,0.5961,0.8215
2015-10-29,3074.43,5.99,91.17,5.00,84.4518,86.91,0.6127,0.8275
2015-11-05,3082.45,5.99,91.47,5.00,85.0947,87.31,0.5524,0.8053
2015-11-12,3085.70,5.99,91.78,5.00,82.9517,87.51,1.1360,1.0205
2015-11-19,3088.94,5.99,92.08,5.00,84.5636,87.71,0.7835,0.8906
2015-11-26,3092.18,5.99,92.38,5.00,84.6288,87.90,0.8167,0.9028
2015-12-03,3095.12,5.98,92.56,4.99,83.1287,88.01,1.2162,1.0501
2015-12-10,3097.29,5.96,92.43,4.97,82.8958,87.87,1.2403,1.0590
2015-12-17,3099.45,5.93,92.29,4.95,82.6629,87.74,1.2645,1.0679
2015-12-24,3101.62,5.91,92.15,4.93,83.9472,87.60,0.9104,0.9373
2015-12-31,3103.79,5.88,92.02,4.90,83.0281,87.46,1.1056,1.0093
2016-01-07,3109.48,5.88,91.94,4.90,79.1923,87.66,2.1112,1.3801
2016-01-14,3115.76,5.88,91.87,4.90,78.1419,87.92,2.4364,1.5000
2016-01-21,3122.04,5.88,91.81,4.90,75.7597,88.17,3.0935,1.7422
2016-01-28,3128.31,5.88,91.74,4.90,77.0071,88.42,2.8459,1.6510
2016-02-04,3134.52,5.88,91.63,4.91,78.4701,88.65,2.5374,1.5372
2016-02-11,3140.62,5.88,91.46,4.93,75.0001,88.84,3.4489,1.8733
2016-02-18,3146.73,5.88,91.29,4.96,79.0328,89.02,2.4903,1.5198
2016-02-25,3152.84,5.88,91.12,4.98,80.1114,89.21,2.2680,1.4379
2016-03-03,3160.34,5.87,90.87,5.00,82.3716,89.38,1.7477,1.2460
2016-03-10,3171.31,5.85,90.42,5.00,82.456,89.52,1.7614,1.2511
2016-03-17,3182.28,5.82,89.97,5.00,84.538,89.66,1.2771,1.0725
2016-03-24,3193.26,5.80,89.52,5.00,84.107,89.80,1.4193,1.1249
2016-03-31,3204.23,5.77,89.06,5.00,84.8524,89.94,1.2682,1.0692
2016-04-07,3212.88,5.77,90.14,4.94,83.7107,90.59,1.7139,1.2336
2016-04-14,3221.14,5.77,91.47,4.87,86.013,91.32,1.3222,1.0891
2016-04-21,3229.40,5.77,92.80,4.80,86.7772,92.05,1.3138,1.0861
2016-04-28,3237.66,5.77,94.13,4.73,87.2018,92.78,1.3902,1.1142
2016-05-05,3242.04,5.77,94.55,4.73,85.5695,93.05,1.8657,1.2896
2016-05-12,3243.51,5.77,94.27,4.77,86.0884,92.99,1.7200,1.2358
2016-05-19,3244.97,5.77,94.00,4.82,85.1449,92.92,1.9387,1.3165
2016-05-26,3246.44,5.77,93.73,4.86,87.098,92.86,1.4354,1.1309
2016-06-02,3247.55,5.77,93.38,4.90,87.8057,92.75,1.2324,1.0561
2016-06-09,3246.53,5.75,92.57,4.90,88.4473,92.40,0.9853,0.9650
2016-06-16,3245.50,5.74,91.75,4.90,86.8621,92.05,1.2933,1.0785
2016-06-23,3244.47,5.72,90.93,4.90,88.8356,91.70,0.7142,0.8650
2016-06-30,3243.45,5.71,90.12,4.90,88.1618,91.35,0.7950,0.8948
2016-07-07,3257.64,5.70,89.96,4.90,87.6494,91.90,1.0607,0.9927
2016-07-14,3274.37,5.70,89.92,4.90,90.7811,92.61,0.4555,0.7696
2016-07-21,3291.11,5.70,89.87,4.90,90.5343,93.31,0.6926,0.8570
2016-07-28,3307.84,5.70,89.83,4.90,90.4299,94.02,0.8941,0.9313
2016-08-04,3318.56,5.70,89.94,4.91,89.9365,94.48,1.1324,1.0192
2016-08-11,3321.27,5.70,90.25,4.93,91.0942,94.62,0.8788,0.9257
2016-08-18,3323.98,5.70,90.57,4.95,91.5592,94.76,0.7979,0.8958
2016-08-25,3326.69,5.70,90.88,4.98,90.9139,94.90,0.9937,0.9680
2016-09-01,3329.40,5.70,91.20,5.00,90.9424,95.04,1.0216,0.9783
2016-09-08,3331.06,5.70,90.27,4.98,91.6826,94.91,0.8045,0.8983
2016-09-15,3332.71,5.69,89.33,4.95,89.6802,94.78,1.2711,1.0703
2016-09-22,3334.37,5.69,88.40,4.93,90.7621,94.65,0.9689,0.9589
2016-09-29,3336.03,5.68,87.47,4.91,89.8538,94.52,1.1627,1.0304
2016-10-06,3338.56,5.68,88.26,4.85,90.589,94.86,1.0645,0.9942
2016-10-13,3341.45,5.68,89.75,4.78,89.3477,95.39,1.5060,1.1569
2016-10-20,3344.35,5.68,91.25,4.72,89.7774,95.92,1.5310,1.1661
2016-10-27,3347.24,5.68,92.74,4.65,89.6055,96.45,1.7060,1.2307
2016-11-03,3348.79,5.68,94.09,4.61,88.0968,96.85,2.1826,1.4064
2016-11-10,3346.99,5.68,95.12,4.63,92.7088,96.94,1.0548,0.9905
2016-11-17,3345.19,5.68,96.15,4.65,93.6446,97.03,0.8433,0.9126
2016-11-24,3343.40,5.68,97.17,4.68,94.6568,97.11,0.6127,0.8276
2016-12-01,3341.60,5.68,98.20,4.70,95.2106,97.20,0.4965,0.7847
2016-12-08,3354.27,5.66,98.27,4.72,97.6933,97.59,-0.0266,0.5918
2016-12-15,3366.94,5.65,98.34,4.75,98.1134,97.97,-0.0356,0.5885
2016-12-22,3379.60,5.64,98.40,4.77,98.1514,98.35,0.0507,0.6204
2016-12-29,3392.27,5.62,98.47,4.79,97.5365,98.74,0.2998,0.7122
2017-01-05,3397.09,5.62,98.22,4.79,98.3915,98.84,0.1126,0.6432
2017-01-12,3396.03,5.62,97.72,4.76,98.0169,98.74,0.1796,0.6679
2017-01-19,3394.97,5.62,97.22,4.74,97.3828,98.63,0.3113,0.7164
2017-01-26,3393.91,5.62,96.73,4.72,98.843,98.53,-0.0790,0.5725
2017-02-02,3394.81,5.62,96.32,4.69,97.8151,98.53,0.1779,0.6672
2017-02-09,3407.51,5.62,96.47,4.64,99.0352,99.18,0.0367,0.6152
2017-02-16,3420.21,5.62,96.62,4.59,100.9373,99.84,-0.2744,0.5005
2017-02-23,3432.91,5.62,96.77,4.54,101.8115,100.49,-0.3294,0.4802
2017-03-02,3443.79,5.62,96.90,4.50,102.5512,101.04,-0.3773,0.4626
2017-03-09,3443.72,5.60,96.93,4.47,101.4561,100.95,-0.1268,0.5549
2017-03-16,3443.65,5.59,96.95,4.45,101.9364,100.86,-0.2690,0.5025
2017-03-23,3443.59,5.57,96.97,4.43,99.8325,100.77,0.2330,0.6876
2017-03-30,3443.52,5.56,96.99,4.41,100.891,100.68,-0.0534,0.5820
2017-04-06,3453.40,5.56,97.02,4.38,100.2825,101.10,0.2047,0.6771
2017-04-13,3467.26,5.56,97.04,4.36,98.882,101.74,0.7119,0.8641
2017-04-20,3481.12,5.56,97.06,4.34,99.7802,102.37,0.6460,0.8398
2017-04-27,3494.98,5.56,97.09,4.31,100.8137,103.01,0.5464,0.8031
2017-05-04,3503.00,5.56,96.90,4.30,100.408,103.33,0.7289,0.8704
2017-05-11,3503.22,5.56,96.42,4.30,100.3791,103.25,0.7151,0.8653
2017-05-18,3503.45,5.56,95.95,4.30,98.7275,103.16,1.1059,1.0094
2017-05-25,3503.67,5.56,95.47,4.30,100.4274,103.08,0.6612,0.8455
2017-06-01,3503.90,5.56,95.00,4.30,101.0262,103.00,0.4910,0.7827
2017-06-08,3510.13,5.55,94.63,4.30,100.9682,103.09,0.5289,0.7967
2017-06-15,3516.36,5.54,94.25,4.30,102.2141,103.18,0.2417,0.6908
2017-06-22,3522.59,5.53,93.88,4.30,101.4415,103.28,0.4576,0.7704
2017-06-29,3528.82,5.52,93.51,4.30,101.8109,103.37,0.3889,0.7451
2017-07-06,3535.94,5.51,93.95,4.32,101.6167,103.71,0.5210,0.7938
2017-07-13,3543.41,5.51,94.72,4.34,102.4131,104.14,0.4303,0.7603
2017-07-20,3550.89,5.51,95.48,4.36,102.9569,104.57,0.4026,0.7501
2017-07-27,3558.36,5.51,96.25,4.38,103.2774,105.00,0.4306,0.7604
2017-08-03,3563.72,5.51,96.69,4.39,103.3843,105.31,0.4811,0.7790
2017-08-10,3563.79,5.51,96.31,4.34,101.9955,105.32,0.8278,0.9069
2017-08-17,3563.85,5.51,95.92,4.30,101.2088,105.32,1.0244,0.9794
2017-08-24,3563.92,5.51,95.54,4.25,101.3836,105.32,0.9814,0.9635
2017-08-31,3563.99,5.51,95.15,4.21,102.0731,105.32,0.8100,0.9003
2017-09-07,3569.52,5.51,96.22,4.18,101.5293,105.81,1.0663,0.9948
2017-09-14,3575.96,5.51,97.53,4.16,103.6659,106.37,0.6744,0.8503
2017-09-21,3582.40,5.51,98.83,4.13,104.5303,106.94,0.5996,0.8227
2017-09-28,3588.84,5.51,100.14,4.11,105.2177,107.50,0.5690,0.8114
2017-10-05,3593.52,5.51,100.42,4.10,106.9473,107.77,0.2046,0.6771
2017-10-12,3596.89,5.51,99.92,4.10,106.3121,107.81,0.3742,0.7396
2017-10-19,3600.25,5.51,99.42,4.10,106.8105,107.86,0.2613,0.6980
2017-10-26,3603.62,5.51,98.93,4.10,107.2013,107.90,0.1751,0.6662
2017-11-02,3606.24,5.51,98.41,4.10,107.0157,107.91,0.2240,0.6843
2017-11-09,3604.42,5.51,97.81,4.10,106.5369,107.72,0.2942,0.7101
2017-11-16,3602.60,5.51,97.20,4.10,106.6639,107.52,0.2134,0.6803
2017-11-23,3600.78,5.51,96.59,4.10,107.0645,107.32,0.0643,0.6254
2017-11-30,3598.96,5.51,95.99,4.10,110.2304,107.13,-0.7741,0.3163
2017-12-07,3608.09,5.51,95.86,4.10,110.1327,107.48,-0.6621,0.3575
2017-12-14,3619.04,5.51,95.82,4.10,110.5724,107.92,-0.6614,0.3578
2017-12-21,3629.99,5.51,95.77,4.10,112.9337,108.36,-1.1397,0.1815
2017-12-28,3640.94,5.50,95.73,4.10,113.1807,108.80,-1.0909,0.1994
2018-01-04,3644.03,5.50,96.09,4.10,114.5143,109.00,-1.3749,0.0947
2018-01-11,3636.62,5.50,96.99,4.10,116.2036,108.86,-1.8303,-0.0732
2018-01-18,3629.21,5.50,97.89,4.10,116.8951,108.72,-2.0368,-0.1493
2018-01-25,3621.81,5.50,98.80,4.10,118.5943,108.59,-2.4946,-0.3181
2018-02-01,3614.40,5.50,99.70,4.10,117.5274,108.45,-2.2629,-0.2327
2018-02-08,3627.00,5.50,100.13,4.10,107.4313,109.07,0.4085,0.7523
2018-02-15,3639.60,5.50,100.55,4.10,112.667,109.69,-0.7418,0.3281
2018-02-22,3652.20,5.50,100.98,4.10,110.958,110.31,-0.1611,0.5423
2018-03-01,3664.80,5.50,101.40,4.10,109.5947,110.93,0.3335,0.7246
2018-03-08,3663.92,5.52,100.81,4.05,111.6297,111.02,-0.1530,0.5452
2018-03-15,3663.04,5.54,100.23,4.01,111.5804,111.10,-0.1200,0.5574
2018-03-22,3662.16,5.55,99.64,3.96,108.0893,111.18,0.7710,0.8859
2018-03-29,3661.28,5.57,99.05,3.92,108.6357,111.27,0.6555,0.8434
2018-04-05,3659.97,5.58,98.69,3.89,109.7187,111.26,0.3848,0.7435
2018-04-12,3658.33,5.58,98.51,3.86,109.7386,111.19,0.3630,0.7355
2018-04-19,3656.70,5.58,98.32,3.84,110.5831,111.13,0.1356,0.6516
2018-04-26,3655.07,5.58,98.13,3.82,110.0565,111.06,0.2500,0.6938
2018-05-03,3654.15,5.58,98.01,3.81,107.3342,111.00,0.9145,0.9388
2018-05-10,3655.03,5.58,98.06,3.86,110.6328,110.97,0.0851,0.6330
2018-05-17,3655.91,5.58,98.10,3.90,111.3183,110.95,-0.0929,0.5674
2018-05-24,3656.79,5.58,98.15,3.95,110.8414,110.92,0.0189,0.6086
2018-05-31,3657.67,5.58,98.19,3.99,109.4505,110.89,0.3585,0.7338
2018-06-07,3657.80,5.58,98.20,3.98,111.8449,110.92,-0.2311,0.5164
2018-06-14,3657.80,5.58,98.20,3.96,111.7754,110.96,-0.2041,0.5264
2018-06-21,3657.80,5.58,98.20,3.93,110.4241,111.00,0.1424,0.6541
2018-06-28,3657.80,5.58,98.20,3.91,110.08,111.03,0.2378,0.6893
2018-07-05,3657.80,5.58,98.20,3.90,110.7,111.05,0.0874,0.6339
2018-07-12,3657.80,5.58,98.20,3.90,112.29,111.05,-0.3090,0.4877
2018-07-19,3657.80,5.58,98.20,3.90,112.64,111.05,-0.3962,0.4556
2018-07-26,3657.80,5.58,98.20,3.90,114.17,111.05,-0.7776,0.3150
2018-08-02,3657.80,5.58,98.20,3.90,113.97,111.05,-0.7277,0.3333