Date,M1SL,M1V,REVOLSL,UNRATE,Market Value,Estimate,Sigma,Recommended Percent Stock
2000-06-01,1102.60,9.25,639.16,4.00,41.583149,40.12,-0.3889,0.5452
2000-06-08,1102.81,9.28,640.97,4.00,40.832027,40.53,-0.0812,0.6439
2000-06-15,1103.02,9.31,642.78,4.00,40.091328,40.93,0.2237,0.7418
2000-06-22,1103.23,9.34,644.60,4.00,39.402802,41.33,0.5147,0.8351
2000-06-29,1103.44,9.36,646.41,4.00,39.115768,41.74,0.6986,0.8942
2000-07-06,1102.97,9.37,648.39,4.02,40.128914,41.69,0.4164,0.8036
2000-07-13,1102.22,9.37,650.45,4.04,40.880955,41.47,0.1560,0.7200
2000-07-20,1101.48,9.37,652.50,4.06,40.160244,41.24,0.2882,0.7625
2000-07-27,1100.73,9.37,654.55,4.08,39.251545,41.02,0.4706,0.8210
2000-08-03,1100.17,9.37,656.41,4.09,41.048058,40.85,-0.0537,0.6528
2000-08-10,1100.05,9.37,657.76,4.04,41.497189,40.81,-0.1822,0.6115
2000-08-17,1099.94,9.37,659.11,4.00,41.852318,40.78,-0.2856,0.5783
2000-08-24,1099.83,9.37,660.45,3.95,41.925423,40.75,-0.3138,0.5693
2000-08-31,1099.72,9.37,661.80,3.91,42.384998,40.72,-0.4451,0.5271
2000-09-07,1099.50,9.41,663.19,3.90,42.614777,41.26,-0.3609,0.5542
2000-09-14,1099.27,9.45,664.58,3.90,42.113434,41.90,-0.0560,0.6520
2000-09-21,1099.03,9.49,665.96,3.90,41.27784,42.55,0.3380,0.7784
2000-09-28,1098.80,9.53,667.35,3.90,42.308086,43.19,0.2346,0.7452
2000-10-05,1097.89,9.55,668.73,3.90,41.564194,43.36,0.4779,0.8233
2000-10-12,1096.46,9.55,670.09,3.90,40.296413,43.17,0.7661,0.9158
2000-10-19,1095.04,9.55,671.46,3.90,40.987923,42.98,0.5320,0.8407
2000-10-26,1093.62,9.55,672.82,3.90,41.197487,42.80,0.4264,0.8068
2000-11-02,1092.27,9.55,674.28,3.90,42.727184,42.61,-0.0315,0.6599
2000-11-09,1091.39,9.55,676.30,3.90,42.077591,42.41,0.0891,0.6986
2000-11-16,1090.50,9.55,678.32,3.90,41.543224,42.21,0.1789,0.7274
2000-11-23,1089.61,9.55,680.34,3.90,40.90411,42.02,0.2967,0.7652
2000-11-30,1088.73,9.55,682.36,3.90,40.925045,41.82,0.2385,0.7465
2000-12-07,1090.17,9.54,683.44,3.96,41.574654,41.58,0.0015,0.6704
2000-12-14,1092.00,9.53,684.37,4.03,40.820278,41.33,0.1368,0.7139
2000-12-21,1093.83,9.52,685.30,4.09,41.689133,41.09,-0.1606,0.6185
2000-12-28,1095.65,9.51,686.23,4.16,42.721367,40.84,-0.5015,0.5090
2001-01-04,1097.14,9.50,687.85,4.20,42.942535,40.65,-0.6107,0.4740
2001-01-11,1098.15,9.50,690.38,4.20,43.321732,40.54,-0.7412,0.4321
2001-01-18,1099.17,9.50,692.91,4.20,43.648262,40.43,-0.8577,0.3947
2001-01-25,1100.18,9.50,695.45,4.20,43.858898,40.32,-0.9433,0.3673
2001-02-01,1101.20,9.50,697.98,4.20,44.261684,40.21,-1.0801,0.3234
2001-02-08,1103.15,9.50,699.13,4.23,43.850491,40.22,-0.9682,0.3593
2001-02-15,1105.10,9.50,700.27,4.25,43.304451,40.23,-0.8204,0.4067
2001-02-22,1107.05,9.50,701.42,4.28,41.531559,40.24,-0.3454,0.5591
2001-03-01,1109.00,9.50,702.56,4.30,42.030399,40.24,-0.4761,0.5172
2001-03-08,1110.74,9.49,703.66,4.32,42.542717,40.07,-0.6596,0.4583
2001-03-15,1112.48,9.48,704.77,4.35,39.664299,39.89,0.0610,0.6895
2001-03-22,1114.22,9.47,705.87,4.37,39.35775,39.72,0.0958,0.7007
2001-03-29,1115.95,9.46,706.97,4.39,40.121368,39.54,-0.1546,0.6204
2001-04-05,1116.94,9.46,707.73,4.39,38.959042,39.48,0.1394,0.7147
2001-04-12,1117.36,9.46,708.23,4.36,40.803925,39.51,-0.3451,0.5592
2001-04-19,1117.78,9.46,708.73,4.34,42.236588,39.54,-0.7197,0.4390
2001-04-26,1118.20,9.46,709.23,4.32,43.081314,39.56,-0.9376,0.3691
2001-05-03,1119.00,9.46,709.75,4.31,43.013744,39.59,-0.9139,0.3767
2001-05-10,1120.74,9.46,710.29,4.36,42.446075,39.59,-0.7609,0.4258
2001-05-17,1122.47,9.46,710.84,4.40,44.128792,39.60,-1.2079,0.2824
2001-05-24,1124.21,9.46,711.38,4.45,43.42598,39.60,-1.0189,0.3430
2001-05-31,1125.95,9.46,711.92,4.49,43.250259,39.61,-0.9704,0.3586
2001-06-07,1128.74,9.39,711.18,4.52,43.148903,38.48,-1.2436,0.2709
2001-06-14,1131.70,9.30,710.22,4.54,41.371586,37.17,-1.1202,0.3105
2001-06-21,1134.67,9.22,709.26,4.57,41.709087,35.86,-1.5607,0.1692
2001-06-28,1137.63,9.13,708.30,4.59,41.926117,34.54,-1.9691,0.0381
2001-07-05,1140.35,9.10,707.74,4.64,40.89526,34.02,-1.8323,0.0820
2001-07-12,1142.87,9.10,707.46,4.71,41.471722,34.10,-1.9648,0.0395
2001-07-19,1145.40,9.10,707.19,4.77,41.017323,34.18,-1.8224,0.0852
2001-07-26,1147.93,9.10,706.92,4.84,41.119061,34.26,-1.8283,0.0833
2001-08-02,1151.89,9.10,706.71,4.90,41.342861,34.44,-1.8406,0.0793
2001-08-09,1164.42,9.10,706.84,4.93,40.501896,35.20,-1.4125,0.2167
2001-08-16,1176.95,9.10,706.97,4.95,39.477821,35.97,-0.9355,0.3698
2001-08-23,1189.49,9.10,707.10,4.97,40.189922,36.73,-0.9214,0.3743
2001-08-30,1202.02,9.10,707.23,4.99,38.67754,37.50,-0.3143,0.5691
2001-09-06,1198.93,9.10,706.95,5.05,36.826069,37.20,0.0997,0.7020
2001-09-13,1189.60,9.09,706.52,5.12,36.948135,36.48,-0.1259,0.6296
2001-09-20,1180.27,9.09,706.09,5.19,32.655159,35.75,0.8256,0.9349
2001-09-27,1170.93,9.09,705.66,5.26,35.028843,35.03,-0.0003,0.6699
2001-10-04,1166.11,9.09,706.11,5.32,35.652782,34.57,-0.2889,0.5773
2001-10-11,1167.31,9.09,707.75,5.36,36.560047,34.46,-0.5587,0.4907
2001-10-18,1168.51,9.09,709.38,5.41,35.612827,34.36,-0.3341,0.5628
2001-10-25,1169.70,9.09,711.02,5.45,36.546425,34.26,-0.6109,0.4739
2001-11-01,1170.90,9.09,712.66,5.50,35.844528,34.15,-0.4517,0.5250
2001-11-08,1173.77,9.09,713.17,5.55,36.962124,34.23,-0.7285,0.4362
2001-11-15,1176.64,9.09,713.68,5.59,37.405056,34.31,-0.8255,0.4051
2001-11-22,1179.51,9.09,714.19,5.64,37.779861,34.39,-0.9043,0.3798
2001-11-29,1182.38,9.09,714.70,5.69,37.152916,34.47,-0.7160,0.4402
2001-12-06,1184.39,9.08,714.83,5.70,38.113777,34.48,-0.9698,0.3588
2001-12-13,1186.06,9.07,714.82,5.70,36.641827,34.46,-0.5824,0.4831
2001-12-20,1187.74,9.07,714.80,5.70,37.064327,34.44,-0.7001,0.4453
2001-12-27,1189.41,9.06,714.79,5.70,38.041897,34.42,-0.9659,0.3600
2002-01-03,1190.60,9.06,714.78,5.70,38.712181,34.41,-1.1482,0.3015
2002-01-10,1190.60,9.06,714.79,5.70,37.549446,34.40,-0.8384,0.4009
2002-01-17,1190.60,9.06,714.80,5.70,36.886009,34.40,-0.6617,0.4576
2002-01-24,1190.60,9.06,714.81,5.70,37.200626,34.40,-0.7457,0.4307
2002-01-31,1190.60,9.06,714.82,5.70,36.530346,34.40,-0.5672,0.4880
2002-02-07,1191.18,9.06,715.92,5.70,35.689068,34.36,-0.3534,0.5566
2002-02-14,1191.85,9.06,717.21,5.70,35.901112,34.32,-0.4220,0.5345
2002-02-21,1192.53,9.06,718.49,5.70,35.490719,34.27,-0.3248,0.5658
2002-02-28,1193.20,9.06,719.77,5.70,37.104877,34.23,-0.7673,0.4238
2002-03-07,1192.06,9.07,720.98,5.74,38.554874,34.37,-1.1163,0.3118
2002-03-14,1190.62,9.10,722.17,5.78,38.561703,34.54,-1.0722,0.3259
2002-03-21,1189.17,9.12,723.36,5.83,38.116482,34.71,-0.9076,0.3788
2002-03-28,1187.73,9.14,724.55,5.87,38.370323,34.88,-0.9293,0.3718
2002-04-04,1187.14,9.16,725.54,5.89,37.780315,34.99,-0.7434,0.4314
2002-04-11,1187.70,9.16,726.27,5.87,37.272648,35.01,-0.6026,0.4766
2002-04-18,1188.26,9.16,727.00,5.84,37.993015,35.03,-0.7892,0.4167
2002-04-25,1188.82,9.16,727.74,5.82,36.291618,35.05,-0.3301,0.5640
2002-05-02,1189.42,9.16,728.51,5.80,36.751255,35.07,-0.4485,0.5260
2002-05-09,1190.28,9.16,729.51,5.80,35.934864,35.05,-0.2347,0.5947
2002-05-16,1191.14,9.16,730.52,5.80,37.471607,35.04,-0.6483,0.4619
2002-05-23,1192.00,9.16,731.52,5.80,37.032532,35.03,-0.5351,0.4983
2002-05-30,1192.85,9.16,732.53,5.80,36.469986,35.01,-0.3889,0.5452
2002-06-06,1194.13,9.16,733.39,5.80,35.104759,35.18,0.0208,0.6766
2002-06-13,1195.58,9.18,734.19,5.80,34.281521,35.43,0.3059,0.7681
2002-06-20,1197.03,9.19,735.00,5.80,34.164898,35.67,0.4025,0.7991
2002-06-27,1198.47,9.20,735.80,5.80,34.164406,35.92,0.4683,0.8202
2002-07-04,1198.11,9.21,736.67,5.79,33.985325,35.97,0.5293,0.8398
2002-07-11,1195.33,9.21,737.63,5.77,31.595171,35.76,1.1103,1.0262
2002-07-18,1192.55,9.21,738.58,5.75,28.929541,35.55,1.7646,1.2362
2002-07-25,1189.78,9.21,739.54,5.72,28.44738,35.34,1.8369,1.2594
2002-08-01,1187.00,9.21,740.49,5.70,28.833117,35.13,1.6777,1.2083
2002-08-08,1189.03,9.21,741.13,5.70,30.382904,35.21,1.2876,1.0832
2002-08-15,1191.06,9.21,741.77,5.70,30.98905,35.30,1.1491,1.0387
2002-08-22,1193.10,9.21,742.41,5.70,31.395449,35.39,1.0638,1.0113
2002-08-29,1195.13,9.21,743.05,5.70,30.747971,35.47,1.2595,1.0741
2002-09-05,1197.05,9.20,743.94,5.70,29.96962,35.38,1.4421,1.1327
2002-09-12,1198.90,9.18,745.02,5.70,29.63212,35.15,1.4712,1.1421
2002-09-19,1200.74,9.17,746.09,5.70,27.930794,34.92,1.8639,1.2681
2002-09-26,1202.58,9.15,747.17,5.70,27.54431,34.69,1.9060,1.2816
2002-10-03,1204.27,9.14,748.07,5.71,26.499027,34.53,2.1400,1.3567
2002-10-10,1205.55,9.14,748.51,5.76,27.350492,34.51,1.9087,1.2825
2002-10-17,1206.84,9.14,748.95,5.80,28.935717,34.49,1.4818,1.1455
2002-10-24,1208.13,9.14,749.40,5.85,29.89793,34.48,1.2210,1.0618
2002-10-31,1209.42,9.14,749.84,5.89,30.084845,34.46,1.1669,1.0444
2002-11-07,1211.72,9.14,750.11,5.92,29.717966,34.55,1.2887,1.0835
2002-11-14,1214.19,9.14,750.36,5.94,30.320204,34.66,1.1567,1.0412
2002-11-21,1216.67,9.14,750.60,5.97,31.254736,34.77,0.9362,0.9704
2002-11-28,1219.14,9.14,750.84,5.99,31.365492,34.87,0.9353,0.9701
2002-12-05,1221.12,9.13,751.44,5.97,30.597105,34.78,1.1154,1.0279
2002-12-12,1222.72,9.11,752.31,5.93,29.904869,34.54,1.2351,1.0663
2002-12-19,1224.32,9.09,753.18,5.88,30.230215,34.29,1.0836,1.0177
2002-12-26,1225.93,9.07,754.05,5.84,29.703678,34.05,1.1592,1.0419
2003-01-02,1227.65,9.06,754.91,5.80,30.859251,33.85,0.7980,0.9260
2003-01-09,1230.11,9.06,755.77,5.83,31.569302,33.92,0.6260,0.8708
2003-01-16,1232.57,9.06,756.63,5.85,30.935827,33.98,0.8121,0.9306
2003-01-23,1235.04,9.06,757.49,5.87,29.306887,34.05,1.2637,1.0755
2003-01-30,1237.50,9.06,758.36,5.89,29.063248,34.11,1.3460,1.1019
2003-02-06,1238.43,9.06,758.79,5.90,28.074745,34.13,1.6150,1.1882
2003-02-13,1238.76,9.06,759.05,5.90,27.928564,34.13,1.6547,1.2009
2003-02-20,1239.08,9.06,759.32,5.90,28.548109,34.14,1.4902,1.1482
2003-02-27,1239.41,9.06,759.58,5.90,28.367117,34.14,1.5392,1.1639
2003-03-06,1241.21,9.04,759.83,5.92,27.775419,33.85,1.6202,1.1899
2003-03-13,1243.60,9.01,760.08,5.94,27.691877,33.45,1.5348,1.1625
2003-03-20,1246.00,8.98,760.33,5.96,29.742634,33.04,0.8804,0.9525
2003-03-27,1248.39,8.95,760.58,5.98,28.840506,32.64,1.0133,0.9951
2003-04-03,1251.35,8.93,760.95,6.01,29.385973,32.41,0.8062,0.9287
2003-04-10,1255.74,8.93,761.64,6.03,29.092257,32.61,0.9377,0.9709
2003-04-17,1260.13,8.93,762.33,6.05,29.959433,32.81,0.7598,0.9138
2003-04-24,1264.51,8.93,763.02,6.08,30.330084,33.01,0.7142,0.8992
2003-05-01,1268.90,8.93,763.70,6.10,31.490973,33.21,0.4580,0.8169
2003-05-08,1271.54,8.93,763.73,6.15,31.581902,33.31,0.4605,0.8178
2003-05-15,1274.18,8.93,763.75,6.19,32.281223,33.41,0.3009,0.7665
2003-05-22,1276.83,8.93,763.78,6.24,32.092415,33.51,0.3780,0.7913
2003-05-29,1279.47,8.93,763.80,6.28,33.386173,33.61,0.0598,0.6892
2003-06-05,1281.53,8.93,763.89,6.29,34.351242,33.75,-0.1595,0.6188
2003-06-12,1283.17,8.94,764.03,6.26,34.365223,33.93,-0.1169,0.6325
2003-06-19,1284.80,8.94,764.16,6.24,33.994583,34.10,0.0283,0.6790
2003-06-26,1286.43,8.94,764.29,6.22,33.544353,34.27,0.1946,0.7324
2003-07-03,1288.15,8.94,764.51,6.19,33.930569,34.44,0.1346,0.7132
2003-07-10,1290.10,8.94,764.95,6.17,34.394032,34.56,0.0454,0.6845
2003-07-17,1292.04,8.94,765.39,6.15,34.253586,34.69,0.1172,0.7076
2003-07-24,1293.98,8.94,765.82,6.13,34.478283,34.82,0.0917,0.6994
2003-07-31,1295.92,8.94,766.26,6.10,33.944618,34.95,0.2683,0.7561
2003-08-07,1296.37,8.94,766.27,6.10,33.930569,34.98,0.2810,0.7601
2003-08-14,1296.58,8.94,766.21,6.10,34.471268,35.00,0.1415,0.7154
2003-08-21,1296.78,8.94,766.14,6.10,34.520416,35.02,0.1331,0.7127
2003-08-28,1296.98,8.94,766.08,6.10,34.94175,35.04,0.0254,0.6781
2003-09-04,1297.16,8.95,765.99,6.09,35.278805,35.26,-0.0052,0.6683
2003-09-11,1297.30,8.98,765.87,6.07,35.124317,35.75,0.1680,0.7239
2003-09-18,1297.44,9.00,765.75,6.04,35.475414,36.25,0.2065,0.7362
2003-09-25,1297.58,9.03,765.64,6.02,34.363117,36.75,0.6351,0.8738
2003-10-02,1297.75,9.05,765.52,5.99,35.597675,37.18,0.4228,0.8056
2003-10-09,1298.06,9.05,765.40,5.95,36.070347,37.28,0.3226,0.7735
2003-10-16,1298.38,9.05,765.28,5.90,36.232597,37.38,0.3051,0.7679
2003-10-23,1298.69,9.05,765.16,5.86,35.978642,37.47,0.3986,0.7979
2003-10-30,1299.01,9.05,765.04,5.81,36.73349,37.57,0.2232,0.7416
2003-11-06,1300.30,9.05,765.55,5.78,36.832249,37.66,0.2215,0.7411
2003-11-13,1301.98,9.05,766.31,5.76,36.599434,37.75,0.3078,0.7688
2003-11-20,1303.66,9.05,767.07,5.74,36.147957,37.84,0.4524,0.8152
2003-11-27,1305.34,9.05,767.82,5.71,37.093269,37.94,0.2246,0.7421
2003-12-04,1306.29,9.05,768.49,5.70,37.276684,37.96,0.1813,0.7282
2003-12-11,1306.27,9.04,769.04,5.70,37.833996,37.88,0.0134,0.6743
2003-12-18,1306.25,9.04,769.58,5.70,38.102081,37.81,-0.0773,0.6452
2003-12-25,1306.22,9.04,770.13,5.70,38.907803,37.74,-0.3114,0.5701
2004-01-01,1306.20,9.04,770.67,5.70,39.370564,37.67,-0.4540,0.5243
2004-01-08,1309.68,9.04,771.05,5.68,39.947227,37.90,-0.5460,0.4948
2004-01-15,1313.15,9.04,771.44,5.65,40.509655,38.13,-0.6341,0.4665
2004-01-22,1316.63,9.04,771.82,5.63,40.758831,38.36,-0.6388,0.4650
2004-01-29,1320.11,9.04,772.20,5.61,40.246243,38.59,-0.4403,0.5287
2004-02-05,1322.62,9.04,773.15,5.63,40.516785,38.66,-0.4942,0.5114
2004-02-12,1324.41,9.04,774.54,5.68,40.943939,38.61,-0.6224,0.4703
2004-02-19,1326.19,9.04,775.92,5.72,40.844265,38.56,-0.6101,0.4742
2004-02-26,1327.98,9.04,777.30,5.77,41.015137,38.50,-0.6700,0.4550
2004-03-04,1329.38,9.04,777.85,5.78,41.776913,38.59,-0.8507,0.3970
2004-03-11,1330.26,9.05,777.27,5.74,40.438461,38.85,-0.4225,0.5344
2004-03-18,1331.14,9.05,776.70,5.69,40.367271,39.12,-0.3321,0.5634
2004-03-25,1332.02,9.06,776.13,5.65,39.989933,39.39,-0.1601,0.6186
2004-04-01,1332.90,9.06,775.55,5.60,41.08633,39.66,-0.3811,0.5477
2004-04-08,1333.02,9.06,776.15,5.60,41.250099,39.62,-0.4337,0.5308
2004-04-15,1333.13,9.06,776.74,5.60,40.706867,39.59,-0.2978,0.5744
2004-04-22,1333.25,9.06,777.33,5.60,40.885559,39.56,-0.3543,0.5563
2004-04-29,1333.37,9.06,777.92,5.60,39.734768,39.52,-0.0565,0.6519
2004-05-06,1334.79,9.06,778.35,5.60,39.027126,39.58,0.1486,0.7177
2004-05-13,1336.73,9.06,778.72,5.60,39.191536,39.68,0.1313,0.7121
2004-05-20,1338.67,9.06,779.10,5.60,39.127201,39.78,0.1749,0.7261
2004-05-27,1340.61,9.06,779.47,5.60,40.285156,39.88,-0.1073,0.6355
2004-06-03,1341.91,9.07,780.15,5.59,40.342346,39.97,-0.0989,0.6382
2004-06-10,1341.61,9.07,781.64,5.57,40.821232,40.03,-0.2101,0.6026
2004-06-17,1341.31,9.08,783.12,5.55,40.771202,40.09,-0.1803,0.6121
2004-06-24,1341.00,9.09,784.60,5.52,41.028526,40.16,-0.2325,0.5954
2004-07-01,1340.70,9.10,786.09,5.50,40.542477,40.22,-0.0864,0.6422
2004-07-08,1343.68,9.10,786.30,5.48,40.246281,40.43,0.0490,0.6857
2004-07-15,1346.66,9.10,786.50,5.45,40.095558,40.64,0.1456,0.7167
2004-07-22,1349.64,9.10,786.71,5.43,39.571678,40.85,0.3417,0.7796
2004-07-29,1352.62,9.10,786.92,5.41,40.296513,41.07,0.2049,0.7357
2004-08-05,1354.97,9.10,787.87,5.40,39.105209,41.17,0.5493,0.8463
2004-08-12,1356.85,9.10,789.36,5.40,39.148262,41.18,0.5424,0.8440
2004-08-19,1358.72,9.10,790.86,5.40,40.368282,41.20,0.2216,0.7411
2004-08-26,1360.59,9.10,792.35,5.40,40.705582,41.22,0.1362,0.7137
2004-09-02,1362.19,9.10,793.74,5.40,41.17205,41.24,0.0183,0.6758
2004-09-09,1362.15,9.11,794.45,5.43,41.416054,41.31,-0.0293,0.6606
2004-09-16,1362.10,9.12,795.17,5.45,41.660069,41.37,-0.0769,0.6453
2004-09-23,1362.05,9.12,795.88,5.47,41.35149,41.44,0.0228,0.6773
2004-09-30,1362.01,9.13,796.59,5.50,41.947136,41.50,-0.1186,0.6319
2004-10-07,1364.40,9.13,796.79,5.48,42.059303,41.69,-0.0987,0.6383
2004-10-14,1367.20,9.13,796.90,5.46,41.388943,41.90,0.1352,0.7134
2004-10-21,1370.00,9.13,797.01,5.44,40.653721,42.10,0.3864,0.7940
2004-10-28,1372.80,9.13,797.12,5.41,42.124168,42.31,0.0495,0.6859
2004-11-04,1374.59,9.13,797.42,5.40,43.479298,42.42,-0.2814,0.5797
2004-11-11,1375.03,9.13,797.97,5.40,44.113625,42.41,-0.4531,0.5246
2004-11-18,1375.48,9.13,798.53,5.40,43.681133,42.40,-0.3404,0.5608
2004-11-25,1375.92,9.13,799.08,5.40,44.387512,42.39,-0.5313,0.4995
2004-12-02,1376.02,9.14,799.72,5.40,44.481232,42.47,-0.5369,0.4977
2004-12-09,1374.08,9.18,800.86,5.37,44.430775,43.03,-0.3724,0.5505
2004-12-16,1372.14,9.22,802.01,5.35,44.776752,43.60,-0.3135,0.5694
2004-12-23,1370.20,9.26,803.16,5.33,45.432705,44.17,-0.3373,0.5617
2004-12-30,1368.25,9.30,804.31,5.31,45.324574,44.73,-0.1574,0.6195
2005-01-06,1368.35,9.31,804.55,5.32,44.580078,44.92,0.0905,0.6990
2005-01-13,1369.25,9.31,804.43,5.34,44.435177,44.95,0.1378,0.7142
2005-01-20,1370.15,9.31,804.31,5.36,43.862915,44.98,0.2990,0.7659
2005-01-27,1371.05,9.31,804.19,5.38,44.058506,45.02,0.2555,0.7520
2005-02-03,1371.68,9.31,804.15,5.39,45.347946,45.06,-0.0774,0.6451
2005-02-10,1371.60,9.31,804.28,5.34,45.521805,45.12,-0.1074,0.6355
2005-02-17,1371.53,9.31,804.41,5.29,45.261009,45.18,-0.0215,0.6631
2005-02-24,1371.45,9.31,804.54,5.24,45.637707,45.24,-0.1056,0.6361
2005-03-03,1370.57,9.32,805.02,5.20,45.985424,45.35,-0.1687,0.6159
2005-03-10,1367.68,9.35,806.36,5.20,45.246532,45.59,0.0912,0.6993
2005-03-17,1364.79,9.38,807.69,5.20,44.811882,45.82,0.2700,0.7566
2005-03-24,1361.90,9.41,809.03,5.20,43.949829,46.06,0.5628,0.8506
2005-03-31,1359.01,9.43,810.37,5.20,43.899132,46.30,0.6392,0.8751
2005-04-07,1360.08,9.44,810.29,5.18,44.395824,46.47,0.5542,0.8478
2005-04-14,1361.81,9.44,809.97,5.16,42.819134,46.64,1.0195,0.9971
2005-04-21,1363.53,9.44,809.66,5.13,43.293602,46.81,0.9379,0.9709
2005-04-28,1365.26,9.44,809.35,5.11,43.527191,46.98,0.9205,0.9653
2005-05-05,1367.66,9.44,809.85,5.09,44.096558,47.13,0.8098,0.9298
2005-05-12,1370.58,9.44,810.98,5.06,43.395802,47.28,1.0350,1.0021
2005-05-19,1373.49,9.44,812.10,5.04,44.819214,47.42,0.6939,0.8926
2005-05-26,1376.40,9.44,813.22,5.02,45.111179,47.57,0.6545,0.8800
2005-06-02,1378.53,9.44,814.21,5.00,45.154991,47.74,0.6890,0.8911
2005-06-09,1375.94,9.47,814.38,5.00,45.425079,48.09,0.7101,0.8978
2005-06-16,1373.35,9.50,814.55,5.00,46.330223,48.44,0.5619,0.8503
2005-06-23,1370.76,9.53,814.71,5.00,45.381275,48.79,0.9080,0.9613
2005-06-30,1368.17,9.56,814.88,5.00,45.846031,49.14,0.8772,0.9514
2005-07-07,1369.70,9.56,815.48,4.98,46.395466,49.30,0.7739,0.9183
2005-07-14,1371.91,9.56,816.14,4.96,46.835026,49.43,0.6915,0.8919
2005-07-21,1374.12,9.56,816.80,4.94,46.988876,49.56,0.6854,0.8899
2005-07-28,1376.34,9.56,817.46,4.91,47.091438,49.69,0.6929,0.8923
2005-08-04,1377.63,9.56,818.02,4.91,46.71048,49.74,0.8077,0.9292
2005-08-11,1377.70,9.56,818.43,4.93,46.915604,49.68,0.7376,0.9066
2005-08-18,1377.76,9.56,818.83,4.95,46.607925,49.62,0.8041,0.9280
2005-08-25,1377.83,9.56,819.24,4.98,46.051147,49.57,0.9371,0.9707
2005-09-01,1377.90,9.56,819.65,5.00,46.644558,49.51,0.7634,0.9149
2005-09-08,1377.50,9.59,819.99,5.00,47.472401,50.01,0.6761,0.8869
2005-09-15,1377.11,9.62,820.32,5.00,47.509018,50.51,0.7998,0.9266
2005-09-22,1376.71,9.65,820.65,5.00,46.571289,51.01,1.1832,1.0497
2005-09-29,1376.31,9.68,820.99,5.00,46.981556,51.51,1.2073,1.0574
2005-10-06,1376.20,9.69,821.86,5.00,45.842823,51.60,1.5347,1.1624
2005-10-13,1376.20,9.69,822.94,5.00,45.268871,51.52,1.6677,1.2051
2005-10-20,1376.20,9.69,824.02,5.00,45.00396,51.45,1.7183,1.2213
2005-10-27,1376.20,9.69,825.10,5.00,46.034138,51.37,1.4236,1.1268
2005-11-03,1376.12,9.69,826.12,4.99,46.76997,51.31,1.2099,1.0582
2005-11-10,1375.84,9.69,826.97,4.97,47.483746,51.27,1.0084,0.9936
2005-11-17,1375.56,9.69,827.82,4.95,47.90316,51.22,0.8855,0.9541
2005-11-24,1375.28,9.69,828.67,4.92,48.822956,51.18,0.6291,0.8718
2005-12-01,1375.00,9.69,829.52,4.90,48.602219,51.14,0.6768,0.8871
2005-12-08,1376.33,9.73,840.82,4.85,48.50655,51.15,0.7055,0.8964
2005-12-15,1377.66,9.76,852.13,4.81,48.837688,51.16,0.6204,0.8691
2005-12-22,1379.00,9.80,863.43,4.76,48.602219,51.18,0.6864,0.8902
2005-12-29,1380.33,9.83,874.73,4.72,48.114452,51.19,0.8197,0.9330
2006-01-05,1380.75,9.85,880.31,4.71,49.482826,51.11,0.4347,0.8095
2006-01-12,1380.47,9.85,881.60,4.74,49.630733,50.97,0.3577,0.7848
2006-01-19,1380.20,9.85,882.89,4.76,48.654385,50.83,0.5804,0.8562
2006-01-26,1379.93,9.85,884.18,4.78,49.689922,50.69,0.2667,0.7555
2006-02-02,1379.85,9.85,885.40,4.80,48.957672,50.58,0.4318,0.8085
2006-02-09,1380.93,9.85,886.13,4.77,49.357075,50.63,0.3401,0.7791
2006-02-16,1382.00,9.85,886.87,4.75,50.303833,50.69,0.1026,0.7029
2006-02-23,1383.08,9.85,887.61,4.72,50.49614,50.74,0.0662,0.6912
2006-03-02,1383.93,9.85,888.41,4.70,50.355606,50.84,0.1293,0.7115
2006-03-09,1383.43,9.88,889.61,4.70,50.259434,51.18,0.2452,0.7486
2006-03-16,1382.94,9.90,890.80,4.70,51.361526,51.52,0.0415,0.6833
2006-03-23,1382.44,9.93,891.99,4.70,51.257996,51.86,0.1594,0.7211
2006-03-30,1381.94,9.95,893.19,4.70,50.858582,52.19,0.3561,0.7842
2006-04-06,1382.70,9.96,894.52,4.68,51.245342,52.31,0.2826,0.7607
2006-04-13,1383.96,9.96,895.90,4.66,51.022331,52.33,0.3474,0.7815
2006-04-20,1385.22,9.96,897.29,4.64,52.107616,52.35,0.0634,0.6903
2006-04-27,1386.48,9.96,898.68,4.61,52.494164,52.37,-0.0343,0.6590
2006-05-04,1385.88,9.96,899.28,4.60,53.237469,52.31,-0.2484,0.5903
2006-05-11,1382.81,9.96,898.83,4.60,51.92178,52.14,0.0579,0.6885
2006-05-18,1379.74,9.96,898.38,4.60,50.866241,51.97,0.2948,0.7646
2006-05-25,1376.67,9.96,897.93,4.60,51.408878,51.81,0.1057,0.7039
2006-06-01,1373.60,9.96,897.48,4.60,51.929207,51.64,-0.0775,0.6451
2006-06-08,1372.83,10.00,897.76,4.62,50.345928,52.28,0.5166,0.8357
2006-06-15,1372.06,10.04,898.04,4.65,50.174931,52.93,0.7342,0.9056
2006-06-22,1371.29,10.08,898.32,4.67,49.855316,53.57,0.9915,0.9881
2006-06-29,1370.52,10.12,898.60,4.69,51.323669,54.22,0.7720,0.9177
2006-07-06,1370.57,10.13,899.52,4.70,51.204166,54.36,0.8421,0.9402
2006-07-13,1370.96,10.13,900.71,4.70,49.859623,54.30,1.1852,1.0503
2006-07-20,1371.34,10.13,901.89,4.70,50.053844,54.25,1.1181,1.0288
2006-07-27,1371.73,10.13,903.08,4.70,51.868954,54.19,0.6188,0.8685
2006-08-03,1371.45,10.13,904.18,4.69,51.981003,54.12,0.5690,0.8526
2006-08-10,1369.50,10.13,905.05,4.64,51.204166,54.00,0.7446,0.9089
2006-08-17,1367.56,10.13,905.93,4.60,52.600979,53.88,0.3407,0.7793
2006-08-24,1365.62,10.13,906.81,4.55,52.272324,53.76,0.3969,0.7973
2006-08-31,1363.68,10.13,907.69,4.51,52.81012,53.64,0.2220,0.7412
2006-09-07,1364.68,10.16,908.57,4.48,52.347015,54.12,0.4718,0.8214
2006-09-14,1366.17,10.18,909.46,4.46,53.108921,54.69,0.4213,0.8052
2006-09-21,1367.67,10.21,910.35,4.43,52.981937,55.26,0.6077,0.8650
2006-09-28,1369.16,10.24,911.23,4.41,53.639267,55.83,0.5851,0.8577
2006-10-05,1369.93,10.25,912.35,4.41,54.561127,56.02,0.3880,0.7945
2006-10-12,1370.15,10.25,913.65,4.44,55.40192,55.91,0.1347,0.7132
2006-10-19,1370.38,10.25,914.94,4.46,55.311832,55.80,0.1296,0.7116
2006-10-26,1370.61,10.25,916.24,4.48,55.814793,55.69,-0.0337,0.6592
2006-11-02,1370.69,10.25,917.56,4.50,55.131664,55.58,0.1189,0.7081
2006-11-09,1369.95,10.25,919.09,4.47,55.957417,55.46,-0.1329,0.6273
2006-11-16,1369.20,10.25,920.61,4.45,56.715637,55.34,-0.3667,0.5523
2006-11-23,1368.45,10.25,922.14,4.43,56.685623,55.22,-0.3903,0.5447
2006-11-30,1367.71,10.25,923.66,4.40,56.497948,55.10,-0.3720,0.5506
2006-12-07,1368.88,10.28,924.60,4.44,57.286171,55.51,-0.4722,0.5184
2006-12-14,1370.37,10.31,925.45,4.48,58.051895,56.02,-0.5429,0.4958
2006-12-21,1371.86,10.33,926.30,4.53,57.316196,56.52,-0.2133,0.6015
2006-12-28,1373.35,10.36,927.15,4.57,58.048313,57.02,-0.2750,0.5817
2007-01-04,1373.29,10.38,928.18,4.59,57.534958,57.22,-0.0838,0.6431
2007-01-11,1371.17,10.38,929.48,4.57,58.395596,57.03,-0.3646,0.5530
2007-01-18,1369.05,10.38,930.77,4.55,58.52396,56.84,-0.4502,0.5255
2007-01-25,1366.92,10.38,932.06,4.52,58.36541,56.64,-0.4592,0.5226
2007-02-01,1364.80,10.38,933.36,4.50,59.505386,56.45,-0.8145,0.4086
2007-02-08,1365.50,10.38,934.63,4.48,59.21096,56.44,-0.7376,0.4333
2007-02-15,1366.20,10.38,935.91,4.45,60.003647,56.44,-0.9505,0.3650
2007-02-22,1366.90,10.38,937.19,4.43,59.830013,56.43,-0.9057,0.3793
2007-03-01,1367.60,10.38,938.46,4.40,57.16502,56.43,-0.1967,0.6068
2007-03-08,1370.13,10.40,939.12,4.42,57.972832,56.84,-0.3032,0.5727
2007-03-15,1372.66,10.42,939.78,4.45,57.308468,57.24,-0.0171,0.6645
2007-03-22,1375.19,10.43,940.44,4.47,59.361935,57.65,-0.4556,0.5238
2007-03-29,1377.72,10.45,941.10,4.49,58.584332,58.06,-0.1393,0.6253
2007-04-05,1379.08,10.46,942.62,4.49,59.603306,58.19,-0.3769,0.5490
2007-04-12,1379.57,10.46,944.77,4.46,59.997959,58.11,-0.5042,0.5082
2007-04-19,1380.06,10.46,946.93,4.44,61.34898,58.02,-0.8865,0.3855
2007-04-26,1380.55,10.46,949.09,4.42,61.720867,57.94,-1.0078,0.3466
2007-05-03,1379.93,10.46,950.84,4.41,62.343266,57.78,-1.2154,0.2800
2007-05-10,1376.52,10.46,951.58,4.46,62.555767,57.45,-1.3626,0.2327
2007-05-17,1373.11,10.46,952.33,4.50,63.307171,57.11,-1.6535,0.1394
2007-05-24,1369.70,10.46,953.07,4.55,63.041515,56.77,-1.6732,0.1331
2007-05-31,1366.29,10.46,953.82,4.59,63.846062,56.43,-1.9783,0.0352
2007-06-07,1366.32,10.48,954.80,4.62,62.457108,56.79,-1.5118,0.1849
2007-06-14,1366.93,10.51,955.83,4.64,63.588028,57.26,-1.6859,0.1290
2007-06-21,1367.53,10.54,956.86,4.67,62.358425,57.74,-1.2307,0.2750
2007-06-28,1368.14,10.57,957.88,4.69,62.009289,58.22,-1.0103,0.3458
2007-07-05,1369.38,10.59,959.60,4.69,63.362099,58.42,-1.3180,0.2470
2007-07-12,1371.10,10.59,961.84,4.66,64.216614,58.41,-1.5486,0.1730
2007-07-19,1372.81,10.59,964.07,4.64,63.209503,58.40,-1.2829,0.2583
2007-07-26,1374.53,10.59,966.31,4.62,59.715237,58.39,-0.3541,0.5563
2007-08-02,1375.95,10.59,968.46,4.60,58.853104,58.35,-0.1333,0.6272
2007-08-09,1375.56,10.59,970.10,4.63,59.56266,58.18,-0.3685,0.5517
2007-08-16,1375.18,10.59,971.75,4.65,59.738129,58.01,-0.4614,0.5219
2007-08-23,1374.79,10.59,973.39,4.67,61.164833,57.83,-0.8879,0.3851
2007-08-30,1374.41,10.59,975.03,4.69,60.623161,57.66,-0.7895,0.4166
2007-09-06,1375.07,10.60,976.73,4.70,59.707619,57.85,-0.4952,0.5111
2007-09-13,1376.14,10.62,978.44,4.70,60.996994,58.18,-0.7501,0.4293
2007-09-20,1377.21,10.64,980.16,4.70,62.583908,58.52,-1.0843,0.3220
2007-09-27,1378.29,10.67,981.87,4.70,62.149006,58.85,-0.8795,0.3878
2007-10-04,1378.19,10.68,983.99,4.70,64.119759,58.92,-1.3873,0.2248
2007-10-11,1376.55,10.68,986.63,4.70,64.050652,58.63,-1.4461,0.2059
2007-10-18,1374.90,10.68,989.28,4.70,61.096729,58.34,-0.7359,0.4338
2007-10-25,1373.25,10.68,991.92,4.70,62.761658,58.05,-1.2570,0.2666
2007-11-01,1371.60,10.68,994.57,4.70,61.31155,57.76,-0.9477,0.3659
2007-11-08,1372.35,10.68,996.21,4.77,59.078838,57.59,-0.3983,0.5422
2007-11-15,1373.09,10.68,997.86,4.84,59.124882,57.41,-0.4564,0.5235
2007-11-22,1373.84,10.68,999.51,4.91,58.035381,57.24,-0.2117,0.6020
2007-11-29,1374.59,10.68,1001.15,4.98,60.268093,57.07,-0.8528,0.3963
2007-12-06,1375.78,10.66,1002.66,5.00,60.92028,56.73,-1.1165,0.3117
2007-12-13,1377.16,10.64,1004.11,5.00,59.347385,56.33,-0.8047,0.4118
2007-12-20,1378.54,10.62,1005.55,5.00,59.830746,55.93,-1.0410,0.3359
2007-12-27,1379.92,10.60,1007.00,5.00,59.094196,55.52,-0.9521,0.3645
2008-01-03,1381.01,10.58,1008.48,4.99,56.797951,55.22,-0.4204,0.5351
2008-01-10,1381.39,10.58,1010.04,4.97,56.66674,55.17,-0.3987,0.5420
2008-01-17,1381.78,10.58,1011.60,4.95,53.432838,55.12,0.4503,0.8145
2008-01-24,1382.16,10.58,1013.16,4.93,54.528816,55.07,0.1449,0.7165
2008-01-31,1382.55,10.58,1014.72,4.90,57.901646,55.02,-0.7675,0.4237
2008-02-07,1384.13,10.58,1015.32,4.94,54.876129,55.03,0.0399,0.6828
2008-02-14,1385.92,10.58,1015.76,4.99,55.51675,55.04,-0.1278,0.6290
2008-02-21,1387.70,10.58,1016.20,5.04,55.57851,55.05,-0.1411,0.6247
2008-02-28,1389.49,10.58,1016.65,5.09,54.196945,55.06,0.2303,0.7439
2008-03-06,1390.34,10.59,1017.06,5.08,52.483501,55.16,0.7147,0.8993
2008-03-13,1390.81,10.59,1017.45,5.06,52.051285,55.30,0.8673,0.9483
2008-03-20,1391.29,10.60,1017.85,5.04,54.690907,55.44,0.2009,0.7344
2008-03-27,1391.76,10.60,1018.25,5.02,53.131832,55.58,0.6539,0.8798
2008-04-03,1392.19,10.61,1018.61,5.03,55.864815,55.65,-0.0586,0.6512
2008-04-10,1392.52,10.61,1018.86,5.12,53.851315,55.51,0.4416,0.8117
2008-04-17,1392.85,10.61,1019.12,5.21,55.857025,55.37,-0.1299,0.6283
2008-04-24,1393.17,10.61,1019.38,5.31,56.416752,55.23,-0.3158,0.5686
2008-05-01,1393.50,10.61,1019.64,5.40,57.334133,55.09,-0.5971,0.4784
2008-05-08,1395.40,10.61,1019.57,5.45,55.7715,55.15,-0.1647,0.6171
2008-05-15,1397.29,10.61,1019.49,5.49,57.116444,55.21,-0.5076,0.5071
2008-05-22,1399.19,10.61,1019.42,5.54,54.900829,55.27,0.0989,0.7017
2008-05-29,1401.09,10.61,1019.35,5.58,55.825943,55.33,-0.1320,0.6276
2008-06-05,1403.91,10.58,1019.19,5.63,53.835762,54.92,0.2895,0.7629
2008-06-12,1407.44,10.53,1018.97,5.67,53.470371,54.16,0.1843,0.7291
2008-06-19,1410.96,10.48,1018.75,5.72,51.487991,53.40,0.5101,0.8337
2008-06-26,1414.48,10.42,1018.52,5.77,49.311222,52.64,0.8878,0.9549
2008-07-03,1416.34,10.39,1018.30,5.82,49.003239,52.03,0.8070,0.9289
2008-07-10,1414.01,10.39,1018.09,5.89,48.024738,51.79,1.0046,0.9923
2008-07-17,1411.68,10.39,1017.88,5.95,49.793865,51.56,0.4696,0.8207
2008-07-24,1409.36,10.39,1017.67,6.02,49.637295,51.32,0.4480,0.8137
2008-07-31,1407.03,10.39,1017.46,6.09,50.091343,51.08,0.2636,0.7546
2008-08-07,1417.15,10.39,1016.49,6.10,51.586479,51.79,0.0530,0.6870
2008-08-14,1429.35,10.39,1015.39,6.10,51.539494,52.65,0.2955,0.7648
2008-08-21,1441.54,10.39,1014.29,6.10,50.889782,53.51,0.6987,0.8942
2008-08-28,1453.73,10.39,1013.19,6.10,51.015018,54.37,0.8952,0.9572
2008-09-04,1461.96,10.30,1012.95,6.14,50.02869,53.26,0.8627,0.9468
2008-09-11,1464.90,10.10,1013.86,6.23,50.334,49.53,-0.2147,0.6011
2008-09-18,1467.84,9.89,1014.77,6.33,50.584507,45.79,-1.2776,0.2600
2008-09-25,1470.78,9.69,1015.68,6.42,48.564865,42.06,-1.7351,0.1132
2008-10-02,1474.62,9.51,1016.27,6.51,44.718033,38.94,-1.5410,0.1755
2008-10-09,1483.83,9.51,1014.92,6.58,36.882332,39.52,0.7042,0.8960
2008-10-16,1493.04,9.51,1013.57,6.65,38.002838,40.11,0.5616,0.8502
2008-10-23,1502.25,9.51,1012.22,6.71,35.272564,40.69,1.4456,1.1339
2008-10-30,1511.47,9.51,1010.87,6.78,39.194359,41.28,0.5561,0.8484
2008-11-06,1529.00,9.51,1009.40,6.88,37.363663,42.36,1.3314,1.0972
2008-11-13,1549.86,9.51,1007.89,7.00,34.799122,43.63,2.3547,1.4256
2008-11-20,1570.72,9.51,1006.37,7.12,30.940434,44.91,3.7231,1.8647
2008-11-27,1591.58,9.51,1004.86,7.23,35.564529,46.18,2.8299,1.5781
2008-12-04,1601.93,9.48,1004.24,7.35,35.359371,46.01,2.8395,1.5811
2008-12-11,1598.27,9.38,1004.80,7.46,34.901684,43.92,2.4034,1.4412
2008-12-18,1594.62,9.29,1005.36,7.57,35.130531,41.82,1.7843,1.2425
2008-12-25,1590.96,9.20,1005.92,7.69,34.207283,39.73,1.4723,1.1424
2009-01-01,1587.30,9.11,1006.48,7.80,36.885708,37.64,0.2001,0.7342
2009-01-08,1583.42,9.11,1004.42,7.91,35.130772,37.36,0.5939,0.8606
2009-01-15,1579.53,9.11,1002.36,8.03,32.865295,37.08,1.1239,1.0306
2009-01-22,1575.65,9.11,1000.30,8.14,32.003777,36.80,1.2795,1.0806
2009-01-29,1571.76,9.11,998.24,8.25,31.660769,36.53,1.2969,1.0861
2009-02-05,1571.59,9.11,995.51,8.36,32.913151,36.54,0.9681,0.9806
2009-02-12,1574.19,9.11,992.27,8.46,31.054516,36.79,1.5279,1.1603
2009-02-19,1576.79,9.11,989.04,8.56,28.54973,37.03,2.2601,1.3952
2009-02-26,1579.39,9.11,985.80,8.66,27.504742,37.27,2.6030,1.5053
2009-03-05,1584.62,9.08,983.73,8.74,25.143549,36.92,3.1392,1.6773
2009-03-12,1591.82,9.01,982.51,8.81,28.469952,36.12,2.0407,1.3248
2009-03-19,1599.02,8.94,981.30,8.87,28.972509,35.33,1.6950,1.2139
2009-03-26,1606.23,8.87,980.08,8.94,30.695543,34.54,1.0240,0.9986
2009-04-02,1612.57,8.81,978.67,9.01,32.01078,33.87,0.4964,0.8293
2009-04-09,1613.73,8.81,976.04,9.11,32.905563,33.99,0.2890,0.7627
2009-04-16,1614.90,8.81,973.41,9.20,33.79229,34.11,0.0838,0.6969
2009-04-23,1616.07,8.81,970.78,9.29,33.268307,34.22,0.2547,0.7517
2009-04-30,1617.23,8.81,968.14,9.39,33.623001,34.34,0.1914,0.7314
2009-05-07,1624.83,8.81,966.93,9.42,36.525024,34.87,-0.4424,0.5280
2009-05-14,1633.50,8.81,965.96,9.44,34.308197,35.46,0.3066,0.7684
2009-05-21,1642.17,8.81,964.98,9.46,34.4533,36.05,0.4260,0.8067
2009-05-28,1650.85,8.81,964.00,9.49,35.678596,36.64,0.2573,0.7525
2009-06-04,1655.96,8.80,963.06,9.50,36.12196,36.79,0.1780,0.7271
2009-06-11,1656.33,8.77,962.15,9.50,36.460522,36.34,-0.0321,0.6597
2009-06-18,1656.71,8.74,961.25,9.50,35.372269,35.89,0.1381,0.7143
2009-06-25,1657.08,8.71,960.35,9.50,35.162689,35.44,0.0741,0.6938
2009-07-02,1657.46,8.69,959.28,9.50,34.61837,35.07,0.1216,0.7090
2009-07-09,1657.89,8.69,957.27,9.53,33.757988,35.21,0.3866,0.7940
2009-07-16,1658.32,8.69,955.25,9.55,36.160576,35.34,-0.2184,0.5999
2009-07-23,1658.75,8.69,953.24,9.57,37.759598,35.47,-0.6092,0.4745
2009-07-30,1659.18,8.69,951.22,9.59,38.425175,35.61,-0.7510,0.4290
2009-08-06,1659.95,8.69,949.98,9.63,40.024208,35.69,-1.1567,0.2988
2009-08-13,1660.85,8.69,949.04,9.68,39.75634,35.74,-1.0705,0.3265
2009-08-20,1661.75,8.69,948.10,9.72,40.681675,35.80,-1.3025,0.2520
2009-08-27,1662.65,8.69,947.16,9.77,40.88459,35.85,-1.3418,0.2394
2009-09-03,1664.23,8.69,945.97,9.81,40.137829,35.96,-1.1129,0.3129
2009-09-10,1667.50,8.69,944.15,9.86,41.11187,36.22,-1.3050,0.2512
2009-09-17,1670.77,8.69,942.34,9.91,42.256336,36.47,-1.5425,0.1750
2009-09-24,1674.03,8.68,940.52,9.95,41.055035,36.72,-1.1547,0.2995
2009-10-01,1677.30,8.68,938.70,10.00,40.419937,36.98,-0.9177,0.3755
2009-10-08,1678.41,8.68,935.51,9.98,42.354809,37.31,-1.3463,0.2379
2009-10-15,1679.51,8.68,932.31,9.95,42.844643,37.63,-1.3897,0.2240
2009-10-22,1680.62,8.68,929.12,9.93,42.232342,37.96,-1.1392,0.3044
2009-10-29,1681.73,8.68,925.92,9.91,40.272991,38.29,-0.5295,0.5001
2009-11-05,1683.79,8.68,923.42,9.90,41.530235,38.61,-0.7791,0.4200
2009-11-12,1686.56,8.68,921.44,9.90,42.583401,38.92,-0.9756,0.3569
2009-11-19,1689.34,8.68,919.47,9.90,42.656868,39.24,-0.9108,0.3777
2009-11-26,1692.12,8.68,917.49,9.90,42.575241,39.56,-0.8048,0.4117
2009-12-03,1693.13,8.68,915.63,9.89,43.350811,39.74,-0.9623,0.3612
2009-12-10,1689.72,8.68,914.09,9.87,43.473267,39.60,-1.0334,0.3384
2009-12-17,1686.31,8.68,912.54,9.85,43.309986,39.45,-1.0284,0.3400
2009-12-24,1682.90,8.67,911.00,9.83,43.701859,39.31,-1.1713,0.2941
2009-12-31,1679.49,8.67,909.45,9.80,43.570789,39.16,-1.1749,0.2930
2010-01-07,1683.55,8.67,907.87,9.80,45.083145,39.53,-1.4801,0.1950
2010-01-14,1688.85,8.67,906.27,9.80,44.73793,39.98,-1.2675,0.2633
2010-01-21,1694.16,8.67,904.68,9.80,43.143379,40.44,-0.7217,0.4384
2010-01-28,1699.47,8.67,903.09,9.80,42.666653,40.89,-0.4739,0.5179
2010-02-04,1703.68,8.67,901.77,9.81,42.198154,41.24,-0.2565,0.5877
2010-02-11,1706.43,8.67,900.81,9.84,42.477612,41.44,-0.2760,0.5814
2010-02-18,1709.18,8.67,899.85,9.86,43.825584,41.65,-0.5804,0.4837
2010-02-25,1711.93,8.67,898.89,9.89,43.776276,41.85,-0.5123,0.5056
2010-03-04,1712.15,8.67,897.87,9.90,45.16534,42.00,-0.8439,0.3992
2010-03-11,1709.02,8.68,896.76,9.90,45.600964,42.06,-0.9430,0.3674
2010-03-18,1705.88,8.69,895.66,9.90,46.168095,42.13,-1.0771,0.3243
2010-03-25,1702.74,8.70,894.55,9.90,46.357143,42.19,-1.1105,0.3136
2010-04-01,1699.60,8.71,893.44,9.90,47.034573,42.26,-1.2740,0.2612
2010-04-08,1702.12,8.71,891.43,9.83,47.785881,42.66,-1.3656,0.2318
2010-04-15,1704.64,8.71,889.42,9.76,47.653782,43.07,-1.2217,0.2779
2010-04-22,1707.16,8.71,887.41,9.69,48.685795,43.48,-1.3882,0.2245
2010-04-29,1709.68,8.71,885.41,9.62,47.521694,43.89,-0.9692,0.3590
2010-05-06,1713.38,8.71,883.59,9.57,44.599056,44.33,-0.0717,0.6470
2010-05-13,1717.56,8.71,881.86,9.52,45.556763,44.79,-0.2050,0.6042
2010-05-20,1721.74,8.71,880.13,9.48,43.64962,45.25,0.4255,0.8065
2010-05-27,1725.92,8.71,878.40,9.43,43.756939,45.70,0.5189,0.8365
2010-06-03,1728.31,8.71,876.77,9.40,42.568077,45.94,0.8980,0.9581
2010-06-10,1726.26,8.69,875.42,9.40,43.64962,45.61,0.5222,0.8376
2010-06-17,1724.21,8.68,874.07,9.40,44.61557,45.28,0.1772,0.7269
2010-06-24,1722.15,8.66,872.72,9.40,42.840527,44.95,0.5630,0.8507
2010-07-01,1720.10,8.65,871.36,9.40,40.753929,44.62,1.0319,1.0011
2010-07-08,1726.33,8.65,870.02,9.42,43.102398,45.09,0.5287,0.8396
2010-07-15,1732.56,8.65,868.68,9.45,42.538113,45.55,0.8021,0.9273
2010-07-22,1738.80,8.65,867.33,9.47,43.948849,46.01,0.5488,0.8461
2010-07-29,1745.03,8.65,865.99,9.49,44.139706,46.47,0.6209,0.8692
2010-08-05,1749.91,8.65,864.67,9.50,44.820179,46.86,0.5439,0.8445
2010-08-12,1753.77,8.65,863.36,9.50,43.260071,47.20,1.0503,1.0070
2010-08-19,1757.63,8.65,862.06,9.50,42.787052,47.54,1.2670,1.0765
2010-08-26,1761.49,8.65,860.75,9.50,42.662579,47.88,1.3907,1.1162
2010-09-02,1765.31,8.64,859.42,9.50,44.305683,48.07,1.0038,0.9921
2010-09-09,1768.85,8.58,857.95,9.47,44.496555,47.38,0.7679,0.9164
2010-09-16,1772.40,8.52,856.47,9.45,44.878281,46.68,0.4810,0.8243
2010-09-23,1775.95,8.46,855.00,9.43,45.318096,45.99,0.1787,0.7273
2010-09-30,1779.49,8.41,853.53,9.40,45.590591,45.29,-0.0790,0.6446
2010-10-07,1789.23,8.40,852.70,9.48,46.400982,45.72,-0.1825,0.6114
2010-10-14,1800.00,8.40,851.98,9.57,46.275661,46.32,0.0130,0.6742
2010-10-21,1810.77,8.40,851.26,9.66,46.634907,46.93,0.0794,0.6954
2010-10-28,1821.55,8.40,850.54,9.75,46.50959,47.54,0.2749,0.7582
2010-11-04,1828.68,8.40,849.03,9.75,48.280746,48.10,-0.0473,0.6548
2010-11-11,1830.97,8.40,846.45,9.63,47.228081,48.61,0.3672,0.7878
2010-11-18,1833.25,8.40,843.88,9.52,47.177948,49.11,0.5144,0.8351
2010-11-25,1835.54,8.40,841.31,9.40,46.367554,49.61,0.8644,0.9473
2010-12-02,1838.15,8.39,838.98,9.29,48.080246,49.96,0.5001,0.8305
2010-12-09,1842.71,8.33,838.12,9.25,49.024296,49.37,0.0918,0.6994
2010-12-16,1847.27,8.28,837.26,9.20,49.199745,48.78,-0.1117,0.6341
2010-12-23,1851.84,8.22,836.40,9.16,49.64254,48.19,-0.3864,0.5460
2010-12-30,1856.40,8.17,835.54,9.11,50.084099,47.61,-0.6607,0.4580
2011-01-06,1860.46,8.15,835.04,9.08,50.790096,47.66,-0.8353,0.4020
2011-01-13,1864.32,8.15,834.70,9.06,51.790264,47.96,-1.0200,0.3427
2011-01-20,1868.18,8.15,834.35,9.04,51.61377,48.27,-0.8911,0.3840
2011-01-27,1872.04,8.15,834.00,9.02,51.311188,48.58,-0.7286,0.4362
2011-02-03,1876.07,8.15,833.92,9.00,52.689568,48.87,-1.0187,0.3431
2011-02-10,1880.52,8.15,834.48,9.00,53.395573,49.12,-1.1408,0.3039
2011-02-17,1884.97,8.15,835.04,9.00,54.101589,49.36,-1.2629,0.2647
2011-02-24,1889.42,8.15,835.60,9.00,53.185467,49.61,-0.9525,0.3643
2011-03-03,1893.15,8.14,835.72,9.01,53.143433,49.68,-0.9223,0.3740
2011-03-10,1895.07,8.11,834.75,9.03,52.706379,49.31,-0.9045,0.3797
2011-03-17,1896.99,8.09,833.78,9.05,51.91634,48.94,-0.7926,0.4156
2011-03-24,1898.91,8.06,832.81,9.07,52.790432,48.57,-1.1244,0.3092
2011-03-31,1900.83,8.03,831.84,9.10,53.738129,48.20,-1.4758,0.1964
2011-04-07,1908.54,8.02,832.16,9.08,53.72126,48.63,-1.3582,0.2342
2011-04-14,1917.22,8.02,832.71,9.06,53.248455,49.18,-1.0836,0.3223
2011-04-21,1925.90,8.02,833.25,9.03,53.619934,49.74,-1.0341,0.3381
2011-04-28,1934.58,8.02,833.79,9.01,54.776592,50.30,-1.1939,0.2869
2011-05-05,1940.35,8.02,834.36,9.01,53.712811,50.63,-0.8227,0.4060
2011-05-12,1943.94,8.02,834.94,9.04,53.442638,50.78,-0.7088,0.4425
2011-05-19,1947.53,8.02,835.51,9.06,53.31599,50.94,-0.6331,0.4668
2011-05-26,1951.12,8.02,836.09,9.08,53.231564,51.10,-0.5687,0.4875
2011-06-02,1955.68,8.01,836.56,9.10,51.956718,51.02,-0.2506,0.5896
2011-06-09,1966.01,7.88,836.35,9.07,50.84227,49.50,-0.3574,0.5553
2011-06-16,1976.35,7.76,836.15,9.05,51.036457,47.99,-0.8132,0.4090
2011-06-23,1986.69,7.64,835.94,9.03,50.445461,46.47,-1.0596,0.3300
2011-06-30,1997.02,7.52,835.73,9.00,53.365505,44.96,-2.2421,-0.0495
2011-07-07,2020.49,7.50,835.68,9.00,53.170338,46.16,-1.8693,0.0701
2011-07-14,2046.14,7.50,835.64,9.00,51.973866,47.82,-1.1088,0.3142
2011-07-21,2071.79,7.50,835.61,9.00,52.975163,49.47,-0.9342,0.3702
2011-07-28,2097.44,7.50,835.58,9.00,50.726505,51.13,0.1068,0.7042
2011-08-04,2113.49,7.50,835.70,9.00,46.958931,52.15,1.3849,1.1144
2011-08-11,2116.75,7.50,836.04,9.00,45.821869,52.34,1.7378,1.2276
2011-08-18,2120.00,7.50,836.37,9.00,44.090805,52.53,2.2490,1.3917
2011-08-25,2123.25,7.50,836.70,9.00,45.906723,52.71,1.8146,1.2523
2011-09-01,2126.50,7.50,837.03,9.00,45.703072,52.90,1.9186,1.2856
2011-09-08,2129.49,7.46,837.03,8.95,44.837536,52.42,2.0209,1.3184
2011-09-15,2132.47,7.42,837.03,8.91,47.145611,51.94,1.2770,1.0797
2011-09-22,2135.46,7.38,837.03,8.86,43.691998,51.45,2.0692,1.3340
2011-09-29,2138.45,7.34,837.03,8.81,43.768364,50.97,1.9203,1.2862
2011-10-06,2143.59,7.33,837.81,8.77,44.891373,51.10,1.6564,1.2015
2011-10-13,2149.60,7.33,838.91,8.72,47.351646,51.48,1.1016,1.0235
2011-10-20,2155.60,7.33,840.00,8.68,48.496342,51.86,0.8975,0.9580
2011-10-27,2161.61,7.33,841.10,8.63,50.495327,52.24,0.4657,0.8194
2011-11-03,2165.81,7.33,841.80,8.59,48.949116,52.52,0.9529,0.9758
2011-11-10,2165.51,7.33,841.51,8.57,49.470219,52.56,0.8236,0.9343
2011-11-17,2165.21,7.33,841.21,8.55,47.513954,52.60,1.3547,1.1047
2011-11-24,2164.90,7.33,840.92,8.52,45.190369,52.63,1.9838,1.3066
2011-12-01,2164.60,7.33,840.63,8.50,48.744087,52.67,1.0460,1.0056
2011-12-08,2173.84,7.30,840.63,8.45,49.28228,52.94,0.9750,0.9828
2011-12-15,2183.07,7.28,840.63,8.41,48.017967,53.21,1.3846,1.1143
2011-12-22,2192.31,7.26,840.63,8.36,49.794842,53.48,0.9833,0.9855
2011-12-29,2201.54,7.24,840.64,8.32,49.741219,53.76,1.0702,1.0134
2012-01-05,2206.30,7.23,840.81,8.30,50.842182,53.91,0.8183,0.9326
2012-01-12,2207.70,7.23,841.11,8.30,51.607681,53.98,0.6327,0.8730
2012-01-19,2209.10,7.23,841.41,8.30,52.682838,54.05,0.3646,0.7870
2012-01-26,2210.50,7.23,841.71,8.30,52.459217,54.12,0.4427,0.8120
2012-02-02,2212.33,7.23,841.95,8.30,53.758003,54.23,0.1248,0.7100
2012-02-09,2216.75,7.23,841.87,8.27,53.534378,54.55,0.2716,0.7571
2012-02-16,2221.17,7.23,841.78,8.25,54.48912,54.88,0.1043,0.7034
2012-02-23,2225.58,7.23,841.70,8.22,54.35149,55.21,0.2282,0.7432
2012-03-01,2230.00,7.23,841.61,8.20,54.540726,55.53,0.2649,0.7550
2012-03-08,2234.06,7.21,840.95,8.20,54.66114,55.50,0.2226,0.7414
2012-03-15,2238.13,7.19,840.30,8.20,56.209381,55.46,-0.2005,0.6056
2012-03-22,2242.19,7.17,839.64,8.20,55.891129,55.42,-0.1259,0.6296
2012-03-29,2246.26,7.15,838.98,8.20,55.848125,55.38,-0.1247,0.6300
2012-04-05,2249.19,7.15,839.45,8.20,55.327389,55.39,0.0163,0.6752
2012-04-12,2251.26,7.15,840.75,8.20,54.203373,55.43,0.3275,0.7751
2012-04-19,2253.34,7.15,842.06,8.20,54.704849,55.48,0.2054,0.7359
2012-04-26,2255.42,7.15,843.36,8.20,55.595421,55.52,-0.0205,0.6634
2012-05-03,2258.15,7.15,844.19,8.20,54.203373,55.64,0.3823,0.7926
2012-05-10,2262.50,7.15,843.81,8.20,53.589489,55.94,0.6279,0.8715
2012-05-17,2266.86,7.15,843.43,8.20,51.133957,56.25,1.3645,1.1078
2012-05-24,2271.22,7.15,843.04,8.20,51.920765,56.56,1.2367,1.0668
2012-05-31,2275.58,7.15,842.66,8.20,50.364437,56.87,1.7336,1.2263
2012-06-07,2284.36,7.10,842.20,8.20,52.396309,56.62,1.1267,1.0315
2012-06-14,2293.88,7.05,841.71,8.20,53.234997,56.29,0.8135,0.9310
2012-06-21,2303.40,6.99,841.23,8.20,52.672989,55.95,0.8736,0.9503
2012-06-28,2312.92,6.94,840.75,8.20,54.138447,55.61,0.3932,0.7962
2012-07-05,2320.88,6.92,841.09,8.19,53.608196,55.70,0.5581,0.8491
2012-07-12,2327.68,6.92,842.04,8.16,53.712509,56.11,0.6386,0.8749
2012-07-19,2334.48,6.92,842.99,8.14,53.764668,56.51,0.7330,0.9052
2012-07-26,2341.27,6.92,843.94,8.12,54.859947,56.92,0.5493,0.8462
2012-08-02,2348.45,6.92,844.72,8.09,55.1642,57.37,0.5886,0.8589
2012-08-09,2357.89,6.92,844.52,8.02,55.8857,58.10,0.5895,0.8591
2012-08-16,2367.33,6.92,844.31,7.95,56.268181,58.82,0.6808,0.8884
2012-08-23,2376.76,6.92,844.11,7.89,55.929157,59.55,0.9645,0.9795
2012-08-30,2386.20,6.92,843.90,7.82,55.798771,60.27,1.1925,1.0526
2012-09-06,2394.37,6.88,844.30,7.80,57.293919,60.20,0.7750,0.9187
2012-09-13,2402.02,6.84,844.92,7.80,58.667381,59.81,0.3051,0.7679
2012-09-20,2409.67,6.79,845.55,7.80,58.180584,59.42,0.3312,0.7763
2012-09-27,2417.33,6.74,846.18,7.80,57.189606,59.03,0.4917,0.8278
2012-10-04,2421.82,6.72,846.74,7.79,58.603752,58.82,0.0576,0.6884
2012-10-11,2422.09,6.72,847.21,7.77,57.362076,58.84,0.3937,0.7963
2012-10-18,2422.36,6.72,847.68,7.75,58.052868,58.86,0.2145,0.7388
2012-10-25,2422.63,6.72,848.15,7.72,57.047279,58.88,0.4877,0.8265
2012-11-01,2422.90,6.72,848.62,7.70,57.309605,58.90,0.4228,0.8057
2012-11-08,2431.81,6.72,847.60,7.75,55.831825,59.47,0.9701,0.9813
2012-11-15,2440.73,6.72,846.58,7.79,54.948666,60.05,1.3589,1.1060
2012-11-22,2449.64,6.72,845.56,7.84,56.916107,60.62,0.9876,0.9869
2012-11-29,2458.55,6.72,844.54,7.89,57.195927,61.20,1.0663,1.0121
2012-12-06,2463.42,6.71,844.82,7.92,57.746822,61.36,0.9641,0.9794
2012-12-13,2466.67,6.71,845.62,7.94,57.834259,61.37,0.9421,0.9723
2012-12-20,2469.93,6.70,846.42,7.96,58.253986,61.37,0.8315,0.9368
2012-12-27,2473.18,6.69,847.21,7.98,57.506542,61.38,1.0321,1.0012
2013-01-03,2475.36,6.69,847.98,7.98,60.236969,61.39,0.3069,0.7684
2013-01-10,2474.89,6.69,848.66,7.91,60.413136,61.41,0.2664,0.7555
2013-01-17,2474.42,6.69,849.34,7.85,61.249889,61.44,0.0498,0.6859
2013-01-24,2473.94,6.69,850.02,7.78,62.289207,61.46,-0.2208,0.5991
2013-01-31,2473.47,6.69,850.70,7.71,62.861721,61.49,-0.3670,0.5522
2013-02-07,2475.03,6.69,850.54,7.66,62.967426,61.68,-0.3442,0.5595
2013-02-14,2476.93,6.69,850.23,7.61,63.170006,61.90,-0.3398,0.5609
2013-02-21,2478.83,6.69,849.93,7.56,63.16119,62.11,-0.2790,0.5804
2013-02-28,2480.73,6.69,849.62,7.51,63.16119,62.33,-0.2206,0.5992
2013-03-07,2487.66,6.67,849.44,7.52,64.64093,62.41,-0.5945,0.4792
2013-03-14,2495.43,6.65,849.28,7.54,65.222237,62.46,-0.7352,0.4341
2013-03-21,2503.19,6.62,849.12,7.56,64.949196,62.52,-0.6481,0.4620
2013-03-28,2510.96,6.60,848.95,7.59,65.002045,62.57,-0.6479,0.4621
2013-04-04,2516.93,6.59,849.17,7.59,64.920853,62.69,-0.5935,0.4795
2013-04-11,2520.50,6.59,849.89,7.57,66.239975,62.91,-0.8877,0.3851
2013-04-18,2524.07,6.59,850.60,7.54,64.726082,63.13,-0.4266,0.5331
2013-04-25,2527.64,6.59,851.32,7.52,65.956688,63.34,-0.6973,0.4462
2013-05-02,2530.71,6.59,851.88,7.50,67.054489,63.53,-0.9394,0.3685
2013-05-09,2530.80,6.59,851.45,7.50,67.842453,63.57,-1.1400,0.3042
2013-05-16,2530.89,6.59,851.02,7.50,69.497978,63.60,-1.5720,0.1656
2013-05-23,2530.98,6.59,850.60,7.50,68.834015,63.64,-1.3855,0.2254
2013-05-30,2531.07,6.59,850.17,7.50,68.134598,63.67,-1.1896,0.2883
2013-06-06,2533.33,6.59,850.12,7.47,68.851692,63.86,-1.3317,0.2427
2013-06-13,2536.46,6.59,850.22,7.42,68.214272,64.10,-1.0967,0.3181
2013-06-20,2539.59,6.58,850.32,7.37,66.895126,64.34,-0.6800,0.4518
2013-06-27,2542.71,6.58,850.42,7.33,67.081039,64.59,-0.6646,0.4567
2013-07-04,2545.14,6.58,850.55,7.29,68.493813,64.78,-0.9906,0.3521
2013-07-11,2546.63,6.58,850.72,7.27,70.416702,64.90,-1.4716,0.1978
2013-07-18,2548.12,6.58,850.88,7.25,71.422661,65.02,-1.7082,0.1218
2013-07-25,2549.61,6.58,851.05,7.22,71.235687,65.13,-1.6267,0.1480
2013-08-01,2551.10,6.58,851.21,7.20,71.903374,65.25,-1.7731,0.1010
2013-08-08,2558.46,6.58,851.42,7.20,70.9695,65.71,-1.4013,0.2203
2013-08-15,2565.82,6.58,851.62,7.20,69.5086,66.17,-0.8890,0.3847
2013-08-22,2573.18,6.58,851.82,7.20,69.066,66.63,-0.6482,0.4620
2013-08-29,2580.55,6.58,852.02,7.20,68.216,67.10,-0.2988,0.5741
2013-09-05,2588.78,6.57,852.54,7.20,68.8977,67.34,-0.4154,0.5367
2013-09-12,2597.67,6.54,853.30,7.20,70.1904,67.42,-0.7382,0.4331
2013-09-19,2606.56,6.52,854.06,7.20,71.6777,67.50,-1.1129,0.3128
2013-09-26,2615.45,6.50,854.81,7.20,70.5326,67.59,-0.7858,0.4178
2013-10-03,2621.97,6.48,855.25,7.18,69.5976,67.69,-0.5082,0.5069
2013-10-10,2622.55,6.48,854.87,7.11,70.5237,67.86,-0.7107,0.4419
2013-10-17,2623.14,6.48,854.48,7.05,72.082,68.02,-1.0818,0.3229
2013-10-24,2623.73,6.48,854.10,6.98,72.6073,68.19,-1.1774,0.2922
2013-10-31,2624.32,6.48,853.72,6.91,72.7943,68.36,-1.1828,0.2904
2013-11-07,2632.34,6.48,854.05,6.86,72.6964,68.93,-1.0050,0.3475
2013-11-14,2641.60,6.48,854.50,6.81,74.3348,69.56,-1.2721,0.2618
2013-11-21,2650.87,6.48,854.95,6.77,74.7622,70.20,-1.2164,0.2796
2013-11-28,2660.13,6.48,855.40,6.72,74.9581,70.84,-1.0990,0.3173
2013-12-05,2668.50,6.45,856.07,6.69,73.7471,70.89,-0.7620,0.4255
2013-12-12,2676.20,6.41,856.91,6.66,73.5156,70.50,-0.8028,0.4124
2013-12-19,2683.90,6.36,857.74,6.64,74.8513,70.12,-1.2614,0.2652
2013-12-26,2691.60,6.31,858.58,6.62,76.1954,69.74,-1.7223,0.1173
2014-01-02,2699.15,6.27,859.38,6.60,75.8819,69.46,-1.7132,0.1202
2014-01-09,2705.79,6.27,859.96,6.63,76.1954,69.81,-1.7026,0.1236
2014-01-16,2712.43,6.27,860.55,6.65,76.3118,70.16,-1.6394,0.1439
2014-01-23,2719.06,6.27,861.13,6.67,75.2639,70.52,-1.2658,0.2638
2014-01-30,2725.70,6.27,861.72,6.69,74.0547,70.87,-0.8492,0.3975
2014-02-06,2732.62,6.27,862.18,6.70,73.0426,71.27,-0.4717,0.5186
2014-02-13,2739.64,6.27,862.59,6.70,74.9683,71.70,-0.8720,0.3902
2014-02-20,2746.67,6.27,863.00,6.70,75.5057,72.12,-0.9021,0.3805
2014-02-27,2753.69,6.27,863.41,6.70,76.0342,72.55,-0.9299,0.3716
2014-03-06,2759.43,6.26,864.75,6.64,77.109,72.77,-1.1568,0.2988
2014-03-13,2764.64,6.25,866.47,6.55,76.1148,72.91,-0.8535,0.3961
2014-03-20,2769.86,6.24,868.18,6.45,77.3777,73.06,-1.1519,0.3003
2014-03-27,2775.07,6.23,869.89,6.36,77.1977,73.20,-1.0656,0.3280
2014-04-03,2779.91,6.22,871.31,6.30,78.8818,73.36,-1.4717,0.1977
2014-04-10,2783.81,6.22,871.98,6.30,77.1527,73.57,-0.9563,0.3631
2014-04-17,2787.71,6.22,872.66,6.30,78.4945,73.77,-1.2596,0.2658
2014-04-24,2791.60,6.22,873.34,6.30,78.8728,73.97,-1.3060,0.2509
2014-05-01,2795.50,6.22,874.01,6.30,79.0799,74.18,-1.3067,0.2507
2014-05-08,2803.25,6.22,874.15,6.25,78.8998,74.74,-1.1099,0.3138
2014-05-15,2810.99,6.22,874.28,6.21,78.6296,75.29,-0.8891,0.3847
2014-05-22,2818.74,6.22,874.42,6.16,79.1069,75.85,-0.8676,0.3916
2014-05-29,2826.48,6.22,874.56,6.12,79.9625,76.41,-0.9470,0.3661
2014-06-05,2831.01,6.22,875.33,6.11,80.8495,76.74,-1.0966,0.3181
2014-06-12,2833.14,6.23,876.57,6.14,80.5659,76.89,-0.9805,0.3553
2014-06-19,2835.26,6.24,877.81,6.16,82.0248,77.04,-1.3291,0.2435
2014-06-26,2837.38,6.25,879.05,6.18,81.7733,77.19,-1.2216,0.2780
2014-07-03,2836.53,6.25,880.01,6.20,82.5879,77.14,-1.4519,0.2041
2014-07-10,2828.25,6.25,880.27,6.20,81.9634,76.59,-1.4326,0.2103
2014-07-17,2819.96,6.25,880.52,6.20,81.8819,76.04,-1.5580,0.1700
2014-07-24,2811.67,6.25,880.78,6.20,82.8867,75.49,-1.9731,0.0368
2014-07-31,2803.38,6.25,881.03,6.20,80.5423,74.93,-1.4952,0.1902
2014-08-07,2813.64,6.25,881.24,6.14,79.619,75.67,-1.0531,0.3320
2014-08-14,2826.98,6.25,881.43,6.07,81.4565,76.62,-1.2899,0.2561
2014-08-21,2840.33,6.25,881.62,6.01,82.9048,77.57,-1.4230,0.2134
2014-08-28,2853.67,6.25,881.81,5.94,83.1492,78.52,-1.2351,0.2737
2014-09-04,2861.87,6.24,882.15,5.88,83.3211,78.93,-1.1694,0.2947
2014-09-11,2863.20,6.22,882.69,5.83,83.1129,78.65,-1.1912,0.2877
2014-09-18,2864.53,6.20,883.22,5.79,83.7647,78.36,-1.4422,0.2072
2014-09-25,2865.86,6.18,883.76,5.74,81.918,78.07,-1.0271,0.3404
2014-10-02,2867.60,6.16,884.24,5.70,80.9805,77.85,-0.8348,0.4021
2014-10-09,2871.77,6.16,884.39,5.73,80.1795,78.07,-0.5613,0.4898
2014-10-16,2875.95,6.16,884.54,5.75,78.6686,78.30,-0.0986,0.6383
2014-10-23,2880.13,6.16,884.70,5.77,80.853,78.52,-0.6211,0.4707
2014-10-30,2884.31,6.16,884.85,5.79,84.4301,78.75,-1.5149,0.1839
2014-11-06,2894.60,6.16,885.60,5.77,84.2208,79.40,-1.2852,0.2576
2014-11-13,2907.34,6.16,886.58,5.72,84.4301,80.22,-1.1215,0.3101
2014-11-20,2920.08,6.16,887.57,5.67,85.2129,81.05,-1.1108,0.3135
2014-11-27,2932.82,6.16,888.56,5.63,85.8045,81.87,-1.0490,0.3334
2014-12-04,2940.49,6.14,889.25,5.61,85.8773,82.10,-1.0061,0.3471
2014-12-11,2941.39,6.11,889.54,5.63,84.3664,81.55,-0.7505,0.4291
2014-12-18,2942.29,6.08,889.83,5.65,85.6043,81.00,-1.2278,0.2760
2014-12-25,2943.20,6.05,890.12,5.68,86.7955,80.45,-1.6927,0.1268
2015-01-01,2944.10,6.02,890.41,5.70,85.8615,79.89,-1.5909,0.1595
2015-01-08,2958.51,6.02,890.51,5.65,85.596,80.88,-1.2563,0.2669
2015-01-15,2972.91,6.02,890.62,5.61,82.3637,81.87,-0.1307,0.6281
2015-01-22,2987.32,6.02,890.72,5.56,85.1839,82.86,-0.6187,0.4714
2015-01-29,3001.73,6.02,890.83,5.52,83.1145,83.85,0.1969,0.7331
2015-02-05,3007.03,6.02,891.68,5.50,85.3029,84.17,-0.3033,0.5726
2015-02-12,3005.50,6.02,893.08,5.50,86.4017,83.97,-0.6484,0.4619
2015-02-19,3003.98,6.02,894.48,5.50,86.4384,83.77,-0.7103,0.4420
2015-02-26,3002.45,6.02,895.88,5.50,86.7314,83.58,-0.8406,0.4002
2015-03-05,3001.93,6.03,897.31,5.49,86.2278,83.57,-0.7078,0.4428
2015-03-12,3002.15,6.04,898.77,5.46,85.0191,83.71,-0.3491,0.5579
2015-03-19,3002.38,6.05,900.23,5.44,85.4952,83.85,-0.4396,0.5289
2015-03-26,3002.61,6.06,901.70,5.42,84.5562,83.98,-0.1528,0.6209
2015-04-02,3002.26,6.07,903.02,5.40,85.2746,84.06,-0.3251,0.5657
2015-04-09,2998.48,6.07,903.54,5.43,86.2693,83.74,-0.6742,0.4536
2015-04-16,2994.70,6.07,904.05,5.45,87.1718,83.43,-0.9987,0.3495
2015-04-23,2990.92,6.07,904.56,5.47,87.1258,83.11,-1.0703,0.3265
2015-04-30,2987.14,6.07,905.08,5.50,86.4719,82.80,-0.9798,0.3556
2015-05-07,2993.06,6.07,906.24,5.46,86.5548,83.15,-0.9074,0.3788
2015-05-14,3000.61,6.07,907.52,5.42,87.66,83.62,-1.0779,0.3241
2015-05-21,3008.15,6.07,908.79,5.37,88.2678,84.08,-1.1157,0.3120
2015-05-28,3015.69,6.07,910.07,5.33,87.5771,84.55,-0.8073,0.4109
2015-06-04,3021.43,6.06,911.19,5.29,86.6837,84.84,-0.4906,0.5126
2015-06-11,3024.77,6.06,912.12,5.27,87.5679,84.91,-0.7085,0.4426
2015-06-18,3028.10,6.05,913.05,5.24,87.7981,84.98,-0.7521,0.4286
2015-06-25,3031.44,6.04,913.98,5.22,86.7929,85.04,-0.4664,0.5203
2015-07-02,3034.09,6.04,914.87,5.20,85.8486,85.09,-0.2034,0.6047
2015-07-09,3032.65,6.04,915.55,5.17,84.858,84.98,0.0325,0.6804
2015-07-16,3031.20,6.04,916.22,5.15,87.3576,84.87,-0.6622,0.4575
2015-07-23,3029.76,6.04,916.89,5.13,85.8671,84.77,-0.2930,0.5759
2015-07-30,3028.31,6.04,917.57,5.11,86.0615,84.66,-0.3731,0.5503
2015-08-06,3030.42,6.04,918.74,5.08,85.182,84.75,-0.1150,0.6331
2015-08-13,3033.94,6.04,920.11,5.06,85.1264,84.92,-0.0560,0.6520
2015-08-20,3037.46,6.04,921.48,5.04,83.0897,85.08,0.5313,0.8405
2015-08-27,3040.98,6.04,922.85,5.02,80.8678,85.25,1.1680,1.0448
2015-09-03,3041.72,6.04,923.98,5.00,79.581,85.18,1.4934,1.1492
2015-09-10,3035.49,6.02,924.51,5.00,79.4236,84.54,1.3629,1.1073
2015-09-17,3029.26,6.01,925.03,5.00,80.7752,83.89,0.8301,0.9363
2015-09-24,3023.03,6.00,925.56,5.00,78.2849,83.24,1.3216,1.0941
2015-10-01,3016.80,5.99,926.08,5.00,78.3117,82.60,1.1420,1.0364
2015-10-08,3031.21,5.99,927.37,5.00,82.5697,83.43,0.2306,0.7440
2015-10-15,3045.61,5.99,928.65,5.00,82.7281,84.27,0.4122,0.8022
2015-10-22,3060.02,5.99,929.94,5.00,83.8462,85.11,0.3379,0.7784
2015-10-29,3074.43,5.99,931.23,5.00,84.4518,85.95,0.4003,0.7984
2015-11-05,3082.45,5.99,928.59,5.00,85.0947,86.65,0.4156,0.8033
2015-11-12,3085.70,5.99,923.03,5.00,82.9517,87.25,1.1457,1.0376
2015-11-19,3088.94,5.99,917.46,5.00,84.5636,87.84,0.8748,0.9507
2015-11-26,3092.18,5.99,911.89,5.00,84.6288,88.44,1.0162,0.9961
2015-12-03,3095.12,5.98,908.12,4.99,83.1287,88.77,1.5042,1.1527
2015-12-10,3097.29,5.96,908.84,4.97,82.8958,88.44,1.4774,1.1441
2015-12-17,3099.45,5.93,909.56,4.95,82.6629,88.10,1.4506,1.1354
2015-12-24,3101.62,5.91,910.28,4.93,83.9472,87.77,1.0193,0.9970
2015-12-31,3103.79,5.88,910.99,4.90,83.0281,87.44,1.1754,1.0471
2016-01-07,3109.48,5.88,911.48,4.90,79.1923,87.71,2.2707,1.3986
2016-01-14,3115.76,5.88,911.93,4.90,78.1419,88.08,2.6504,1.5204
2016-01-21,3122.04,5.88,912.38,4.90,75.7597,88.46,3.3851,1.7562
2016-01-28,3128.31,5.88,912.83,4.90,77.0071,88.83,3.1521,1.6814
2016-02-04,3134.52,5.88,914.19,4.91,78.4701,89.12,2.8393,1.5811
2016-02-11,3140.62,5.88,916.77,4.93,75.0001,89.30,3.8120,1.8932
2016-02-18,3146.73,5.88,919.35,4.96,79.0328,89.48,2.7843,1.5634
2016-02-25,3152.84,5.88,921.93,4.98,80.1114,89.65,2.5443,1.4864
2016-03-03,3160.34,5.87,924.00,5.00,82.3716,89.84,1.9905,1.3087
2016-03-10,3171.31,5.85,924.78,5.00,82.456,90.03,2.0201,1.3182
2016-03-17,3182.28,5.82,925.57,5.00,84.538,90.23,1.5171,1.1568
2016-03-24,3193.26,5.80,926.36,5.00,84.107,90.42,1.6841,1.2104
2016-03-31,3204.23,5.77,927.15,5.00,84.8524,90.62,1.5374,1.1633
2016-04-07,3212.88,5.77,928.03,4.94,83.7107,91.14,1.9809,1.3056
2016-04-14,3221.14,5.77,928.92,4.87,86.013,91.72,1.5207,1.1579
2016-04-21,3229.40,5.77,929.82,4.80,86.7772,92.29,1.4705,1.1418
2016-04-28,3237.66,5.77,930.71,4.73,87.2018,92.87,1.5109,1.1548
2016-05-05,3242.04,5.77,932.05,4.73,85.5695,93.06,1.9983,1.3112
2016-05-12,3243.51,5.77,933.72,4.77,86.0884,92.98,1.8361,1.2592
2016-05-19,3244.97,5.77,935.39,4.82,85.1449,92.89,2.0639,1.3322
2016-05-26,3246.44,5.77,937.05,4.86,87.098,92.80,1.5193,1.1575
2016-06-02,3247.55,5.77,938.63,4.90,87.8057,92.66,1.2945,1.0854
2016-06-09,3246.53,5.75,939.63,4.90,88.4473,92.25,1.0135,0.9952
2016-06-16,3245.50,5.74,940.63,4.90,86.8621,91.84,1.3262,1.0955
2016-06-23,3244.47,5.72,941.63,4.90,88.8356,91.42,0.6901,0.8914
2016-06-30,3243.45,5.71,942.63,4.90,88.1618,91.01,0.7598,0.9138
2016-07-07,3257.64,5.70,943.84,4.90,87.6494,91.80,1.1074,1.0253
2016-07-14,3274.37,5.70,945.08,4.90,90.7811,92.80,0.5371,0.8423
2016-07-21,3291.11,5.70,946.32,4.90,90.5343,93.79,0.8675,0.9483
2016-07-28,3307.84,5.70,947.57,4.90,90.4299,94.78,1.1599,1.0422
2016-08-04,3318.56,5.70,948.65,4.91,89.9365,95.38,1.4517,1.1358
2016-08-11,3321.27,5.70,949.53,4.93,91.0942,95.46,1.1644,1.0436
2016-08-18,3323.98,5.70,950.40,4.95,91.5592,95.54,1.0617,1.0107
2016-08-25,3326.69,5.70,951.28,4.98,90.9139,95.62,1.2551,1.0727
2016-09-01,3329.40,5.70,952.15,5.00,90.9424,95.70,1.2688,1.0771
2016-09-08,3331.06,5.70,952.78,4.98,91.6826,95.69,1.0692,1.0131
2016-09-15,3332.71,5.69,953.41,4.95,89.6802,95.68,1.6009,1.1837
2016-09-22,3334.37,5.69,954.04,4.93,90.7621,95.68,1.3103,1.0904
2016-09-29,3336.03,5.68,954.67,4.91,89.8538,95.67,1.5503,1.1674
2016-10-06,3338.56,5.68,956.90,4.85,90.589,95.73,1.3707,1.1098
2016-10-13,3341.45,5.68,959.77,4.78,89.3477,95.82,1.7254,1.2237
2016-10-20,3344.35,5.68,962.64,4.72,89.7774,95.91,1.6347,1.1945
2016-10-27,3347.24,5.68,965.50,4.65,89.6055,96.00,1.7044,1.2169
2016-11-03,3348.79,5.68,967.68,4.61,88.0968,96.01,2.1099,1.3470
2016-11-10,3346.99,5.68,968.11,4.63,92.7088,95.83,0.8319,0.9369
2016-11-17,3345.19,5.68,968.55,4.65,93.6446,95.65,0.5340,0.8413
2016-11-24,3343.40,5.68,968.99,4.68,94.6568,95.47,0.2158,0.7392
2016-12-01,3341.60,5.68,969.42,4.70,95.2106,95.28,0.0198,0.6763
2016-12-08,3354.27,5.66,969.95,4.72,97.6933,95.78,-0.5102,0.5063
2016-12-15,3366.94,5.65,970.48,4.75,98.1134,96.27,-0.4903,0.5126
2016-12-22,3379.60,5.64,971.01,4.77,98.1514,96.77,-0.3686,0.5517
2016-12-29,3392.27,5.62,971.53,4.79,97.5365,97.26,-0.0728,0.6466
2017-01-05,3397.09,5.62,972.46,4.79,98.3915,97.41,-0.2624,0.5858
2017-01-12,3396.03,5.62,973.69,4.76,98.0169,97.29,-0.1945,0.6076
2017-01-19,3394.97,5.62,974.92,4.74,97.3828,97.17,-0.0573,0.6516
2017-01-26,3393.91,5.62,976.15,4.72,98.843,97.05,-0.4786,0.5164
2017-02-02,3394.81,5.62,977.32,4.69,97.8151,97.07,-0.1999,0.6058
2017-02-09,3407.51,5.62,978.11,4.64,99.0352,97.90,-0.3014,0.5733
2017-02-16,3420.21,5.62,978.90,4.59,100.9373,98.74,-0.5847,0.4823
2017-02-23,3432.91,5.62,979.69,4.54,101.8115,99.58,-0.5940,0.4794
2017-03-02,3443.79,5.62,980.40,4.50,102.5512,100.27,-0.6084,0.4748
2017-03-09,3443.72,5.60,980.66,4.47,101.4561,100.03,-0.3792,0.5483
2017-03-16,3443.65,5.59,980.92,4.45,101.9364,99.80,-0.5700,0.4871
2017-03-23,3443.59,5.57,981.18,4.43,99.8325,99.56,-0.0719,0.6469
2017-03-30,3443.52,5.56,981.44,4.41,100.891,99.33,-0.4169,0.5362
2017-04-06,3453.40,5.56,982.64,4.38,100.2825,99.84,-0.1168,0.6325
2017-04-13,3467.26,5.56,984.23,4.36,98.882,100.66,0.4748,0.8223
2017-04-20,3481.12,5.56,985.82,4.34,99.7802,101.48,0.4536,0.8155
2017-04-27,3494.98,5.56,987.41,4.31,100.8137,102.30,0.3962,0.7971
2017-05-04,3503.00,5.56,988.62,4.30,100.408,102.75,0.6251,0.8706
2017-05-11,3503.22,5.56,989.33,4.30,100.3791,102.72,0.6236,0.8701
2017-05-18,3503.45,5.56,990.04,4.30,98.7275,102.68,1.0547,1.0084
2017-05-25,3503.67,5.56,990.75,4.30,100.4274,102.65,0.5923,0.8600
2017-06-01,3503.90,5.56,991.46,4.30,101.0262,102.61,0.4234,0.8058
2017-06-08,3510.13,5.55,991.89,4.30,100.9682,102.80,0.4879,0.8265
2017-06-15,3516.36,5.54,992.33,4.30,102.2141,102.98,0.2048,0.7357
2017-06-22,3522.59,5.53,992.77,4.30,101.4415,103.17,0.4598,0.8175
2017-06-29,3528.82,5.52,993.20,4.30,101.8109,103.35,0.4104,0.8017
2017-07-06,3535.94,5.51,994.13,4.32,101.6167,103.67,0.5465,0.8453
2017-07-13,3543.41,5.51,995.26,4.34,102.4131,104.04,0.4327,0.8088
2017-07-20,3550.89,5.51,996.39,4.36,102.9569,104.41,0.3863,0.7939
2017-07-27,3558.36,5.51,997.51,4.38,103.2774,104.78,0.3993,0.7981
2017-08-03,3563.72,5.51,998.65,4.39,103.3843,105.04,0.4406,0.8114
2017-08-10,3563.79,5.51,999.81,4.34,101.9955,105.03,0.8087,0.9295
2017-08-17,3563.85,5.51,1000.97,4.30,101.2088,105.02,1.0163,0.9961
2017-08-24,3563.92,5.51,1002.13,4.25,101.3836,105.01,0.9675,0.9804
2017-08-31,3563.99,5.51,1003.30,4.21,102.0731,105.00,0.7815,0.9208
2017-09-07,3569.52,5.51,1004.96,4.18,101.5293,105.27,0.9986,0.9904
2017-09-14,3575.96,5.51,1006.70,4.16,103.6659,105.59,0.5133,0.8347
2017-09-21,3582.40,5.51,1008.45,4.13,104.5303,105.91,0.3672,0.7878
2017-09-28,3588.84,5.51,1010.19,4.11,105.2177,106.22,0.2683,0.7561
2017-10-05,3593.52,5.51,1012.54,4.10,106.9473,106.37,-0.1532,0.6208
2017-10-12,3596.89,5.51,1015.34,4.10,106.3121,106.40,0.0221,0.6771
2017-10-19,3600.25,5.51,1018.14,4.10,106.8105,106.42,-0.1048,0.6364
2017-10-26,3603.62,5.51,1020.94,4.10,107.2013,106.44,-0.2030,0.6048
2017-11-02,3606.24,5.51,1023.51,4.10,107.0157,106.43,-0.1561,0.6199
2017-11-09,3604.42,5.51,1024.73,4.10,106.5369,106.23,-0.0822,0.6436
2017-11-16,3602.60,5.51,1025.95,4.10,106.6639,106.03,-0.1698,0.6155
2017-11-23,3600.78,5.51,1027.16,4.10,107.0645,105.83,-0.3304,0.5640
2017-11-30,3598.96,5.51,1028.38,4.10,110.2304,105.62,-1.2282,0.2758
2017-12-07,3608.09,5.51,1028.70,4.10,110.1327,106.16,-1.0580,0.3305
2017-12-14,3619.04,5.51,1028.88,4.10,110.5724,106.83,-0.9979,0.3497
2017-12-21,3629.99,5.51,1029.06,4.10,112.9337,107.49,-1.4502,0.2046
2017-12-28,3640.94,5.50,1029.24,4.10,113.1807,108.16,-1.3388,0.2404
2018-01-04,3644.03,5.50,1029.36,4.10,114.5143,108.33,-1.6480,0.1411
2018-01-11,3636.62,5.50,1029.40,4.10,116.2036,107.85,-2.2265,-0.0445
2018-01-18,3629.21,5.50,1029.45,4.10,116.8951,107.37,-2.5390,-0.1448
2018-01-25,3621.81,5.50,1029.49,4.10,118.5943,106.89,-3.1202,-0.3313
2018-02-01,3614.40,5.50,1029.54,4.10,117.5274,106.41,-2.9638,-0.2811
2018-02-08,3627.00,5.50,1029.27,4.10,107.4313,107.24,-0.0506,0.6537
2018-02-15,3639.60,5.50,1029.00,4.10,112.667,108.07,-1.2250,0.2769
2018-02-22,3652.20,5.50,1028.73,4.10,110.958,108.90,-0.5478,0.4942
2018-03-01,3664.80,5.50,1028.47,4.10,109.5947,109.73,0.0372,0.6819
2018-03-08,3663.92,5.52,1028.72,4.05,111.6297,110.04,-0.4245,0.5337
2018-03-15,3663.04,5.54,1028.96,4.01,111.5804,110.34,-0.3305,0.5639
2018-03-22,3662.16,5.55,1029.21,3.96,108.0893,110.64,0.6811,0.8885
2018-03-29,3661.28,5.57,1029.46,3.92,108.6357,110.95,0.6163,0.8677
2018-04-05,3659.97,5.58,1030.86,3.89,109.7187,110.95,0.3274,0.7750
2018-04-12,3658.33,5.58,1033.14,3.86,109.7386,110.72,0.2613,0.7538
2018-04-19,3656.70,5.58,1035.41,3.84,110.5831,110.49,-0.0247,0.6621
2018-04-26,3655.07,5.58,1037.69,3.82,110.0565,110.26,0.0549,0.6876
2018-05-03,3654.15,5.58,1039.31,3.81,107.3342,110.10,0.7364,0.9063
2018-05-10,3655.03,5.58,1039.31,3.86,110.6328,110.09,-0.1460,0.6231
2018-05-17,3655.91,5.58,1039.31,3.90,111.3183,110.07,-0.3318,0.5635
2018-05-24,3656.79,5.58,1039.31,3.95,110.8414,110.06,-0.2077,0.6033
2018-05-31,3657.67,5.58,1039.31,3.99,109.4505,110.05,0.1601,0.7213
2018-06-07,3657.80,5.58,1039.31,3.98,111.8449,110.08,-0.4707,0.5189
2018-06-14,3657.80,5.58,1039.31,3.96,111.7754,110.11,-0.4428,0.5279
2018-06-21,3657.80,5.58,1039.31,3.93,110.4241,110.15,-0.0731,0.6465
2018-06-28,3657.80,5.58,1039.31,3.91,110.08,110.19,0.0280,0.6790
2018-07-05,3657.80,5.58,1039.31,3.90,110.7,110.20,-0.1333,0.6272
2018-07-12,3657.80,5.58,1039.31,3.90,112.29,110.20,-0.5572,0.4912
2018-07-19,3657.80,5.58,1039.31,3.90,112.64,110.20,-0.6505,0.4612
2018-07-26,3657.80,5.58,1039.31,3.90,114.17,110.20,-1.0584,0.3303
2018-08-02,3657.80,5.58,1039.31,3.90,113.97,110.20,-1.0051,0.3475